solver,topology,scenario,scheduler,num_agents,seed,is_baseline,avg_throughput,total_tasks,unassigned_ratio,wait_ratio,fault_tolerance,critical_time,deficit_recovery,throughput_recovery,mtbf,recovery_tick,survival_rate,impacted_area,deficit_integral,cascade_depth_avg,cascade_spread_avg,itae,rapidity,attack_rate,fleet_utilization,solver_step_avg_us,solver_step_max_us,wall_time_ms
pibt,warehouse_single_dock,burst_20pct,random,40,42,true,0.4040,202,0.0104,0.0424,1.0000,,0.00,0.00,,,1.0000,0.0000,0,0.00,0.00,0.0000,0.00,0.0000,1.0000,34.6,1249.0,20
pibt,warehouse_single_dock,burst_20pct,random,40,42,false,0.3060,153,0.0077,0.0537,0.7066,0.2519,,1.00,,,0.8000,-24.2574,9498,0.00,1.00,20824.0000,40.00,0.2000,0.7925,31.4,1202.0,16
pibt,warehouse_single_dock,burst_20pct,random,40,123,true,0.4340,217,0.0114,0.0463,1.0000,,0.00,0.00,,,1.0000,0.0000,0,0.00,0.00,0.0000,0.00,0.0000,1.0000,34.3,1167.0,20
pibt,warehouse_single_dock,burst_20pct,random,40,123,false,0.3160,158,0.0082,0.1286,0.6811,0.2643,,1.00,,,0.8000,-27.1889,10265,0.00,1.00,23564.6667,0.00,0.2000,0.7918,41.6,1782.0,21
pibt,warehouse_single_dock,burst_20pct,random,40,456,true,0.4320,216,0.0110,0.0407,1.0000,,0.00,0.00,,,1.0000,0.0000,0,0.00,0.00,0.0000,0.00,0.0000,1.0000,55.4,1606.0,30
pibt,warehouse_single_dock,burst_20pct,random,40,456,false,0.3400,170,0.0086,0.0831,0.7386,0.2494,,1.00,,,0.8000,-21.2963,10030,0.00,1.00,21960.3333,0.00,0.2000,0.7918,32.4,1189.0,16
pibt,warehouse_single_dock,burst_20pct,random,40,789,true,0.4100,205,0.0104,0.0432,1.0000,,0.00,0.00,,,1.0000,0.0000,0,0.00,0.00,0.0000,0.00,0.0000,1.0000,34.1,1201.0,20
pibt,warehouse_single_dock,burst_20pct,random,40,789,false,0.3280,164,0.0087,0.0710,0.7630,0.2319,,1.00,,,0.8000,-20.0000,7765,0.00,1.00,21604.3333,0.00,0.2000,0.7913,36.5,1959.0,18
pibt,warehouse_single_dock,burst_20pct,random,40,1024,true,0.4180,209,0.0109,0.0421,1.0000,,0.00,0.00,,,1.0000,0.0000,0,0.00,0.00,0.0000,0.00,0.0000,1.0000,35.2,1159.0,20
pibt,warehouse_single_dock,burst_20pct,random,40,1024,false,0.3240,162,0.0087,0.0518,0.7330,0.2369,,1.00,,,0.8000,-22.4880,9258,0.00,1.00,22636.0000,0.00,0.2000,0.7916,31.7,1180.0,16
pibt,warehouse_single_dock,burst_20pct,random,40,2048,true,0.4180,209,0.0109,0.0449,1.0000,,0.00,0.00,,,1.0000,0.0000,0,0.00,0.00,0.0000,0.00,0.0000,1.0000,47.3,6458.0,26
pibt,warehouse_single_dock,burst_20pct,random,40,2048,false,0.3520,176,0.0088,0.0434,0.8059,0.2494,,1.00,,,0.8000,-15.7895,6234,0.00,1.00,22673.6667,0.00,0.2000,0.7915,41.2,1868.0,20
pibt,warehouse_single_dock,burst_20pct,random,40,3141,true,0.4240,212,0.0106,0.0412,1.0000,,0.00,0.00,,,1.0000,0.0000,0,0.00,0.00,0.0000,0.00,0.0000,1.0000,38.3,1979.0,25
pibt,warehouse_single_dock,burst_20pct,random,40,3141,false,0.2980,149,0.0076,0.0891,0.6420,0.2569,,1.00,,,0.8000,-29.7170,12136,0.00,1.00,22613.5000,0.00,0.2000,0.7928,30.7,1174.0,15
pibt,warehouse_single_dock,burst_20pct,random,40,9999,true,0.4120,206,0.0106,0.0430,1.0000,,0.00,0.00,,,1.0000,0.0000,0,0.00,0.00,0.0000,0.00,0.0000,1.0000,48.5,1573.0,27
pibt,warehouse_single_dock,burst_20pct,random,40,9999,false,0.2780,139,0.0070,0.0901,0.6193,0.2868,,1.00,,,0.8000,-32.5243,14193,0.00,1.00,22921.5000,38.00,0.2000,0.7931,32.6,1175.0,16
pibt,warehouse_single_dock,burst_20pct,random,40,1337,true,0.3980,199,0.0103,0.0413,1.0000,,0.00,0.00,,,1.0000,0.0000,0,0.00,0.00,0.0000,0.00,0.0000,1.0000,34.4,1149.0,20
pibt,warehouse_single_dock,burst_20pct,random,40,1337,false,0.2820,141,0.0075,0.0694,0.6485,0.2668,,1.00,,,0.8000,-29.1457,10448,0.00,1.00,23744.3333,109.00,0.2000,0.7928,30.8,1182.0,15
pibt,warehouse_single_dock,burst_20pct,random,40,7777,true,0.4400,220,0.0114,0.0415,1.0000,,0.00,0.00,,,1.0000,0.0000,0,0.00,0.00,0.0000,0.00,0.0000,1.0000,57.5,2152.0,39
pibt,warehouse_single_dock,burst_20pct,random,40,7777,false,0.3480,174,0.0090,0.0799,0.7444,0.2319,,1.00,,,0.8000,-20.9091,9073,0.00,1.00,20451.0000,0.00,0.2000,0.7914,41.0,1182.0,20
pibt,warehouse_single_dock,burst_20pct,random,40,11,true,0.4280,214,0.0113,0.0423,1.0000,,0.00,0.00,,,1.0000,0.0000,0,0.00,0.00,0.0000,0.00,0.0000,1.0000,42.3,3195.0,31
pibt,warehouse_single_dock,burst_20pct,random,40,11,false,0.2700,135,0.0072,0.1563,0.5486,0.2793,,1.00,,,0.8000,-36.9159,13297,0.00,1.00,23677.8333,0.00,0.2000,0.7936,29.5,1182.0,15
pibt,warehouse_single_dock,burst_20pct,random,40,22,true,0.4280,214,0.0112,0.0430,1.0000,,0.00,0.00,,,1.0000,0.0000,0,0.00,0.00,0.0000,0.00,0.0000,1.0000,34.9,1237.0,23
pibt,warehouse_single_dock,burst_20pct,random,40,22,false,0.3320,166,0.0087,0.0575,0.7225,0.2743,,1.00,,,0.8000,-22.4299,8124,0.00,1.00,23025.6667,0.00,0.2000,0.7920,41.6,1178.0,21
pibt,warehouse_single_dock,burst_20pct,random,40,33,true,0.4260,213,0.0109,0.0424,1.0000,,0.00,0.00,,,1.0000,0.0000,0,0.00,0.00,0.0000,0.00,0.0000,1.0000,50.7,4976.0,28
pibt,warehouse_single_dock,burst_20pct,random,40,33,false,0.3260,163,0.0083,0.0792,0.7159,0.2793,,1.00,,,0.8000,-23.4742,9789,0.00,1.00,23204.5000,30.00,0.2000,0.7920,31.2,1208.0,15
pibt,warehouse_single_dock,burst_20pct,random,40,44,true,0.4340,217,0.0112,0.0410,1.0000,,0.00,0.00,,,1.0000,0.0000,0,0.00,0.00,0.0000,0.00,0.0000,1.0000,47.8,4008.0,38
pibt,warehouse_single_dock,burst_20pct,random,40,44,false,0.3520,176,0.0090,0.0572,0.7760,0.2519,,1.00,,,0.8000,-18.8940,7890,0.00,1.00,23788.3333,0.00,0.2000,0.7910,32.9,1184.0,16
pibt,warehouse_single_dock,burst_20pct,random,40,55,true,0.4300,215,0.0115,0.0417,1.0000,,0.00,0.00,,,1.0000,0.0000,0,0.00,0.00,0.0000,0.00,0.0000,1.0000,56.8,6471.0,31
pibt,warehouse_single_dock,burst_20pct,random,40,55,false,0.3460,173,0.0092,0.0422,0.7627,0.2469,,1.00,,,0.8000,-19.5349,7906,0.00,1.00,21703.8333,24.00,0.2000,0.7911,32.3,1193.0,16
pibt,warehouse_single_dock,burst_20pct,random,40,101,true,0.4340,217,0.0112,0.0430,1.0000,,0.00,0.00,,,1.0000,0.0000,0,0.00,0.00,0.0000,0.00,0.0000,1.0000,35.2,1171.0,22
pibt,warehouse_single_dock,burst_20pct,random,40,101,false,0.2740,137,0.0070,0.2125,0.5506,0.2843,,1.00,,,0.8000,-36.8664,13943,0.00,1.00,24850.5000,0.00,0.2000,0.7938,34.3,1888.0,17
pibt,warehouse_single_dock,burst_20pct,random,40,202,true,0.4240,212,0.0111,0.0437,1.0000,,0.00,0.00,,,1.0000,0.0000,0,0.00,0.00,0.0000,0.00,0.0000,1.0000,34.6,1173.0,20
pibt,warehouse_single_dock,burst_20pct,random,40,202,false,0.3520,176,0.0094,0.0457,0.7966,0.2494,,1.00,,,0.8000,-16.9811,7470,0.00,1.00,21999.0000,23.00,0.2000,0.7906,31.2,1156.0,15
pibt,warehouse_single_dock,burst_20pct,random,40,303,true,0.4280,214,0.0115,0.0452,1.0000,,0.00,0.00,,,1.0000,0.0000,0,0.00,0.00,0.0000,0.00,0.0000,1.0000,34.8,1179.0,20
pibt,warehouse_single_dock,burst_20pct,random,40,303,false,0.2200,110,0.0056,0.1009,0.4378,0.2993,,1.00,,,0.8000,-48.5981,17930,0.00,1.00,26427.8333,35.00,0.2000,0.7948,33.0,1916.0,16
pibt,warehouse_single_dock,burst_20pct,random,40,404,true,0.4120,206,0.0109,0.0411,1.0000,,0.00,0.00,,,1.0000,0.0000,0,0.00,0.00,0.0000,0.00,0.0000,1.0000,53.7,4130.0,30
pibt,warehouse_single_dock,burst_20pct,random,40,404,false,0.2460,123,0.0062,0.0827,0.5257,0.2693,,3.00,,,0.8000,-40.2913,15246,0.00,1.00,23075.5000,3.00,0.2000,0.7943,28.7,1186.0,14
pibt,warehouse_single_dock,burst_20pct,random,40,505,true,0.4240,212,0.0113,0.0417,1.0000,,0.00,0.00,,,1.0000,0.0000,0,0.00,0.00,0.0000,0.00,0.0000,1.0000,35.0,1168.0,20
pibt,warehouse_single_dock,burst_20pct,random,40,505,false,0.2260,113,0.0063,0.3036,0.4375,0.2668,,2.00,,,0.8000,-46.6981,16160,0.00,1.00,24194.0000,43.00,0.2000,0.7948,34.3,2366.0,17
pibt,warehouse_single_dock,burst_20pct,random,40,1111,true,0.4320,216,0.0114,0.0452,1.0000,,0.00,0.00,,,1.0000,0.0000,0,0.00,0.00,0.0000,0.00,0.0000,1.0000,34.9,1195.0,20
pibt,warehouse_single_dock,burst_20pct,random,40,1111,false,0.2460,123,0.0063,0.1102,0.4686,0.2693,,2.00,,,0.8000,-43.0556,14946,0.00,1.00,24181.0000,35.00,0.2000,0.7948,29.3,1194.0,15
pibt,warehouse_single_dock,burst_20pct,random,40,2222,true,0.4200,210,0.0109,0.0421,1.0000,,0.00,0.00,,,1.0000,0.0000,0,0.00,0.00,0.0000,0.00,0.0000,1.0000,81.7,15126.0,44
pibt,warehouse_single_dock,burst_20pct,random,40,2222,false,0.3480,174,0.0088,0.0579,0.7931,0.2344,,1.00,,,0.8000,-17.1429,7174,0.00,1.00,20313.5000,5.00,0.2000,0.7913,40.7,1922.0,20
pibt,warehouse_single_dock,burst_20pct,random,40,3333,true,0.4160,208,0.0110,0.0421,1.0000,,0.00,0.00,,,1.0000,0.0000,0,0.00,0.00,0.0000,0.00,0.0000,1.0000,34.5,1216.0,20
pibt,warehouse_single_dock,burst_20pct,random,40,3333,false,0.2660,133,0.0067,0.0871,0.5739,0.2569,,1.00,,,0.8000,-36.0577,13984,0.00,1.00,22422.5000,0.00,0.2000,0.7936,29.3,1160.0,15
pibt,warehouse_single_dock,burst_20pct,random,40,4444,true,0.4260,213,0.0112,0.0424,1.0000,,0.00,0.00,,,1.0000,0.0000,0,0.00,0.00,0.0000,0.00,0.0000,1.0000,34.5,1164.0,20
pibt,warehouse_single_dock,burst_20pct,random,40,4444,false,0.3440,172,0.0090,0.0607,0.7670,0.2544,,1.00,,,0.8000,-19.2488,7493,0.00,1.00,22056.6667,28.00,0.2000,0.7911,35.7,1169.0,18
pibt,warehouse_single_dock,burst_20pct,random,40,5555,true,0.4100,205,0.0106,0.0443,1.0000,,0.00,0.00,,,1.0000,0.0000,0,0.00,0.00,0.0000,0.00,0.0000,1.0000,34.0,1148.0,20
pibt,warehouse_single_dock,burst_20pct,random,40,5555,false,0.3340,167,0.0086,0.0939,0.7778,0.2494,,1.00,,,0.8000,-18.5366,7335,0.00,1.00,23818.3333,0.00,0.2000,0.7915,32.1,1289.0,16
pibt,warehouse_single_dock,burst_20pct,random,40,10000,true,0.4320,216,0.0108,0.0448,1.0000,,0.00,0.00,,,1.0000,0.0000,0,0.00,0.00,0.0000,0.00,0.0000,1.0000,70.2,4433.0,38
pibt,warehouse_single_dock,burst_20pct,random,40,10000,false,0.3160,158,0.0080,0.0635,0.6831,0.2793,,1.00,,,0.8000,-26.8519,11977,0.00,1.00,23441.8333,102.00,0.2000,0.7921,40.1,1598.0,20
pibt,warehouse_single_dock,burst_20pct,random,40,20000,true,0.4060,203,0.0104,0.0422,1.0000,,0.00,0.00,,,1.0000,0.0000,0,0.00,0.00,0.0000,0.00,0.0000,1.0000,33.6,1156.0,19
pibt,warehouse_single_dock,burst_20pct,random,40,20000,false,0.2620,131,0.0066,0.1052,0.5689,0.2618,,1.00,,,0.8000,-35.4680,13929,0.00,1.00,22776.0000,0.00,0.2000,0.7940,32.8,1157.0,16
pibt,warehouse_single_dock,burst_20pct,random,40,30000,true,0.4120,206,0.0110,0.0426,1.0000,,0.00,0.00,,,1.0000,0.0000,0,0.00,0.00,0.0000,0.00,0.0000,1.0000,34.8,1185.0,20
pibt,warehouse_single_dock,burst_20pct,random,40,30000,false,0.2800,140,0.0073,0.1115,0.6024,0.2618,,1.00,,,0.8000,-32.0388,13288,0.00,1.00,22199.1667,0.00,0.2000,0.7935,39.0,1558.0,19
pibt,warehouse_single_dock,burst_20pct,random,40,40000,true,0.4260,213,0.0111,0.0454,1.0000,,0.00,0.00,,,1.0000,0.0000,0,0.00,0.00,0.0000,0.00,0.0000,1.0000,34.3,1178.0,20
pibt,warehouse_single_dock,burst_20pct,random,40,40000,false,0.2680,134,0.0068,0.1609,0.5587,0.2544,,1.00,,,0.8000,-37.0892,14004,0.00,1.00,22579.5000,0.00,0.2000,0.7936,29.1,1176.0,14
pibt,warehouse_single_dock,burst_20pct,random,40,50000,true,0.4200,210,0.0109,0.0437,1.0000,,0.00,0.00,,,1.0000,0.0000,0,0.00,0.00,0.0000,0.00,0.0000,1.0000,41.8,2056.0,39
pibt,warehouse_single_dock,burst_20pct,random,40,50000,false,0.2740,137,0.0069,0.1999,0.5852,0.2893,,1.00,,,0.8000,-34.7619,13615,0.00,1.00,25246.0000,96.00,0.2000,0.7935,29.6,1188.0,15
pibt,warehouse_single_dock,burst_20pct,closest,40,42,true,0.4060,203,0.0104,0.0428,1.0000,,0.00,0.00,,,1.0000,0.0000,0,0.00,0.00,0.0000,0.00,0.0000,1.0000,34.2,1169.0,20
pibt,warehouse_single_dock,burst_20pct,closest,40,42,false,0.3240,162,0.0084,0.0855,0.7500,0.2469,,1.00,,,0.8000,-20.1970,7851,0.00,1.00,21290.5000,0.00,0.2000,0.7920,31.2,1178.0,15
pibt,warehouse_single_dock,burst_20pct,closest,40,123,true,0.4360,218,0.0114,0.0435,1.0000,,0.00,0.00,,,1.0000,0.0000,0,0.00,0.00,0.0000,0.00,0.0000,1.0000,35.4,1184.0,20
pibt,warehouse_single_dock,burst_20pct,closest,40,123,false,0.3640,182,0.0094,0.0410,0.7907,0.2344,,1.00,,,0.8000,-16.5138,7318,0.00,1.00,21152.0833,0.00,0.2000,0.7913,32.1,1176.0,16
pibt,warehouse_single_dock,burst_20pct,closest,40,456,true,0.4360,218,0.0117,0.0415,1.0000,,0.00,0.00,,,1.0000,0.0000,0,0.00,0.00,0.0000,0.00,0.0000,1.0000,34.9,1172.0,20
pibt,warehouse_single_dock,burst_20pct,closest,40,456,false,0.3220,161,0.0086,0.0800,0.6705,0.2618,,1.00,,,0.8000,-26.1468,11667,0.00,1.00,22084.8333,0.00,0.2000,0.7925,38.4,1180.0,19
pibt,warehouse_single_dock,burst_20pct,closest,40,789,true,0.4360,218,0.0113,0.0425,1.0000,,0.00,0.00,,,1.0000,0.0000,0,0.00,0.00,0.0000,0.00,0.0000,1.0000,72.7,4373.0,39
pibt,warehouse_single_dock,burst_20pct,closest,40,789,false,0.2960,148,0.0075,0.1216,0.6089,0.2718,,1.00,,,0.8000,-32.1101,13806,0.00,1.00,22925.0000,72.00,0.2000,0.7931,36.6,2019.0,18
pibt,warehouse_single_dock,burst_20pct,closest,40,1024,true,0.4320,216,0.0111,0.0411,1.0000,,0.00,0.00,,,1.0000,0.0000,0,0.00,0.00,0.0000,0.00,0.0000,1.0000,35.4,1186.0,26
pibt,warehouse_single_dock,burst_20pct,closest,40,1024,false,0.3660,183,0.0092,0.0525,0.8114,0.2394,,1.00,,,0.8000,-15.2778,6486,0.00,1.00,21090.0000,0.00,0.2000,0.7910,33.1,1186.0,16
pibt,warehouse_single_dock,burst_20pct,closest,40,2048,true,0.4520,226,0.0118,0.0450,1.0000,,0.00,0.00,,,1.0000,0.0000,0,0.00,0.00,0.0000,0.00,0.0000,1.0000,35.9,1182.0,21
pibt,warehouse_single_dock,burst_20pct,closest,40,2048,false,0.3420,171,0.0092,0.1573,0.6927,0.2693,,1.00,,,0.8000,-24.3363,10077,0.00,1.00,23985.1667,0.00,0.2000,0.7918,36.2,1892.0,18
pibt,warehouse_single_dock,burst_20pct,closest,40,3141,true,0.4380,219,0.0112,0.0399,1.0000,,0.00,0.00,,,1.0000,0.0000,0,0.00,0.00,0.0000,0.00,0.0000,1.0000,35.1,1177.0,20
pibt,warehouse_single_dock,burst_20pct,closest,40,3141,false,0.3560,178,0.0093,0.0762,0.7644,0.2818,,1.00,,,0.8000,-18.7215,7309,0.00,1.00,24876.5000,0.00,0.2000,0.7913,31.7,1154.0,16
pibt,warehouse_single_dock,burst_20pct,closest,40,9999,true,0.4300,215,0.0112,0.0421,1.0000,,0.00,0.00,,,1.0000,0.0000,0,0.00,0.00,0.0000,0.00,0.0000,1.0000,76.2,4603.0,41
pibt,warehouse_single_dock,burst_20pct,closest,40,9999,false,0.3160,158,0.0082,0.0673,0.6667,0.2818,,1.00,,,0.8000,-26.5116,11904,0.00,1.00,24619.0000,0.00,0.2000,0.7925,35.2,1925.0,17
pibt,warehouse_single_dock,burst_20pct,closest,40,1337,true,0.4340,217,0.0111,0.0445,1.0000,,0.00,0.00,,,1.0000,0.0000,0,0.00,0.00,0.0000,0.00,0.0000,1.0000,33.6,1149.0,19
pibt,warehouse_single_dock,burst_20pct,closest,40,1337,false,0.3260,163,0.0084,0.1544,0.6966,0.2519,,1.00,,,0.8000,-24.8848,9564,0.00,1.00,23495.6667,0.00,0.2000,0.7921,30.0,1170.0,15
pibt,warehouse_single_dock,burst_20pct,closest,40,7777,true,0.4560,228,0.0118,0.0444,1.0000,,0.00,0.00,,,1.0000,0.0000,0,0.00,0.00,0.0000,0.00,0.0000,1.0000,42.9,3240.0,29
pibt,warehouse_single_dock,burst_20pct,closest,40,7777,false,0.3800,190,0.0101,0.0503,0.7841,0.2469,,1.00,,,0.8000,-16.6667,6629,0.00,1.00,21531.6667,0.00,0.2000,0.7908,43.2,2341.0,21
pibt,warehouse_single_dock,burst_20pct,closest,40,11,true,0.4560,228,0.0122,0.0452,1.0000,,0.00,0.00,,,1.0000,0.0000,0,0.00,0.00,0.0000,0.00,0.0000,1.0000,35.6,1156.0,20
pibt,warehouse_single_dock,burst_20pct,closest,40,11,false,0.3800,190,0.0098,0.0460,0.7901,0.2020,,1.00,,,0.8000,-16.6667,6522,0.00,1.00,20433.3333,0.00,0.2000,0.7908,35.8,1185.0,18
pibt,warehouse_single_dock,burst_20pct,closest,40,22,true,0.4480,224,0.0118,0.0406,1.0000,,0.00,0.00,,,1.0000,0.0000,0,0.00,0.00,0.0000,0.00,0.0000,1.0000,35.9,1169.0,21
pibt,warehouse_single_dock,burst_20pct,closest,40,22,false,0.2620,131,0.0069,0.3383,0.4624,0.2693,,1.00,,,0.8000,-41.5179,15751,0.00,1.00,24010.0000,26.00,0.2000,0.7946,47.8,1972.0,24
pibt,warehouse_single_dock,burst_20pct,closest,40,33,true,0.4560,228,0.0123,0.0395,1.0000,,0.00,0.00,,,1.0000,0.0000,0,0.00,0.00,0.0000,0.00,0.0000,1.0000,50.4,7814.0,28
pibt,warehouse_single_dock,burst_20pct,closest,40,33,false,0.3220,161,0.0083,0.0862,0.6319,0.2818,,1.00,,,0.8000,-29.3860,11333,0.00,1.00,25160.5000,0.00,0.2000,0.7926,30.8,1151.0,15
pibt,warehouse_single_dock,burst_20pct,closest,40,44,true,0.4420,221,0.0115,0.0428,1.0000,,0.00,0.00,,,1.0000,0.0000,0,0.00,0.00,0.0000,0.00,0.0000,1.0000,37.2,1982.0,24
pibt,warehouse_single_dock,burst_20pct,closest,40,44,false,0.3200,160,0.0081,0.1165,0.6667,0.2693,,1.00,,,0.8000,-27.6018,11930,0.00,1.00,22992.6667,65.00,0.2000,0.7924,29.1,1161.0,14
pibt,warehouse_single_dock,burst_20pct,closest,40,55,true,0.4500,225,0.0120,0.0416,1.0000,,0.00,0.00,,,1.0000,0.0000,0,0.00,0.00,0.0000,0.00,0.0000,1.0000,33.9,1140.0,19
pibt,warehouse_single_dock,burst_20pct,closest,40,55,false,0.3340,167,0.0086,0.0520,0.6742,0.2793,,1.00,,,0.8000,-25.7778,10699,0.00,1.00,24181.0000,36.00,0.2000,0.7925,30.8,1174.0,15
pibt,warehouse_single_dock,burst_20pct,closest,40,101,true,0.4460,223,0.0120,0.0410,1.0000,,0.00,0.00,,,1.0000,0.0000,0,0.00,0.00,0.0000,0.00,0.0000,1.0000,35.2,1264.0,22
pibt,warehouse_single_dock,burst_20pct,closest,40,101,false,0.3660,183,0.0095,0.0571,0.7790,0.2195,,1.00,,,0.8000,-17.9372,7962,0.00,1.00,20796.1667,0.00,0.2000,0.7912,32.3,1169.0,16
pibt,warehouse_single_dock,burst_20pct,closest,40,202,true,0.4380,219,0.0115,0.0408,1.0000,,0.00,0.00,,,1.0000,0.0000,0,0.00,0.00,0.0000,0.00,0.0000,1.0000,34.5,1161.0,20
pibt,warehouse_single_dock,burst_20pct,closest,40,202,false,0.3240,162,0.0084,0.1723,0.6686,0.2594,,1.00,,,0.8000,-26.0274,9761,0.00,1.00,23565.1667,30.00,0.2000,0.7926,37.0,1890.0,18
pibt,warehouse_single_dock,burst_20pct,closest,40,303,true,0.4560,228,0.0118,0.0442,1.0000,,0.00,0.00,,,1.0000,0.0000,0,0.00,0.00,0.0000,0.00,0.0000,1.0000,42.0,1985.0,26
pibt,warehouse_single_dock,burst_20pct,closest,40,303,false,0.3700,185,0.0095,0.0489,0.7611,0.2519,,1.00,,,0.8000,-18.8596,8975,0.00,1.00,23057.0000,0.00,0.2000,0.7915,34.8,1202.0,17
pibt,warehouse_single_dock,burst_20pct,closest,40,404,true,0.4360,218,0.0112,0.0410,1.0000,,0.00,0.00,,,1.0000,0.0000,0,0.00,0.00,0.0000,0.00,0.0000,1.0000,35.6,1204.0,20
pibt,warehouse_single_dock,burst_20pct,closest,40,404,false,0.3520,176,0.0091,0.0593,0.7640,0.2594,,1.00,,,0.8000,-19.2661,7951,0.00,1.00,23489.8333,0.00,0.2000,0.7913,35.4,2332.0,18
pibt,warehouse_single_dock,burst_20pct,closest,40,505,true,0.4600,230,0.0120,0.0430,1.0000,,0.00,0.00,,,1.0000,0.0000,0,0.00,0.00,0.0000,0.00,0.0000,1.0000,35.7,1176.0,20
pibt,warehouse_single_dock,burst_20pct,closest,40,505,false,0.3480,174,0.0091,0.1092,0.6940,0.2419,,1.00,,,0.8000,-24.3478,11025,0.00,1.00,22780.0000,0.00,0.2000,0.7917,34.2,1183.0,17
pibt,warehouse_single_dock,burst_20pct,closest,40,1111,true,0.4400,220,0.0118,0.0453,1.0000,,0.00,0.00,,,1.0000,0.0000,0,0.00,0.00,0.0000,0.00,0.0000,1.0000,61.0,8027.0,33
pibt,warehouse_single_dock,burst_20pct,closest,40,1111,false,0.2940,147,0.0077,0.1921,0.5876,0.2494,,1.00,,,0.8000,-33.1818,13735,0.00,1.00,21657.3333,0.00,0.2000,0.7933,29.4,1165.0,15
pibt,warehouse_single_dock,burst_20pct,closest,40,2222,true,0.4340,217,0.0118,0.0454,1.0000,,0.00,0.00,,,1.0000,0.0000,0,0.00,0.00,0.0000,0.00,0.0000,1.0000,35.4,1198.0,20
pibt,warehouse_single_dock,burst_20pct,closest,40,2222,false,0.3540,177,0.0091,0.0693,0.7753,0.2494,,1.00,,,0.8000,-18.4332,8601,0.00,1.00,21420.5000,0.00,0.2000,0.7911,41.5,1445.0,21
pibt,warehouse_single_dock,burst_20pct,closest,40,3333,true,0.4340,217,0.0117,0.0397,1.0000,,0.00,0.00,,,1.0000,0.0000,0,0.00,0.00,0.0000,0.00,0.0000,1.0000,35.9,1181.0,21
pibt,warehouse_single_dock,burst_20pct,closest,40,3333,false,0.3540,177,0.0092,0.0714,0.7765,0.2294,,1.00,,,0.8000,-18.4332,7437,0.00,1.00,21656.0000,59.00,0.2000,0.7908,31.5,1178.0,16
pibt,warehouse_single_dock,burst_20pct,closest,40,4444,true,0.4560,228,0.0119,0.0430,1.0000,,0.00,0.00,,,1.0000,0.0000,0,0.00,0.00,0.0000,0.00,0.0000,1.0000,47.4,1836.0,27
pibt,warehouse_single_dock,burst_20pct,closest,40,4444,false,0.3360,168,0.0089,0.1274,0.6667,0.2643,,1.00,,,0.8000,-26.3158,11521,0.00,1.00,22860.0000,26.00,0.2000,0.7920,40.6,1844.0,20
pibt,warehouse_single_dock,burst_20pct,closest,40,5555,true,0.4460,223,0.0117,0.0434,1.0000,,0.00,0.00,,,1.0000,0.0000,0,0.00,0.00,0.0000,0.00,0.0000,1.0000,53.2,2324.0,34
pibt,warehouse_single_dock,burst_20pct,closest,40,5555,false,0.3220,161,0.0088,0.1837,0.6517,0.2693,,1.00,,,0.8000,-27.8027,10045,0.00,1.00,23351.8333,42.00,0.2000,0.7921,30.2,1163.0,15
pibt,warehouse_single_dock,burst_20pct,closest,40,10000,true,0.4500,225,0.0115,0.0454,1.0000,,0.00,0.00,,,1.0000,0.0000,0,0.00,0.00,0.0000,0.00,0.0000,1.0000,43.0,3648.0,27
pibt,warehouse_single_dock,burst_20pct,closest,40,10000,false,0.3360,168,0.0085,0.1048,0.6868,0.2369,,1.00,,,0.8000,-25.3333,11006,0.00,1.00,21408.6667,0.00,0.2000,0.7922,53.3,1728.0,27
pibt,warehouse_single_dock,burst_20pct,closest,40,20000,true,0.4340,217,0.0114,0.0417,1.0000,,0.00,0.00,,,1.0000,0.0000,0,0.00,0.00,0.0000,0.00,0.0000,1.0000,34.6,1166.0,20
pibt,warehouse_single_dock,burst_20pct,closest,40,20000,false,0.3320,166,0.0090,0.1042,0.7135,0.2544,,1.00,,,0.8000,-23.5023,9799,0.00,1.00,22548.6667,0.00,0.2000,0.7913,31.9,1317.0,16
pibt,warehouse_single_dock,burst_20pct,closest,40,30000,true,0.4260,213,0.0111,0.0448,1.0000,,0.00,0.00,,,1.0000,0.0000,0,0.00,0.00,0.0000,0.00,0.0000,1.0000,34.3,1146.0,20
pibt,warehouse_single_dock,burst_20pct,closest,40,30000,false,0.3500,175,0.0092,0.0564,0.7791,0.2444,,1.00,,,0.8000,-17.8404,7912,0.00,1.00,21692.3333,0.00,0.2000,0.7911,40.7,1191.0,20
pibt,warehouse_single_dock,burst_20pct,closest,40,40000,true,0.4560,228,0.0118,0.0415,1.0000,,0.00,0.00,,,1.0000,0.0000,0,0.00,0.00,0.0000,0.00,0.0000,1.0000,34.6,1163.0,20
pibt,warehouse_single_dock,burst_20pct,closest,40,40000,false,0.3580,179,0.0095,0.1000,0.7380,0.2394,,1.00,,,0.8000,-21.4912,9055,0.00,1.00,22362.0000,0.00,0.2000,0.7908,31.7,1166.0,16
pibt,warehouse_single_dock,burst_20pct,closest,40,50000,true,0.4360,218,0.0111,0.0428,1.0000,,0.00,0.00,,,1.0000,0.0000,0,0.00,0.00,0.0000,0.00,0.0000,1.0000,58.8,4388.0,32
pibt,warehouse_single_dock,burst_20pct,closest,40,50000,false,0.3820,191,0.0100,0.0434,0.8439,0.2319,,1.00,,,0.8000,-12.3853,5785,0.00,1.00,19705.5000,0.00,0.2000,0.7904,41.1,1566.0,20
pibt,warehouse_single_dock,burst_50pct,random,40,42,true,0.4040,202,0.0104,0.0424,1.0000,,0.00,0.00,,,1.0000,0.0000,0,0.00,0.00,0.0000,0.00,0.0000,1.0000,34.6,1249.0,20
pibt,warehouse_single_dock,burst_50pct,random,40,42,false,0.1840,92,0.0046,0.1624,0.3413,0.2843,,1.00,,,0.5000,-54.4554,21772,0.00,1.00,23245.5000,270.00,0.5000,0.4964,22.7,1179.0,11
pibt,warehouse_single_dock,burst_50pct,random,40,123,true,0.4340,217,0.0114,0.0463,1.0000,,0.00,0.00,,,1.0000,0.0000,0,0.00,0.00,0.0000,0.00,0.0000,1.0000,34.3,1167.0,20
pibt,warehouse_single_dock,burst_50pct,random,40,123,false,0.2020,101,0.0052,0.1691,0.3730,0.3292,,2.00,,,0.5000,-53.4562,21339,0.00,1.00,27210.1667,,0.5000,0.4956,24.0,1202.0,12
pibt,warehouse_single_dock,burst_50pct,random,40,456,true,0.4320,216,0.0110,0.0407,1.0000,,0.00,0.00,,,1.0000,0.0000,0,0.00,0.00,0.0000,0.00,0.0000,1.0000,55.4,1606.0,30
pibt,warehouse_single_dock,burst_50pct,random,40,456,false,0.1980,99,0.0050,0.2109,0.3352,0.2993,,1.00,,,0.5000,-54.1667,22665,0.00,1.00,25153.5000,0.00,0.5000,0.4963,22.9,1198.0,11
pibt,warehouse_single_dock,burst_50pct,random,40,789,true,0.4100,205,0.0104,0.0432,1.0000,,0.00,0.00,,,1.0000,0.0000,0,0.00,0.00,0.0000,0.00,0.0000,1.0000,34.1,1201.0,20
pibt,warehouse_single_dock,burst_50pct,random,40,789,false,0.1920,96,0.0049,0.0925,0.3699,0.2893,,1.00,,,0.5000,-53.1707,21752,0.00,1.00,24095.0000,0.00,0.5000,0.4960,22.8,1183.0,11
pibt,warehouse_single_dock,burst_50pct,random,40,1024,true,0.4180,209,0.0109,0.0421,1.0000,,0.00,0.00,,,1.0000,0.0000,0,0.00,0.00,0.0000,0.00,0.0000,1.0000,35.2,1159.0,20
pibt,warehouse_single_dock,burst_50pct,random,40,1024,false,0.1440,72,0.0041,0.3349,0.2216,0.3267,,1.00,,,0.5000,-65.5502,24969,0.00,1.00,27478.0000,114.00,0.5000,0.4973,21.3,1190.0,10
pibt,warehouse_single_dock,burst_50pct,random,40,2048,true,0.4180,209,0.0109,0.0449,1.0000,,0.00,0.00,,,1.0000,0.0000,0,0.00,0.00,0.0000,0.00,0.0000,1.0000,47.3,6458.0,26
pibt,warehouse_single_dock,burst_50pct,random,40,2048,false,0.1560,78,0.0040,0.3430,0.2294,0.3367,,2.00,,,0.5000,-62.6794,24903,0.00,1.00,27748.5000,,0.5000,0.4974,21.4,1158.0,11
pibt,warehouse_single_dock,burst_50pct,random,40,3141,true,0.4240,212,0.0106,0.0412,1.0000,,0.00,0.00,,,1.0000,0.0000,0,0.00,0.00,0.0000,0.00,0.0000,1.0000,38.3,1979.0,25
pibt,warehouse_single_dock,burst_50pct,random,40,3141,false,0.1820,91,0.0047,0.1402,0.3125,0.3242,,1.00,,,0.5000,-57.0755,23287,0.00,1.00,26822.5000,0.00,0.5000,0.4963,23.0,1189.0,11
pibt,warehouse_single_dock,burst_50pct,random,40,9999,true,0.4120,206,0.0106,0.0430,1.0000,,0.00,0.00,,,1.0000,0.0000,0,0.00,0.00,0.0000,0.00,0.0000,1.0000,48.5,1573.0,27
pibt,warehouse_single_dock,burst_50pct,random,40,9999,false,0.1260,63,0.0032,0.3267,0.1875,0.3367,,5.00,,,0.5000,-69.4175,27432,0.00,1.00,26952.5000,,0.5000,0.4979,21.6,1207.0,11
pibt,warehouse_single_dock,burst_50pct,random,40,1337,true,0.3980,199,0.0103,0.0413,1.0000,,0.00,0.00,,,1.0000,0.0000,0,0.00,0.00,0.0000,0.00,0.0000,1.0000,34.4,1149.0,20
pibt,warehouse_single_dock,burst_50pct,random,40,1337,false,0.1640,82,0.0041,0.2058,0.2909,0.3117,,1.00,,,0.5000,-58.7940,20913,0.00,1.00,26394.0000,,0.5000,0.4970,22.4,1155.0,11
pibt,warehouse_single_dock,burst_50pct,random,40,7777,true,0.4400,220,0.0114,0.0415,1.0000,,0.00,0.00,,,1.0000,0.0000,0,0.00,0.00,0.0000,0.00,0.0000,1.0000,57.5,2152.0,39
pibt,warehouse_single_dock,burst_50pct,random,40,7777,false,0.2020,101,0.0052,0.1452,0.3389,0.2918,,1.00,,,0.5000,-54.0909,23386,0.00,1.00,22938.5000,0.00,0.5000,0.4962,33.3,1937.0,17
pibt,warehouse_single_dock,burst_50pct,random,40,11,true,0.4280,214,0.0113,0.0423,1.0000,,0.00,0.00,,,1.0000,0.0000,0,0.00,0.00,0.0000,0.00,0.0000,1.0000,42.3,3195.0,31
pibt,warehouse_single_dock,burst_50pct,random,40,11,false,0.1460,73,0.0039,0.2275,0.1943,0.3242,,3.00,,,0.5000,-65.8879,25494,0.00,1.00,27160.5000,116.00,0.5000,0.4978,21.6,1175.0,11
pibt,warehouse_single_dock,burst_50pct,random,40,22,true,0.4280,214,0.0112,0.0430,1.0000,,0.00,0.00,,,1.0000,0.0000,0,0.00,0.00,0.0000,0.00,0.0000,1.0000,34.9,1237.0,23
pibt,warehouse_single_dock,burst_50pct,random,40,22,false,0.1800,90,0.0047,0.2589,0.2832,0.3267,,1.00,,,0.5000,-57.9439,22400,0.00,1.00,27726.8333,0.00,0.5000,0.4969,23.2,1181.0,11
pibt,warehouse_single_dock,burst_50pct,random,40,33,true,0.4260,213,0.0109,0.0424,1.0000,,0.00,0.00,,,1.0000,0.0000,0,0.00,0.00,0.0000,0.00,0.0000,1.0000,50.7,4976.0,28
pibt,warehouse_single_dock,burst_50pct,random,40,33,false,0.2180,109,0.0056,0.1125,0.4091,0.3017,,1.00,,,0.5000,-48.8263,19082,0.00,1.00,25968.0000,32.00,0.5000,0.4954,24.1,1169.0,12
pibt,warehouse_single_dock,burst_50pct,random,40,44,true,0.4340,217,0.0112,0.0410,1.0000,,0.00,0.00,,,1.0000,0.0000,0,0.00,0.00,0.0000,0.00,0.0000,1.0000,47.8,4008.0,38
pibt,warehouse_single_dock,burst_50pct,random,40,44,false,0.1920,96,0.0049,0.1355,0.3388,0.3042,,1.00,,,0.5000,-55.7604,23410,0.00,1.00,25572.8333,5.00,0.5000,0.4961,28.9,1171.0,14
pibt,warehouse_single_dock,burst_50pct,random,40,55,true,0.4300,215,0.0115,0.0417,1.0000,,0.00,0.00,,,1.0000,0.0000,0,0.00,0.00,0.0000,0.00,0.0000,1.0000,56.8,6471.0,31
pibt,warehouse_single_dock,burst_50pct,random,40,55,false,0.2000,100,0.0053,0.2489,0.3503,0.2943,,1.00,,,0.5000,-53.4884,20584,0.00,1.00,25426.0000,203.00,0.5000,0.4959,23.3,1175.0,11
pibt,warehouse_single_dock,burst_50pct,random,40,101,true,0.4340,217,0.0112,0.0430,1.0000,,0.00,0.00,,,1.0000,0.0000,0,0.00,0.00,0.0000,0.00,0.0000,1.0000,35.2,1171.0,22
pibt,warehouse_single_dock,burst_50pct,random,40,101,false,0.1960,98,0.0051,0.2401,0.3315,0.3317,,1.00,,,0.5000,-54.8387,21147,0.00,1.00,28405.8333,0.00,0.5000,0.4962,24.0,1179.0,12
pibt,warehouse_single_dock,burst_50pct,random,40,202,true,0.4240,212,0.0111,0.0437,1.0000,,0.00,0.00,,,1.0000,0.0000,0,0.00,0.00,0.0000,0.00,0.0000,1.0000,34.6,1173.0,20
pibt,warehouse_single_dock,burst_50pct,random,40,202,false,0.2120,106,0.0058,0.1147,0.4011,0.2993,,1.00,,,0.5000,-50.0000,20912,0.00,1.00,25921.5000,28.00,0.5000,0.4951,31.7,1180.0,16
pibt,warehouse_single_dock,burst_50pct,random,40,303,true,0.4280,214,0.0115,0.0452,1.0000,,0.00,0.00,,,1.0000,0.0000,0,0.00,0.00,0.0000,0.00,0.0000,1.0000,34.8,1179.0,20
pibt,warehouse_single_dock,burst_50pct,random,40,303,false,0.1100,55,0.0027,0.1461,0.1405,0.3541,,1.00,,,0.5000,-74.2991,30689,0.00,1.00,29571.0000,,0.5000,0.4984,19.6,1180.0,10
pibt,warehouse_single_dock,burst_50pct,random,40,404,true,0.4120,206,0.0109,0.0411,1.0000,,0.00,0.00,,,1.0000,0.0000,0,0.00,0.00,0.0000,0.00,0.0000,1.0000,53.7,4130.0,30
pibt,warehouse_single_dock,burst_50pct,random,40,404,false,0.1820,91,0.0046,0.0548,0.3429,0.3192,,3.00,,,0.5000,-55.8252,20514,0.00,1.00,26010.5000,45.00,0.5000,0.4961,23.9,1167.0,12
pibt,warehouse_single_dock,burst_50pct,random,40,505,true,0.4240,212,0.0113,0.0417,1.0000,,0.00,0.00,,,1.0000,0.0000,0,0.00,0.00,0.0000,0.00,0.0000,1.0000,35.0,1168.0,20
pibt,warehouse_single_dock,burst_50pct,random,40,505,false,0.1380,69,0.0039,0.4049,0.1875,0.3167,,2.00,,,0.5000,-67.4528,26571,0.00,1.00,25848.5000,,0.5000,0.4979,30.6,1618.0,15
pibt,warehouse_single_dock,burst_50pct,random,40,1111,true,0.4320,216,0.0114,0.0452,1.0000,,0.00,0.00,,,1.0000,0.0000,0,0.00,0.00,0.0000,0.00,0.0000,1.0000,34.9,1195.0,20
pibt,warehouse_single_dock,burst_50pct,random,40,1111,false,0.1380,69,0.0037,0.3196,0.1600,0.3317,,2.00,,,0.5000,-68.0556,25954,0.00,1.00,28377.0000,,0.5000,0.4980,20.6,1164.0,10
pibt,warehouse_single_dock,burst_50pct,random,40,2222,true,0.4200,210,0.0109,0.0421,1.0000,,0.00,0.00,,,1.0000,0.0000,0,0.00,0.00,0.0000,0.00,0.0000,1.0000,81.7,15126.0,44
pibt,warehouse_single_dock,burst_50pct,random,40,2222,false,0.2480,124,0.0062,0.0820,0.5057,0.3017,,1.00,,,0.5000,-40.9524,17882,0.00,1.00,24813.1667,225.00,0.5000,0.4945,29.9,1177.0,15
pibt,warehouse_single_dock,burst_50pct,random,40,3333,true,0.4160,208,0.0110,0.0421,1.0000,,0.00,0.00,,,1.0000,0.0000,0,0.00,0.00,0.0000,0.00,0.0000,1.0000,34.5,1216.0,20
pibt,warehouse_single_dock,burst_50pct,random,40,3333,false,0.2180,109,0.0054,0.1046,0.4375,0.2793,,1.00,,,0.5000,-47.5962,19621,0.00,1.00,23542.0000,0.00,0.5000,0.4952,25.2,1192.0,12
pibt,warehouse_single_dock,burst_50pct,random,40,4444,true,0.4260,213,0.0112,0.0424,1.0000,,0.00,0.00,,,1.0000,0.0000,0,0.00,0.00,0.0000,0.00,0.0000,1.0000,34.5,1164.0,20
pibt,warehouse_single_dock,burst_50pct,random,40,4444,false,0.2360,118,0.0059,0.0603,0.4602,0.2693,,1.00,,,0.5000,-44.6009,18256,0.00,1.00,22412.0000,221.00,0.5000,0.4950,34.4,3752.0,17
pibt,warehouse_single_dock,burst_50pct,random,40,5555,true,0.4100,205,0.0106,0.0443,1.0000,,0.00,0.00,,,1.0000,0.0000,0,0.00,0.00,0.0000,0.00,0.0000,1.0000,34.0,1148.0,20
pibt,warehouse_single_dock,burst_50pct,random,40,5555,false,0.2200,110,0.0055,0.1387,0.4444,0.2818,,1.00,,,0.5000,-46.3415,19925,0.00,1.00,23494.0000,,0.5000,0.4953,27.3,1930.0,14
pibt,warehouse_single_dock,burst_50pct,random,40,10000,true,0.4320,216,0.0108,0.0448,1.0000,,0.00,0.00,,,1.0000,0.0000,0,0.00,0.00,0.0000,0.00,0.0000,1.0000,70.2,4433.0,38
pibt,warehouse_single_dock,burst_50pct,random,40,10000,false,0.1980,99,0.0050,0.1040,0.3607,0.2993,,1.00,,,0.5000,-54.1667,23271,0.00,1.00,24058.0000,218.00,0.5000,0.4959,23.5,1183.0,12
pibt,warehouse_single_dock,burst_50pct,random,40,20000,true,0.4060,203,0.0104,0.0422,1.0000,,0.00,0.00,,,1.0000,0.0000,0,0.00,0.00,0.0000,0.00,0.0000,1.0000,33.6,1156.0,19
pibt,warehouse_single_dock,burst_50pct,random,40,20000,false,0.1560,78,0.0040,0.2763,0.2515,0.2993,,1.00,,,0.5000,-61.5764,22480,0.00,1.00,25265.0000,0.00,0.5000,0.4973,31.0,1343.0,15
pibt,warehouse_single_dock,burst_50pct,random,40,30000,true,0.4120,206,0.0110,0.0426,1.0000,,0.00,0.00,,,1.0000,0.0000,0,0.00,0.00,0.0000,0.00,0.0000,1.0000,34.8,1185.0,20
pibt,warehouse_single_dock,burst_50pct,random,40,30000,false,0.1900,95,0.0049,0.2633,0.3313,0.2868,,1.00,,,0.5000,-53.8835,22106,0.00,1.00,24409.1667,0.00,0.5000,0.4966,22.8,1158.0,11
pibt,warehouse_single_dock,burst_50pct,random,40,40000,true,0.4260,213,0.0111,0.0454,1.0000,,0.00,0.00,,,1.0000,0.0000,0,0.00,0.00,0.0000,0.00,0.0000,1.0000,34.3,1178.0,20
pibt,warehouse_single_dock,burst_50pct,random,40,40000,false,0.1760,88,0.0044,0.2979,0.3017,0.3017,,1.00,,,0.5000,-58.6854,21831,0.00,1.00,25152.5000,40.00,0.5000,0.4966,24.1,1172.0,12
pibt,warehouse_single_dock,burst_50pct,random,40,50000,true,0.4200,210,0.0109,0.0437,1.0000,,0.00,0.00,,,1.0000,0.0000,0,0.00,0.00,0.0000,0.00,0.0000,1.0000,41.8,2056.0,39
pibt,warehouse_single_dock,burst_50pct,random,40,50000,false,0.1860,93,0.0046,0.2329,0.3352,0.3142,,1.00,,,0.5000,-55.7143,23402,0.00,1.00,25667.0000,390.00,0.5000,0.4963,26.7,1930.0,13
pibt,warehouse_single_dock,burst_50pct,closest,40,42,true,0.4060,203,0.0104,0.0428,1.0000,,0.00,0.00,,,1.0000,0.0000,0,0.00,0.00,0.0000,0.00,0.0000,1.0000,34.2,1169.0,20
pibt,warehouse_single_dock,burst_50pct,closest,40,42,false,0.2140,107,0.0056,0.1674,0.4146,0.2893,,1.00,,,0.5000,-47.2906,18433,0.00,1.00,23781.0000,352.00,0.5000,0.4954,28.9,1191.0,14
pibt,warehouse_single_dock,burst_50pct,closest,40,123,true,0.4360,218,0.0114,0.0435,1.0000,,0.00,0.00,,,1.0000,0.0000,0,0.00,0.00,0.0000,0.00,0.0000,1.0000,35.4,1184.0,20
pibt,warehouse_single_dock,burst_50pct,closest,40,123,false,0.1880,94,0.0048,0.2633,0.2791,0.2893,,1.00,,,0.5000,-56.8807,23140,0.00,1.00,24739.2500,0.00,0.5000,0.4970,23.5,1379.0,12
pibt,warehouse_single_dock,burst_50pct,closest,40,456,true,0.4360,218,0.0117,0.0415,1.0000,,0.00,0.00,,,1.0000,0.0000,0,0.00,0.00,0.0000,0.00,0.0000,1.0000,34.9,1172.0,20
pibt,warehouse_single_dock,burst_50pct,closest,40,456,false,0.2080,104,0.0056,0.2023,0.3410,0.2943,,1.00,,,0.5000,-52.2936,22821,0.00,1.00,23928.0000,,0.5000,0.4963,24.3,1172.0,12
pibt,warehouse_single_dock,burst_50pct,closest,40,789,true,0.4360,218,0.0113,0.0425,1.0000,,0.00,0.00,,,1.0000,0.0000,0,0.00,0.00,0.0000,0.00,0.0000,1.0000,72.7,4373.0,39
pibt,warehouse_single_dock,burst_50pct,closest,40,789,false,0.1220,61,0.0031,0.4005,0.1229,0.3466,,1.00,,,0.5000,-72.0183,29071,0.00,1.00,29005.6667,,0.5000,0.4986,29.9,1251.0,15
pibt,warehouse_single_dock,burst_50pct,closest,40,1024,true,0.4320,216,0.0111,0.0411,1.0000,,0.00,0.00,,,1.0000,0.0000,0,0.00,0.00,0.0000,0.00,0.0000,1.0000,35.4,1186.0,26
pibt,warehouse_single_dock,burst_50pct,closest,40,1024,false,0.2220,111,0.0056,0.0983,0.4000,0.3067,,1.00,,,0.5000,-48.6111,19833,0.00,1.00,25844.1667,0.00,0.5000,0.4956,35.2,1388.0,18
pibt,warehouse_single_dock,burst_50pct,closest,40,2048,true,0.4520,226,0.0118,0.0450,1.0000,,0.00,0.00,,,1.0000,0.0000,0,0.00,0.00,0.0000,0.00,0.0000,1.0000,35.9,1182.0,21
pibt,warehouse_single_dock,burst_50pct,closest,40,2048,false,0.2560,128,0.0067,0.0718,0.4525,0.3067,,1.00,,,0.5000,-43.3628,21455,0.00,1.00,24542.0000,0.00,0.5000,0.4948,25.9,1184.0,13
pibt,warehouse_single_dock,burst_50pct,closest,40,3141,true,0.4380,219,0.0112,0.0399,1.0000,,0.00,0.00,,,1.0000,0.0000,0,0.00,0.00,0.0000,0.00,0.0000,1.0000,35.1,1177.0,20
pibt,warehouse_single_dock,burst_50pct,closest,40,3141,false,0.2140,107,0.0054,0.1239,0.3563,0.3292,,1.00,,,0.5000,-51.1416,20670,0.00,1.00,28033.0000,251.00,0.5000,0.4961,26.2,1179.0,13
pibt,warehouse_single_dock,burst_50pct,closest,40,9999,true,0.4300,215,0.0112,0.0421,1.0000,,0.00,0.00,,,1.0000,0.0000,0,0.00,0.00,0.0000,0.00,0.0000,1.0000,76.2,4603.0,41
pibt,warehouse_single_dock,burst_50pct,closest,40,9999,false,0.1900,95,0.0049,0.2383,0.2982,0.3067,,1.00,,,0.5000,-55.8140,23164,0.00,1.00,25031.0000,124.00,0.5000,0.4967,25.5,1905.0,13
pibt,warehouse_single_dock,burst_50pct,closest,40,1337,true,0.4340,217,0.0111,0.0445,1.0000,,0.00,0.00,,,1.0000,0.0000,0,0.00,0.00,0.0000,0.00,0.0000,1.0000,33.6,1149.0,19
pibt,warehouse_single_dock,burst_50pct,closest,40,1337,false,0.2120,106,0.0056,0.1521,0.3764,0.3342,,2.00,,,0.5000,-51.1521,20936,0.00,1.00,28956.6667,121.00,0.5000,0.4957,28.8,1189.0,14
pibt,warehouse_single_dock,burst_50pct,closest,40,7777,true,0.4560,228,0.0118,0.0444,1.0000,,0.00,0.00,,,1.0000,0.0000,0,0.00,0.00,0.0000,0.00,0.0000,1.0000,42.9,3240.0,29
pibt,warehouse_single_dock,burst_50pct,closest,40,7777,false,0.2700,135,0.0069,0.1007,0.4716,0.2818,,1.00,,,0.5000,-40.7895,17635,0.00,1.00,24253.5000,,0.5000,0.4947,26.0,1174.0,13
pibt,warehouse_single_dock,burst_50pct,closest,40,11,true,0.4560,228,0.0122,0.0452,1.0000,,0.00,0.00,,,1.0000,0.0000,0,0.00,0.00,0.0000,0.00,0.0000,1.0000,35.6,1156.0,20
pibt,warehouse_single_dock,burst_50pct,closest,40,11,false,0.2720,136,0.0070,0.1001,0.4917,0.2693,,1.00,,,0.5000,-40.3509,17243,0.00,1.00,22562.3333,0.00,0.5000,0.4943,43.9,1315.0,22
pibt,warehouse_single_dock,burst_50pct,closest,40,22,true,0.4480,224,0.0118,0.0406,1.0000,,0.00,0.00,,,1.0000,0.0000,0,0.00,0.00,0.0000,0.00,0.0000,1.0000,35.9,1169.0,21
pibt,warehouse_single_dock,burst_50pct,closest,40,22,false,0.2000,100,0.0051,0.3027,0.2832,0.3192,,1.00,,,0.5000,-55.3571,23029,0.00,1.00,26980.0000,,0.5000,0.4969,29.1,2052.0,14
pibt,warehouse_single_dock,burst_50pct,closest,40,33,true,0.4560,228,0.0123,0.0395,1.0000,,0.00,0.00,,,1.0000,0.0000,0,0.00,0.00,0.0000,0.00,0.0000,1.0000,50.4,7814.0,28
pibt,warehouse_single_dock,burst_50pct,closest,40,33,false,0.1780,89,0.0046,0.3104,0.2363,0.3042,,1.00,,,0.5000,-60.9649,26027,0.00,1.00,25712.0000,0.00,0.5000,0.4973,24.2,1180.0,12
pibt,warehouse_single_dock,burst_50pct,closest,40,44,true,0.4420,221,0.0115,0.0428,1.0000,,0.00,0.00,,,1.0000,0.0000,0,0.00,0.00,0.0000,0.00,0.0000,1.0000,37.2,1982.0,24
pibt,warehouse_single_dock,burst_50pct,closest,40,44,false,0.2000,100,0.0053,0.1791,0.3388,0.3242,,1.00,,,0.5000,-54.7511,22853,0.00,1.00,26395.5000,,0.5000,0.4959,27.6,2411.0,14
pibt,warehouse_single_dock,burst_50pct,closest,40,55,true,0.4500,225,0.0120,0.0416,1.0000,,0.00,0.00,,,1.0000,0.0000,0,0.00,0.00,0.0000,0.00,0.0000,1.0000,33.9,1140.0,19
pibt,warehouse_single_dock,burst_50pct,closest,40,55,false,0.2500,125,0.0066,0.0787,0.4382,0.3067,,1.00,,,0.5000,-44.4444,19384,0.00,1.00,26150.5000,,0.5000,0.4949,25.5,1183.0,13
pibt,warehouse_single_dock,burst_50pct,closest,40,101,true,0.4460,223,0.0120,0.0410,1.0000,,0.00,0.00,,,1.0000,0.0000,0,0.00,0.00,0.0000,0.00,0.0000,1.0000,35.2,1264.0,22
pibt,warehouse_single_dock,burst_50pct,closest,40,101,false,0.1980,99,0.0053,0.1564,0.3149,0.3142,,1.00,,,0.5000,-55.6054,23639,0.00,1.00,26946.0000,,0.5000,0.4964,30.0,1927.0,15
pibt,warehouse_single_dock,burst_50pct,closest,40,202,true,0.4380,219,0.0115,0.0408,1.0000,,0.00,0.00,,,1.0000,0.0000,0,0.00,0.00,0.0000,0.00,0.0000,1.0000,34.5,1161.0,20
pibt,warehouse_single_dock,burst_50pct,closest,40,202,false,0.1820,91,0.0049,0.2432,0.2558,0.2993,,1.00,,,0.5000,-58.4475,22800,0.00,1.00,26135.1667,185.00,0.5000,0.4971,24.0,1189.0,12
pibt,warehouse_single_dock,burst_50pct,closest,40,303,true,0.4560,228,0.0118,0.0442,1.0000,,0.00,0.00,,,1.0000,0.0000,0,0.00,0.00,0.0000,0.00,0.0000,1.0000,42.0,1985.0,26
pibt,warehouse_single_dock,burst_50pct,closest,40,303,false,0.2360,118,0.0062,0.0837,0.3889,0.2993,,1.00,,,0.5000,-48.2456,19824,0.00,1.00,26797.5000,0.00,0.5000,0.4955,25.2,1179.0,12
pibt,warehouse_single_dock,burst_50pct,closest,40,404,true,0.4360,218,0.0112,0.0410,1.0000,,0.00,0.00,,,1.0000,0.0000,0,0.00,0.00,0.0000,0.00,0.0000,1.0000,35.6,1204.0,20
pibt,warehouse_single_dock,burst_50pct,closest,40,404,false,0.1800,90,0.0048,0.1997,0.2809,0.3317,,1.00,,,0.5000,-58.7156,23727,0.00,1.00,27641.5000,,0.5000,0.4966,22.7,1171.0,11
pibt,warehouse_single_dock,burst_50pct,closest,40,505,true,0.4600,230,0.0120,0.0430,1.0000,,0.00,0.00,,,1.0000,0.0000,0,0.00,0.00,0.0000,0.00,0.0000,1.0000,35.7,1176.0,20
pibt,warehouse_single_dock,burst_50pct,closest,40,505,false,0.2300,115,0.0059,0.1861,0.3716,0.2918,,1.00,,,0.5000,-50.0000,23135,0.00,1.00,23890.5000,0.00,0.5000,0.4958,24.7,1187.0,12
pibt,warehouse_single_dock,burst_50pct,closest,40,1111,true,0.4400,220,0.0118,0.0453,1.0000,,0.00,0.00,,,1.0000,0.0000,0,0.00,0.00,0.0000,0.00,0.0000,1.0000,61.0,8027.0,33
pibt,warehouse_single_dock,burst_50pct,closest,40,1111,false,0.2180,109,0.0060,0.1622,0.3729,0.2918,,1.00,,,0.5000,-50.4545,20775,0.00,1.00,24469.5000,0.00,0.5000,0.4954,32.8,1581.0,16
pibt,warehouse_single_dock,burst_50pct,closest,40,2222,true,0.4340,217,0.0118,0.0454,1.0000,,0.00,0.00,,,1.0000,0.0000,0,0.00,0.00,0.0000,0.00,0.0000,1.0000,35.4,1198.0,20
pibt,warehouse_single_dock,burst_50pct,closest,40,2222,false,0.2120,106,0.0054,0.1566,0.3764,0.2993,,1.00,,,0.5000,-51.1521,21149,0.00,1.00,24528.5000,3.00,0.5000,0.4957,24.7,1202.0,12
pibt,warehouse_single_dock,burst_50pct,closest,40,3333,true,0.4340,217,0.0117,0.0397,1.0000,,0.00,0.00,,,1.0000,0.0000,0,0.00,0.00,0.0000,0.00,0.0000,1.0000,35.9,1181.0,21
pibt,warehouse_single_dock,burst_50pct,closest,40,3333,false,0.2140,107,0.0053,0.1243,0.3855,0.2868,,1.00,,,0.5000,-50.6912,20651,0.00,1.00,25216.8333,57.00,0.5000,0.4957,32.6,1191.0,16
pibt,warehouse_single_dock,burst_50pct,closest,40,4444,true,0.4560,228,0.0119,0.0430,1.0000,,0.00,0.00,,,1.0000,0.0000,0,0.00,0.00,0.0000,0.00,0.0000,1.0000,47.4,1836.0,27
pibt,warehouse_single_dock,burst_50pct,closest,40,4444,false,0.1660,83,0.0043,0.2504,0.1944,0.3441,,1.00,,,0.5000,-63.5965,26734,0.00,1.00,29601.0000,28.00,0.5000,0.4978,22.8,1168.0,11
pibt,warehouse_single_dock,burst_50pct,closest,40,5555,true,0.4460,223,0.0117,0.0434,1.0000,,0.00,0.00,,,1.0000,0.0000,0,0.00,0.00,0.0000,0.00,0.0000,1.0000,53.2,2324.0,34
pibt,warehouse_single_dock,burst_50pct,closest,40,5555,false,0.2780,139,0.0073,0.0434,0.5281,0.3017,,1.00,,,0.5000,-37.6682,17585,0.00,1.00,25227.8333,57.00,0.5000,0.4940,26.7,1169.0,13
pibt,warehouse_single_dock,burst_50pct,closest,40,10000,true,0.4500,225,0.0115,0.0454,1.0000,,0.00,0.00,,,1.0000,0.0000,0,0.00,0.00,0.0000,0.00,0.0000,1.0000,43.0,3648.0,27
pibt,warehouse_single_dock,burst_50pct,closest,40,10000,false,0.1960,98,0.0051,0.2720,0.3022,0.2968,,1.00,,,0.5000,-56.4444,24155,0.00,1.00,25090.3333,88.00,0.5000,0.4964,28.7,2535.0,14
pibt,warehouse_single_dock,burst_50pct,closest,40,20000,true,0.4340,217,0.0114,0.0417,1.0000,,0.00,0.00,,,1.0000,0.0000,0,0.00,0.00,0.0000,0.00,0.0000,1.0000,34.6,1166.0,20
pibt,warehouse_single_dock,burst_50pct,closest,40,20000,false,0.2380,119,0.0062,0.1094,0.4494,0.3042,,1.00,,,0.5000,-45.1613,19260,0.00,1.00,25495.5000,0.00,0.5000,0.4949,33.5,1178.0,17
pibt,warehouse_single_dock,burst_50pct,closest,40,30000,true,0.4260,213,0.0111,0.0448,1.0000,,0.00,0.00,,,1.0000,0.0000,0,0.00,0.00,0.0000,0.00,0.0000,1.0000,34.3,1146.0,20
pibt,warehouse_single_dock,burst_50pct,closest,40,30000,false,0.2380,119,0.0060,0.0644,0.4535,0.2918,,1.00,,,0.5000,-44.1315,18615,0.00,1.00,23743.8333,0.00,0.5000,0.4951,25.2,1188.0,12
pibt,warehouse_single_dock,burst_50pct,closest,40,40000,true,0.4560,228,0.0118,0.0415,1.0000,,0.00,0.00,,,1.0000,0.0000,0,0.00,0.00,0.0000,0.00,0.0000,1.0000,34.6,1163.0,20
pibt,warehouse_single_dock,burst_50pct,closest,40,40000,false,0.2580,129,0.0066,0.0878,0.4706,0.3042,,1.00,,,0.5000,-43.4211,20166,0.00,1.00,24820.0000,87.00,0.5000,0.4944,25.7,1226.0,13
pibt,warehouse_single_dock,burst_50pct,closest,40,50000,true,0.4360,218,0.0111,0.0428,1.0000,,0.00,0.00,,,1.0000,0.0000,0,0.00,0.00,0.0000,0.00,0.0000,1.0000,58.8,4388.0,32
pibt,warehouse_single_dock,burst_50pct,closest,40,50000,false,0.2760,138,0.0070,0.0509,0.5376,0.2843,,2.00,,,0.5000,-36.6972,16910,0.00,1.00,23440.0000,98.00,0.5000,0.4941,34.8,1263.0,17
pibt,warehouse_single_dock,wear_medium,random,40,42,true,0.4040,202,0.0104,0.0424,1.0000,,0.00,0.00,,,1.0000,0.0000,0,0.00,0.00,0.0000,0.00,0.0000,1.0000,34.6,1249.0,20
pibt,warehouse_single_dock,wear_medium,random,40,42,false,0.2660,133,0.0069,0.0484,0.6368,0.2647,,1.00,18.52,,0.3750,-34.1584,11010,0.00,1.00,28414.0000,0.00,0.6250,0.6684,70.3,1407.0,35
pibt,warehouse_single_dock,wear_medium,random,40,123,true,0.4340,217,0.0114,0.0463,1.0000,,0.00,0.00,,,1.0000,0.0000,0,0.00,0.00,0.0000,0.00,0.0000,1.0000,34.3,1167.0,20
pibt,warehouse_single_dock,wear_medium,random,40,123,false,0.3280,164,0.0085,0.0457,0.6954,0.2480,,1.00,19.47,,0.4750,-24.4240,6643,0.00,1.00,19500.8333,0.00,0.5250,0.7723,74.2,1865.0,37
pibt,warehouse_single_dock,wear_medium,random,40,456,true,0.4320,216,0.0110,0.0407,1.0000,,0.00,0.00,,,1.0000,0.0000,0,0.00,0.00,0.0000,0.00,0.0000,1.0000,55.4,1606.0,30
pibt,warehouse_single_dock,wear_medium,random,40,456,false,0.2740,137,0.0069,0.1073,0.4837,0.2907,,1.00,14.35,,0.3750,-36.5741,11322,0.00,1.00,18080.0000,0.00,0.6250,0.6874,78.5,1892.0,39
pibt,warehouse_single_dock,wear_medium,random,40,789,true,0.4100,205,0.0104,0.0432,1.0000,,0.00,0.00,,,1.0000,0.0000,0,0.00,0.00,0.0000,0.00,0.0000,1.0000,34.1,1201.0,20
pibt,warehouse_single_dock,wear_medium,random,40,789,false,0.2860,143,0.0075,0.1457,0.6900,0.2404,,1.00,21.70,,0.4750,-30.2439,11241,0.00,1.00,27498.5000,1.00,0.5250,0.8021,77.0,1704.0,38
pibt,warehouse_single_dock,wear_medium,random,40,1024,true,0.4180,209,0.0109,0.0421,1.0000,,0.00,0.00,,,1.0000,0.0000,0,0.00,0.00,0.0000,0.00,0.0000,1.0000,35.2,1159.0,20
pibt,warehouse_single_dock,wear_medium,random,40,1024,false,0.2400,120,0.0062,0.1114,0.5721,0.2922,,1.00,17.96,,0.3250,-42.5837,12775,0.00,1.00,35346.0000,0.00,0.6750,0.7200,78.7,1634.0,39
pibt,warehouse_single_dock,wear_medium,random,40,2048,true,0.4180,209,0.0109,0.0449,1.0000,,0.00,0.00,,,1.0000,0.0000,0,0.00,0.00,0.0000,0.00,0.0000,1.0000,47.3,6458.0,26
pibt,warehouse_single_dock,wear_medium,random,40,2048,false,0.3060,153,0.0078,0.0560,0.7021,0.2582,,1.00,18.48,,0.4000,-26.7943,7250,0.00,1.00,27911.0000,0.00,0.6000,0.7538,80.3,1734.0,40
pibt,warehouse_single_dock,wear_medium,random,40,3141,true,0.4240,212,0.0106,0.0412,1.0000,,0.00,0.00,,,1.0000,0.0000,0,0.00,0.00,0.0000,0.00,0.0000,1.0000,38.3,1979.0,25
pibt,warehouse_single_dock,wear_medium,random,40,3141,false,0.3040,152,0.0076,0.0447,0.6610,0.2562,,1.00,18.52,,0.4500,-28.3019,8721,0.00,1.00,22956.5000,0.00,0.5500,0.7381,80.2,2103.0,40
pibt,warehouse_single_dock,wear_medium,random,40,9999,true,0.4120,206,0.0106,0.0430,1.0000,,0.00,0.00,,,1.0000,0.0000,0,0.00,0.00,0.0000,0.00,0.0000,1.0000,48.5,1573.0,27
pibt,warehouse_single_dock,wear_medium,random,40,9999,false,0.2740,137,0.0069,0.0803,0.5605,0.2715,,1.00,13.00,,0.3500,-33.4951,9379,0.00,1.00,19237.0000,0.00,0.6500,0.6861,92.2,1903.0,46
pibt,warehouse_single_dock,wear_medium,random,40,1337,true,0.3980,199,0.0103,0.0413,1.0000,,0.00,0.00,,,1.0000,0.0000,0,0.00,0.00,0.0000,0.00,0.0000,1.0000,34.4,1149.0,20
pibt,warehouse_single_dock,wear_medium,random,40,1337,false,0.3020,151,0.0078,0.0534,0.6571,0.2796,,1.00,14.90,,0.4500,-24.1206,5296,0.00,1.00,17440.3333,0.00,0.5500,0.7239,76.5,1732.0,38
pibt,warehouse_single_dock,wear_medium,random,40,7777,true,0.4400,220,0.0114,0.0415,1.0000,,0.00,0.00,,,1.0000,0.0000,0,0.00,0.00,0.0000,0.00,0.0000,1.0000,57.5,2152.0,39
pibt,warehouse_single_dock,wear_medium,random,40,7777,false,0.3060,153,0.0080,0.0732,0.6059,0.2441,,1.00,18.80,,0.4750,-30.4545,9473,0.00,1.00,20707.0000,0.00,0.5250,0.7542,77.1,2183.0,39
pibt,warehouse_single_dock,wear_medium,random,40,11,true,0.4280,214,0.0113,0.0423,1.0000,,0.00,0.00,,,1.0000,0.0000,0,0.00,0.00,0.0000,0.00,0.0000,1.0000,42.3,3195.0,31
pibt,warehouse_single_dock,wear_medium,random,40,11,false,0.2520,126,0.0066,0.1096,0.4568,0.2752,,1.00,13.04,,0.3500,-41.1215,11593,0.00,1.00,21502.3333,0.00,0.6500,0.6350,80.8,2247.0,40
pibt,warehouse_single_dock,wear_medium,random,40,22,true,0.4280,214,0.0112,0.0430,1.0000,,0.00,0.00,,,1.0000,0.0000,0,0.00,0.00,0.0000,0.00,0.0000,1.0000,34.9,1237.0,23
pibt,warehouse_single_dock,wear_medium,random,40,22,false,0.2680,134,0.0071,0.1077,0.5833,0.2744,,1.00,18.77,,0.4000,-37.3832,11100,0.00,1.00,29664.0000,0.00,0.6000,0.7348,75.2,1986.0,38
pibt,warehouse_single_dock,wear_medium,random,40,33,true,0.4260,213,0.0109,0.0424,1.0000,,0.00,0.00,,,1.0000,0.0000,0,0.00,0.00,0.0000,0.00,0.0000,1.0000,50.7,4976.0,28
pibt,warehouse_single_dock,wear_medium,random,40,33,false,0.3080,154,0.0079,0.0993,0.6722,0.2573,,1.00,20.26,,0.5000,-27.6995,8282,0.00,1.00,24487.0000,0.00,0.5000,0.7295,78.7,1773.0,39
pibt,warehouse_single_dock,wear_medium,random,40,44,true,0.4340,217,0.0112,0.0410,1.0000,,0.00,0.00,,,1.0000,0.0000,0,0.00,0.00,0.0000,0.00,0.0000,1.0000,47.8,4008.0,38
pibt,warehouse_single_dock,wear_medium,random,40,44,false,0.3140,157,0.0162,0.0797,0.6407,0.2527,,1.00,17.29,,0.4250,-27.6498,6607,0.00,1.00,19941.6667,30.00,0.5750,0.7247,79.6,2027.0,40
pibt,warehouse_single_dock,wear_medium,random,40,55,true,0.4300,215,0.0115,0.0417,1.0000,,0.00,0.00,,,1.0000,0.0000,0,0.00,0.00,0.0000,0.00,0.0000,1.0000,56.8,6471.0,31
pibt,warehouse_single_dock,wear_medium,random,40,55,false,0.3060,153,0.0080,0.0494,0.6630,0.2712,,1.00,18.29,,0.4250,-28.8372,7849,0.00,1.00,28350.0000,0.00,0.5750,0.6991,81.6,2099.0,41
pibt,warehouse_single_dock,wear_medium,random,40,101,true,0.4340,217,0.0112,0.0430,1.0000,,0.00,0.00,,,1.0000,0.0000,0,0.00,0.00,0.0000,0.00,0.0000,1.0000,35.2,1171.0,22
pibt,warehouse_single_dock,wear_medium,random,40,101,false,0.3020,151,0.0078,0.0965,0.6508,0.2612,,1.00,19.00,,0.4250,-30.4147,8768,0.00,1.00,28270.1667,0.00,0.5750,0.7349,81.4,1762.0,41
pibt,warehouse_single_dock,wear_medium,random,40,202,true,0.4240,212,0.0111,0.0437,1.0000,,0.00,0.00,,,1.0000,0.0000,0,0.00,0.00,0.0000,0.00,0.0000,1.0000,34.6,1173.0,20
pibt,warehouse_single_dock,wear_medium,random,40,202,false,0.3180,159,0.0081,0.0418,0.6419,0.2426,,1.00,11.07,,0.2250,-25.0000,6262,0.00,1.00,16569.3333,0.00,0.7750,0.6403,88.2,1970.0,44
pibt,warehouse_single_dock,wear_medium,random,40,303,true,0.4280,214,0.0115,0.0452,1.0000,,0.00,0.00,,,1.0000,0.0000,0,0.00,0.00,0.0000,0.00,0.0000,1.0000,34.8,1179.0,20
pibt,warehouse_single_dock,wear_medium,random,40,303,false,0.3280,164,0.0085,0.0752,0.7619,0.2538,,1.00,24.59,,0.5250,-23.3645,5646,0.00,1.00,30119.1667,0.00,0.4750,0.8085,75.3,2027.0,38
pibt,warehouse_single_dock,wear_medium,random,40,404,true,0.4120,206,0.0109,0.0411,1.0000,,0.00,0.00,,,1.0000,0.0000,0,0.00,0.00,0.0000,0.00,0.0000,1.0000,53.7,4130.0,30
pibt,warehouse_single_dock,wear_medium,random,40,404,false,0.3060,153,0.0080,0.0456,0.6268,0.2586,,1.00,14.05,,0.4000,-25.7282,6256,0.00,1.00,15684.5000,0.00,0.6000,0.6606,85.8,1998.0,43
pibt,warehouse_single_dock,wear_medium,random,40,505,true,0.4240,212,0.0113,0.0417,1.0000,,0.00,0.00,,,1.0000,0.0000,0,0.00,0.00,0.0000,0.00,0.0000,1.0000,35.0,1168.0,20
pibt,warehouse_single_dock,wear_medium,random,40,505,false,0.3020,151,0.0078,0.0816,0.7123,0.2583,,1.00,23.83,,0.4750,-28.7736,7337,0.00,1.00,34288.6667,6.00,0.5250,0.7759,72.4,1418.0,36
pibt,warehouse_single_dock,wear_medium,random,40,1111,true,0.4320,216,0.0114,0.0452,1.0000,,0.00,0.00,,,1.0000,0.0000,0,0.00,0.00,0.0000,0.00,0.0000,1.0000,34.9,1195.0,20
pibt,warehouse_single_dock,wear_medium,random,40,1111,false,0.3180,159,0.0084,0.0956,0.6686,0.2544,,1.00,19.60,,0.4750,-26.3889,5597,0.00,1.00,23156.3333,0.00,0.5250,0.7763,79.2,1441.0,40
pibt,warehouse_single_dock,wear_medium,random,40,2222,true,0.4200,210,0.0109,0.0421,1.0000,,0.00,0.00,,,1.0000,0.0000,0,0.00,0.00,0.0000,0.00,0.0000,1.0000,81.7,15126.0,44
pibt,warehouse_single_dock,wear_medium,random,40,2222,false,0.3040,152,0.0079,0.0701,0.6107,0.2717,,1.00,13.80,,0.3250,-27.6190,7462,0.00,1.00,17764.0000,0.00,0.6750,0.6770,73.7,1517.0,37
pibt,warehouse_single_dock,wear_medium,random,40,3333,true,0.4160,208,0.0110,0.0421,1.0000,,0.00,0.00,,,1.0000,0.0000,0,0.00,0.00,0.0000,0.00,0.0000,1.0000,34.5,1216.0,20
pibt,warehouse_single_dock,wear_medium,random,40,3333,false,0.3000,150,0.0077,0.0635,0.6081,0.2411,,1.00,14.27,,0.4250,-27.8846,7931,0.00,1.00,14751.8333,0.00,0.5750,0.6813,87.6,2153.0,44
pibt,warehouse_single_dock,wear_medium,random,40,4444,true,0.4260,213,0.0112,0.0424,1.0000,,0.00,0.00,,,1.0000,0.0000,0,0.00,0.00,0.0000,0.00,0.0000,1.0000,34.5,1164.0,20
pibt,warehouse_single_dock,wear_medium,random,40,4444,false,0.3260,163,0.0084,0.0563,0.6970,0.2560,,1.00,16.95,,0.4500,-23.4742,5509,0.00,1.00,20753.0000,0.00,0.5500,0.7713,81.4,1909.0,41
pibt,warehouse_single_dock,wear_medium,random,40,5555,true,0.4100,205,0.0106,0.0443,1.0000,,0.00,0.00,,,1.0000,0.0000,0,0.00,0.00,0.0000,0.00,0.0000,1.0000,34.0,1148.0,20
pibt,warehouse_single_dock,wear_medium,random,40,5555,false,0.2920,146,0.0076,0.0618,0.6144,0.2707,,1.00,14.43,,0.4000,-28.7805,7476,0.00,1.00,17864.3000,0.00,0.6000,0.6934,74.8,1910.0,37
pibt,warehouse_single_dock,wear_medium,random,40,10000,true,0.4320,216,0.0108,0.0448,1.0000,,0.00,0.00,,,1.0000,0.0000,0,0.00,0.00,0.0000,0.00,0.0000,1.0000,70.2,4433.0,38
pibt,warehouse_single_dock,wear_medium,random,40,10000,false,0.3240,162,0.0081,0.0439,0.6424,0.2789,,1.00,14.04,,0.4000,-25.0000,7135,0.00,1.00,17093.0000,0.00,0.6000,0.7036,97.3,1907.0,49
pibt,warehouse_single_dock,wear_medium,random,40,20000,true,0.4060,203,0.0104,0.0422,1.0000,,0.00,0.00,,,1.0000,0.0000,0,0.00,0.00,0.0000,0.00,0.0000,1.0000,33.6,1156.0,19
pibt,warehouse_single_dock,wear_medium,random,40,20000,false,0.3060,153,0.0077,0.0542,0.7537,0.2218,,1.00,26.28,,0.4500,-24.6305,5261,0.00,1.00,33138.8333,8.00,0.5500,0.7976,74.7,2081.0,37
pibt,warehouse_single_dock,wear_medium,random,40,30000,true,0.4120,206,0.0110,0.0426,1.0000,,0.00,0.00,,,1.0000,0.0000,0,0.00,0.00,0.0000,0.00,0.0000,1.0000,34.8,1185.0,20
pibt,warehouse_single_dock,wear_medium,random,40,30000,false,0.3380,169,0.0089,0.0495,0.7613,0.2237,,1.00,18.35,,0.4500,-17.9612,6081,0.00,1.00,17344.3333,0.00,0.5500,0.7629,78.4,1895.0,39
pibt,warehouse_single_dock,wear_medium,random,40,40000,true,0.4260,213,0.0111,0.0454,1.0000,,0.00,0.00,,,1.0000,0.0000,0,0.00,0.00,0.0000,0.00,0.0000,1.0000,34.3,1178.0,20
pibt,warehouse_single_dock,wear_medium,random,40,40000,false,0.3660,183,0.0094,0.0495,0.7345,0.2271,,1.00,12.32,,0.5000,-14.0845,2362,0.00,1.00,8869.5000,0.00,0.5000,0.7280,85.4,1883.0,43
pibt,warehouse_single_dock,wear_medium,random,40,50000,true,0.4200,210,0.0109,0.0437,1.0000,,0.00,0.00,,,1.0000,0.0000,0,0.00,0.00,0.0000,0.00,0.0000,1.0000,41.8,2056.0,39
pibt,warehouse_single_dock,wear_medium,random,40,50000,false,0.2480,124,0.0061,0.1207,0.5784,0.2857,,1.00,23.53,,0.5000,-40.9524,13084,0.00,1.00,32063.5000,0.00,0.5000,0.7542,75.7,1892.0,38
pibt,warehouse_single_dock,wear_medium,closest,40,42,true,0.4060,203,0.0104,0.0428,1.0000,,0.00,0.00,,,1.0000,0.0000,0,0.00,0.00,0.0000,0.00,0.0000,1.0000,34.2,1169.0,20
pibt,warehouse_single_dock,wear_medium,closest,40,42,false,0.2960,148,0.0078,0.0435,0.6910,0.2573,,1.00,18.17,,0.3500,-27.0936,8945,0.00,1.00,28689.0000,0.00,0.6500,0.6684,82.2,1595.0,41
pibt,warehouse_single_dock,wear_medium,closest,40,123,true,0.4360,218,0.0114,0.0435,1.0000,,0.00,0.00,,,1.0000,0.0000,0,0.00,0.00,0.0000,0.00,0.0000,1.0000,35.4,1184.0,20
pibt,warehouse_single_dock,wear_medium,closest,40,123,false,0.3700,185,0.0097,0.0477,0.7975,0.2213,,1.00,20.72,,0.5250,-15.1376,3653,0.00,1.00,17818.1667,0.00,0.4750,0.7780,74.9,1922.0,37
pibt,warehouse_single_dock,wear_medium,closest,40,456,true,0.4360,218,0.0117,0.0415,1.0000,,0.00,0.00,,,1.0000,0.0000,0,0.00,0.00,0.0000,0.00,0.0000,1.0000,34.9,1172.0,20
pibt,warehouse_single_dock,wear_medium,closest,40,456,false,0.3300,165,0.0095,0.0745,0.6345,0.2507,,1.00,13.56,,0.3250,-24.3119,6666,0.00,1.00,16598.1667,0.00,0.6750,0.6806,79.7,1903.0,40
pibt,warehouse_single_dock,wear_medium,closest,40,789,true,0.4360,218,0.0113,0.0425,1.0000,,0.00,0.00,,,1.0000,0.0000,0,0.00,0.00,0.0000,0.00,0.0000,1.0000,72.7,4373.0,39
pibt,warehouse_single_dock,wear_medium,closest,40,789,false,0.3140,157,0.0080,0.0803,0.6965,0.2709,,1.00,23.00,,0.4750,-27.9817,7772,0.00,1.00,29989.0000,0.00,0.5250,0.7890,73.1,1592.0,36
pibt,warehouse_single_dock,wear_medium,closest,40,1024,true,0.4320,216,0.0111,0.0411,1.0000,,0.00,0.00,,,1.0000,0.0000,0,0.00,0.00,0.0000,0.00,0.0000,1.0000,35.4,1186.0,26
pibt,warehouse_single_dock,wear_medium,closest,40,1024,false,0.3000,150,0.0077,0.0621,0.6812,0.2511,,1.00,16.36,,0.2750,-30.5556,9226,0.00,1.00,30846.5000,0.00,0.7250,0.6916,93.3,1976.0,47
pibt,warehouse_single_dock,wear_medium,closest,40,2048,true,0.4520,226,0.0118,0.0450,1.0000,,0.00,0.00,,,1.0000,0.0000,0,0.00,0.00,0.0000,0.00,0.0000,1.0000,35.9,1182.0,21
pibt,warehouse_single_dock,wear_medium,closest,40,2048,false,0.3500,175,0.0092,0.0518,0.7182,0.2529,,1.00,18.14,,0.4000,-22.5664,5761,0.00,1.00,26434.4167,0.00,0.6000,0.7520,79.6,2038.0,40
pibt,warehouse_single_dock,wear_medium,closest,40,3141,true,0.4380,219,0.0112,0.0399,1.0000,,0.00,0.00,,,1.0000,0.0000,0,0.00,0.00,0.0000,0.00,0.0000,1.0000,35.1,1177.0,20
pibt,warehouse_single_dock,wear_medium,closest,40,3141,false,0.3480,174,0.0094,0.0572,0.7414,0.2643,,1.00,19.75,,0.4750,-20.5479,4582,0.00,1.00,26528.5000,0.00,0.5250,0.7406,78.7,1960.0,39
pibt,warehouse_single_dock,wear_medium,closest,40,9999,true,0.4300,215,0.0112,0.0421,1.0000,,0.00,0.00,,,1.0000,0.0000,0,0.00,0.00,0.0000,0.00,0.0000,1.0000,76.2,4603.0,41
pibt,warehouse_single_dock,wear_medium,closest,40,9999,false,0.3000,150,0.0080,0.0584,0.5779,0.2639,,1.00,14.87,,0.3250,-30.2326,9034,0.00,1.00,19069.0000,0.00,0.6750,0.6787,78.6,1834.0,40
pibt,warehouse_single_dock,wear_medium,closest,40,1337,true,0.4340,217,0.0111,0.0445,1.0000,,0.00,0.00,,,1.0000,0.0000,0,0.00,0.00,0.0000,0.00,0.0000,1.0000,33.6,1149.0,19
pibt,warehouse_single_dock,wear_medium,closest,40,1337,false,0.3460,173,0.0089,0.0561,0.7047,0.2866,,1.00,16.00,,0.4500,-20.2765,4755,0.00,1.00,17787.0000,0.00,0.5500,0.7280,75.7,1852.0,38
pibt,warehouse_single_dock,wear_medium,closest,40,7777,true,0.4560,228,0.0118,0.0444,1.0000,,0.00,0.00,,,1.0000,0.0000,0,0.00,0.00,0.0000,0.00,0.0000,1.0000,42.9,3240.0,29
pibt,warehouse_single_dock,wear_medium,closest,40,7777,false,0.3440,172,0.0093,0.0677,0.6706,0.2691,,1.00,20.33,,0.4500,-24.5614,7051,0.00,1.00,21431.0000,0.00,0.5500,0.7616,74.0,1961.0,37
pibt,warehouse_single_dock,wear_medium,closest,40,11,true,0.4560,228,0.0122,0.0452,1.0000,,0.00,0.00,,,1.0000,0.0000,0,0.00,0.00,0.0000,0.00,0.0000,1.0000,35.6,1156.0,20
pibt,warehouse_single_dock,wear_medium,closest,40,11,false,0.3040,152,0.0080,0.0552,0.5529,0.2678,,1.00,12.68,,0.3250,-33.3333,9667,0.00,1.00,19045.3333,0.00,0.6750,0.6186,91.1,1836.0,46
pibt,warehouse_single_dock,wear_medium,closest,40,22,true,0.4480,224,0.0118,0.0406,1.0000,,0.00,0.00,,,1.0000,0.0000,0,0.00,0.00,0.0000,0.00,0.0000,1.0000,35.9,1169.0,21
pibt,warehouse_single_dock,wear_medium,closest,40,22,false,0.2800,140,0.0072,0.1171,0.5459,0.2774,,1.00,17.35,,0.4000,-37.5000,12294,0.00,1.00,29202.0000,0.00,0.6000,0.7083,78.0,1240.0,39
pibt,warehouse_single_dock,wear_medium,closest,40,33,true,0.4560,228,0.0123,0.0395,1.0000,,0.00,0.00,,,1.0000,0.0000,0,0.00,0.00,0.0000,0.00,0.0000,1.0000,50.4,7814.0,28
pibt,warehouse_single_dock,wear_medium,closest,40,33,false,0.2200,110,0.0056,0.2502,0.3723,0.2983,,2.00,19.44,,0.5500,-51.7544,18367,0.00,1.00,28117.5000,50.00,0.4500,0.7380,55.3,1152.0,28
pibt,warehouse_single_dock,wear_medium,closest,40,44,true,0.4420,221,0.0115,0.0428,1.0000,,0.00,0.00,,,1.0000,0.0000,0,0.00,0.00,0.0000,0.00,0.0000,1.0000,37.2,1982.0,24
pibt,warehouse_single_dock,wear_medium,closest,40,44,false,0.3220,161,0.0083,0.0993,0.6386,0.2690,,1.00,18.05,,0.4750,-27.1493,7358,0.00,1.00,21300.5000,0.00,0.5250,0.7518,76.9,1895.0,38
pibt,warehouse_single_dock,wear_medium,closest,40,55,true,0.4500,225,0.0120,0.0416,1.0000,,0.00,0.00,,,1.0000,0.0000,0,0.00,0.00,0.0000,0.00,0.0000,1.0000,33.9,1140.0,19
pibt,warehouse_single_dock,wear_medium,closest,40,55,false,0.3260,163,0.0089,0.0623,0.6630,0.2600,,1.00,19.32,,0.4000,-27.5556,8470,0.00,1.00,28158.0000,0.00,0.6000,0.7023,74.2,1995.0,37
pibt,warehouse_single_dock,wear_medium,closest,40,101,true,0.4460,223,0.0120,0.0410,1.0000,,0.00,0.00,,,1.0000,0.0000,0,0.00,0.00,0.0000,0.00,0.0000,1.0000,35.2,1264.0,22
pibt,warehouse_single_dock,wear_medium,closest,40,101,false,0.3180,159,0.0083,0.0696,0.6559,0.2689,,1.00,18.23,,0.4250,-28.6996,9475,0.00,1.00,27978.0000,0.00,0.5750,0.7334,71.4,1208.0,36
pibt,warehouse_single_dock,wear_medium,closest,40,202,true,0.4380,219,0.0115,0.0408,1.0000,,0.00,0.00,,,1.0000,0.0000,0,0.00,0.00,0.0000,0.00,0.0000,1.0000,34.5,1161.0,20
pibt,warehouse_single_dock,wear_medium,closest,40,202,false,0.3120,156,0.0083,0.0812,0.5743,0.2625,,1.00,12.77,,0.2750,-28.7671,6858,0.00,1.00,16913.1667,0.00,0.7250,0.6499,73.5,1190.0,37
pibt,warehouse_single_dock,wear_medium,closest,40,303,true,0.4560,228,0.0118,0.0442,1.0000,,0.00,0.00,,,1.0000,0.0000,0,0.00,0.00,0.0000,0.00,0.0000,1.0000,42.0,1985.0,26
pibt,warehouse_single_dock,wear_medium,closest,40,303,false,0.3500,175,0.0092,0.0549,0.7500,0.2571,,1.00,22.37,,0.5000,-23.2456,6347,0.00,1.00,31376.5000,0.00,0.5000,0.8031,69.6,1177.0,35
pibt,warehouse_single_dock,wear_medium,closest,40,404,true,0.4360,218,0.0112,0.0410,1.0000,,0.00,0.00,,,1.0000,0.0000,0,0.00,0.00,0.0000,0.00,0.0000,1.0000,35.6,1204.0,20
pibt,warehouse_single_dock,wear_medium,closest,40,404,false,0.3160,158,0.0084,0.0509,0.5946,0.2830,,1.00,15.35,,0.4250,-27.5229,7967,0.00,1.00,16341.5000,0.00,0.5750,0.6645,78.4,1902.0,39
pibt,warehouse_single_dock,wear_medium,closest,40,505,true,0.4600,230,0.0120,0.0430,1.0000,,0.00,0.00,,,1.0000,0.0000,0,0.00,0.00,0.0000,0.00,0.0000,1.0000,35.7,1176.0,20
pibt,warehouse_single_dock,wear_medium,closest,40,505,false,0.3420,171,0.0089,0.0491,0.7389,0.2417,,1.00,20.24,,0.4500,-25.6522,7389,0.00,1.00,32600.1667,0.00,0.5500,0.7670,68.3,1181.0,34
pibt,warehouse_single_dock,wear_medium,closest,40,1111,true,0.4400,220,0.0118,0.0453,1.0000,,0.00,0.00,,,1.0000,0.0000,0,0.00,0.00,0.0000,0.00,0.0000,1.0000,61.0,8027.0,33
pibt,warehouse_single_dock,wear_medium,closest,40,1111,false,0.3360,168,0.0087,0.0932,0.7062,0.2343,,1.00,19.30,,0.4500,-23.6364,6227,0.00,1.00,21437.8333,0.00,0.5500,0.7707,68.6,1168.0,34
pibt,warehouse_single_dock,wear_medium,closest,40,2222,true,0.4340,217,0.0118,0.0454,1.0000,,0.00,0.00,,,1.0000,0.0000,0,0.00,0.00,0.0000,0.00,0.0000,1.0000,35.4,1198.0,20
pibt,warehouse_single_dock,wear_medium,closest,40,2222,false,0.3100,155,0.0081,0.0605,0.5974,0.2699,,1.00,13.08,,0.3000,-28.5714,7198,0.00,1.00,18735.3333,0.00,0.7000,0.6778,84.2,1875.0,42
pibt,warehouse_single_dock,wear_medium,closest,40,3333,true,0.4340,217,0.0117,0.0397,1.0000,,0.00,0.00,,,1.0000,0.0000,0,0.00,0.00,0.0000,0.00,0.0000,1.0000,35.9,1181.0,21
pibt,warehouse_single_dock,wear_medium,closest,40,3333,false,0.3180,159,0.0083,0.0490,0.6159,0.2523,,1.00,15.65,,0.4500,-26.7281,6260,0.00,1.00,16575.6667,0.00,0.5500,0.6841,75.9,1340.0,38
pibt,warehouse_single_dock,wear_medium,closest,40,4444,true,0.4560,228,0.0119,0.0430,1.0000,,0.00,0.00,,,1.0000,0.0000,0,0.00,0.00,0.0000,0.00,0.0000,1.0000,47.4,1836.0,27
pibt,warehouse_single_dock,wear_medium,closest,40,4444,false,0.3620,181,0.0097,0.0491,0.7299,0.2487,,1.00,18.20,,0.4500,-20.6140,4782,0.00,1.00,21700.8333,0.00,0.5500,0.7731,77.6,1657.0,39
pibt,warehouse_single_dock,wear_medium,closest,40,5555,true,0.4460,223,0.0117,0.0434,1.0000,,0.00,0.00,,,1.0000,0.0000,0,0.00,0.00,0.0000,0.00,0.0000,1.0000,53.2,2324.0,34
pibt,warehouse_single_dock,wear_medium,closest,40,5555,false,0.3180,159,0.0086,0.0966,0.5762,0.2618,,1.00,14.91,,0.4000,-28.6996,7683,0.00,1.00,18720.5000,0.00,0.6000,0.7043,79.8,1811.0,40
pibt,warehouse_single_dock,wear_medium,closest,40,10000,true,0.4500,225,0.0115,0.0454,1.0000,,0.00,0.00,,,1.0000,0.0000,0,0.00,0.00,0.0000,0.00,0.0000,1.0000,43.0,3648.0,27
pibt,warehouse_single_dock,wear_medium,closest,40,10000,false,0.3220,161,0.0083,0.1150,0.5328,0.2539,,1.00,13.57,,0.4500,-28.4444,7156,0.00,1.00,15634.0000,0.00,0.5500,0.7043,83.8,3723.0,42
pibt,warehouse_single_dock,wear_medium,closest,40,20000,true,0.4340,217,0.0114,0.0417,1.0000,,0.00,0.00,,,1.0000,0.0000,0,0.00,0.00,0.0000,0.00,0.0000,1.0000,34.6,1166.0,20
pibt,warehouse_single_dock,wear_medium,closest,40,20000,false,0.3240,162,0.0085,0.0577,0.7454,0.2572,,1.00,22.86,,0.4250,-25.3456,5841,0.00,1.00,36195.5000,0.00,0.5750,0.7974,77.9,2107.0,39
pibt,warehouse_single_dock,wear_medium,closest,40,30000,true,0.4260,213,0.0111,0.0448,1.0000,,0.00,0.00,,,1.0000,0.0000,0,0.00,0.00,0.0000,0.00,0.0000,1.0000,34.3,1146.0,20
pibt,warehouse_single_dock,wear_medium,closest,40,30000,false,0.3320,166,0.0084,0.0629,0.7081,0.2466,,1.00,17.33,,0.4500,-22.0657,7129,0.00,1.00,17719.1667,0.00,0.5500,0.7583,68.5,1164.0,34
pibt,warehouse_single_dock,wear_medium,closest,40,40000,true,0.4560,228,0.0118,0.0415,1.0000,,0.00,0.00,,,1.0000,0.0000,0,0.00,0.00,0.0000,0.00,0.0000,1.0000,34.6,1163.0,20
pibt,warehouse_single_dock,wear_medium,closest,40,40000,false,0.3760,188,0.0095,0.0694,0.6610,0.2213,,1.00,13.06,,0.5250,-17.5439,3281,0.00,1.00,8887.6667,0.00,0.4750,0.7313,75.6,1794.0,38
pibt,warehouse_single_dock,wear_medium,closest,40,50000,true,0.4360,218,0.0111,0.0428,1.0000,,0.00,0.00,,,1.0000,0.0000,0,0.00,0.00,0.0000,0.00,0.0000,1.0000,58.8,4388.0,32
pibt,warehouse_single_dock,wear_medium,closest,40,50000,false,0.2820,141,0.0076,0.1269,0.6169,0.2800,,1.00,20.19,,0.4500,-35.3211,11928,0.00,1.00,32277.1667,0.00,0.5500,0.7469,66.6,1183.0,33
pibt,warehouse_single_dock,wear_high,random,40,42,true,0.4040,202,0.0104,0.0424,1.0000,,0.00,0.00,,,1.0000,0.0000,0,0.00,0.00,0.0000,0.00,0.0000,1.0000,34.6,1249.0,20
pibt,warehouse_single_dock,wear_high,random,40,42,false,0.0780,39,0.0019,0.1985,0.1850,0.3084,,1.00,7.24,,0.0750,-80.6931,32336,0.00,1.00,36169.3333,0.00,0.9250,0.2533,57.4,1196.0,29
pibt,warehouse_single_dock,wear_high,random,40,123,true,0.4340,217,0.0114,0.0463,1.0000,,0.00,0.00,,,1.0000,0.0000,0,0.00,0.00,0.0000,0.00,0.0000,1.0000,34.3,1167.0,20
pibt,warehouse_single_dock,wear_high,random,40,123,false,0.0840,42,0.0021,0.0474,0.1587,0.3468,,1.00,5.56,,0.0000,-80.6452,33574,0.00,1.00,36039.5000,0.00,1.0000,0.2103,64.2,1604.0,32
pibt,warehouse_single_dock,wear_high,random,40,456,true,0.4320,216,0.0110,0.0407,1.0000,,0.00,0.00,,,1.0000,0.0000,0,0.00,0.00,0.0000,0.00,0.0000,1.0000,55.4,1606.0,30
pibt,warehouse_single_dock,wear_high,random,40,456,false,0.0900,45,0.0022,0.3292,0.1407,0.3425,,1.00,5.75,,0.1500,-79.1667,34135,0.00,1.00,33637.3333,0.00,0.8500,0.2802,60.5,1153.0,30
pibt,warehouse_single_dock,wear_high,random,40,789,true,0.4100,205,0.0104,0.0432,1.0000,,0.00,0.00,,,1.0000,0.0000,0,0.00,0.00,0.0000,0.00,0.0000,1.0000,34.1,1201.0,20
pibt,warehouse_single_dock,wear_high,random,40,789,false,0.0980,49,0.0024,0.0448,0.2239,0.3070,,1.00,5.51,,0.0000,-76.0976,28512,0.00,1.00,38761.5000,0.00,1.0000,0.2370,89.9,6062.0,45
pibt,warehouse_single_dock,wear_high,random,40,1024,true,0.4180,209,0.0109,0.0421,1.0000,,0.00,0.00,,,1.0000,0.0000,0,0.00,0.00,0.0000,0.00,0.0000,1.0000,35.2,1159.0,20
pibt,warehouse_single_dock,wear_high,random,40,1024,false,0.0920,46,0.0023,0.1687,0.2201,0.3214,,1.00,4.89,,0.0500,-77.9904,29457,0.00,1.00,41104.5000,12.00,0.9500,0.2418,63.2,1259.0,31
pibt,warehouse_single_dock,wear_high,random,40,2048,true,0.4180,209,0.0109,0.0449,1.0000,,0.00,0.00,,,1.0000,0.0000,0,0.00,0.00,0.0000,0.00,0.0000,1.0000,47.3,6458.0,26
pibt,warehouse_single_dock,wear_high,random,40,2048,false,0.1000,50,0.0024,0.2078,0.2282,0.3304,,1.00,6.27,,0.0750,-76.0766,30980,0.00,1.00,37120.5000,0.00,0.9250,0.2649,79.5,1898.0,40
pibt,warehouse_single_dock,wear_high,random,40,3141,true,0.4240,212,0.0106,0.0412,1.0000,,0.00,0.00,,,1.0000,0.0000,0,0.00,0.00,0.0000,0.00,0.0000,1.0000,38.3,1979.0,25
pibt,warehouse_single_dock,wear_high,random,40,3141,false,0.0920,46,0.0025,0.0523,0.1942,0.3194,,1.00,4.66,,0.0000,-78.3019,32531,0.00,1.00,35993.8333,0.00,1.0000,0.2029,97.3,8584.0,49
pibt,warehouse_single_dock,wear_high,random,40,9999,true,0.4120,206,0.0106,0.0430,1.0000,,0.00,0.00,,,1.0000,0.0000,0,0.00,0.00,0.0000,0.00,0.0000,1.0000,48.5,1573.0,27
pibt,warehouse_single_dock,wear_high,random,40,9999,false,0.0640,32,0.0017,0.0519,0.0938,0.3447,,1.00,5.63,,0.0000,-84.4660,35627,0.00,1.00,34083.5000,0.00,1.0000,0.1655,45.6,1180.0,23
pibt,warehouse_single_dock,wear_high,random,40,1337,true,0.3980,199,0.0103,0.0413,1.0000,,0.00,0.00,,,1.0000,0.0000,0,0.00,0.00,0.0000,0.00,0.0000,1.0000,34.4,1149.0,20
pibt,warehouse_single_dock,wear_high,random,40,1337,false,0.0920,46,0.0023,0.0445,0.1639,0.3248,,1.00,4.76,,0.0000,-76.8844,27359,0.00,1.00,32977.1667,0.00,1.0000,0.1596,78.5,10974.0,39
pibt,warehouse_single_dock,wear_high,random,40,7777,true,0.4400,220,0.0114,0.0415,1.0000,,0.00,0.00,,,1.0000,0.0000,0,0.00,0.00,0.0000,0.00,0.0000,1.0000,57.5,2152.0,39
pibt,warehouse_single_dock,wear_high,random,40,7777,false,0.1120,56,0.0029,0.1445,0.2264,0.3206,,1.00,6.69,,0.0500,-74.5455,31641,0.00,1.00,34194.5000,0.00,0.9500,0.2442,79.2,2919.0,39
pibt,warehouse_single_dock,wear_high,random,40,11,true,0.4280,214,0.0113,0.0423,1.0000,,0.00,0.00,,,1.0000,0.0000,0,0.00,0.00,0.0000,0.00,0.0000,1.0000,42.3,3195.0,31
pibt,warehouse_single_dock,wear_high,random,40,11,false,0.0800,40,0.0021,0.1189,0.1300,0.3364,,1.00,4.91,,0.0250,-81.3084,33963,0.00,1.00,34228.0000,0.00,0.9750,0.1698,62.3,1869.0,31
pibt,warehouse_single_dock,wear_high,random,40,22,true,0.4280,214,0.0112,0.0430,1.0000,,0.00,0.00,,,1.0000,0.0000,0,0.00,0.00,0.0000,0.00,0.0000,1.0000,34.9,1237.0,23
pibt,warehouse_single_dock,wear_high,random,40,22,false,0.0800,40,0.0021,0.2688,0.1754,0.3348,,1.00,5.35,,0.1000,-81.3084,34940,0.00,1.00,39403.1667,0.00,0.9000,0.2725,68.1,1543.0,34
pibt,warehouse_single_dock,wear_high,random,40,33,true,0.4260,213,0.0109,0.0424,1.0000,,0.00,0.00,,,1.0000,0.0000,0,0.00,0.00,0.0000,0.00,0.0000,1.0000,50.7,4976.0,28
pibt,warehouse_single_dock,wear_high,random,40,33,false,0.0820,41,0.0020,0.3418,0.1691,0.3458,,1.00,6.74,,0.1500,-80.7512,34714,0.00,1.00,38185.0000,0.00,0.8500,0.3086,69.7,1819.0,35
pibt,warehouse_single_dock,wear_high,random,40,44,true,0.4340,217,0.0112,0.0410,1.0000,,0.00,0.00,,,1.0000,0.0000,0,0.00,0.00,0.0000,0.00,0.0000,1.0000,47.8,4008.0,38
pibt,warehouse_single_dock,wear_high,random,40,44,false,0.0920,46,0.0022,0.2776,0.1407,0.3386,,1.00,5.38,,0.1250,-78.8018,32174,0.00,1.00,35492.8333,0.00,0.8750,0.2798,70.7,1905.0,35
pibt,warehouse_single_dock,wear_high,random,40,55,true,0.4300,215,0.0115,0.0417,1.0000,,0.00,0.00,,,1.0000,0.0000,0,0.00,0.00,0.0000,0.00,0.0000,1.0000,56.8,6471.0,31
pibt,warehouse_single_dock,wear_high,random,40,55,false,0.0980,49,0.0026,0.1110,0.2133,0.3175,,1.00,5.36,,0.0250,-77.2093,30869,0.00,1.00,37392.3333,0.00,0.9750,0.2269,55.9,1186.0,28
pibt,warehouse_single_dock,wear_high,random,40,101,true,0.4340,217,0.0112,0.0430,1.0000,,0.00,0.00,,,1.0000,0.0000,0,0.00,0.00,0.0000,0.00,0.0000,1.0000,35.2,1171.0,22
pibt,warehouse_single_dock,wear_high,random,40,101,false,0.0920,46,0.0024,0.1109,0.1934,0.3341,,1.00,7.29,,0.0250,-78.8018,32434,0.00,1.00,39138.1667,0.00,0.9750,0.2361,70.6,1258.0,35
pibt,warehouse_single_dock,wear_high,random,40,202,true,0.4240,212,0.0111,0.0437,1.0000,,0.00,0.00,,,1.0000,0.0000,0,0.00,0.00,0.0000,0.00,0.0000,1.0000,34.6,1173.0,20
pibt,warehouse_single_dock,wear_high,random,40,202,false,0.0900,45,0.0023,0.0539,0.1436,0.3356,,1.00,4.64,,0.0000,-78.7736,32274,0.00,1.00,33433.0000,0.00,1.0000,0.1501,54.0,1154.0,27
pibt,warehouse_single_dock,wear_high,random,40,303,true,0.4280,214,0.0115,0.0452,1.0000,,0.00,0.00,,,1.0000,0.0000,0,0.00,0.00,0.0000,0.00,0.0000,1.0000,34.8,1179.0,20
pibt,warehouse_single_dock,wear_high,random,40,303,false,0.0920,46,0.0024,0.1491,0.2075,0.3207,,1.00,6.79,,0.0500,-78.5047,31200,0.00,1.00,41449.8333,0.00,0.9500,0.2830,72.3,2273.0,36
pibt,warehouse_single_dock,wear_high,random,40,404,true,0.4120,206,0.0109,0.0411,1.0000,,0.00,0.00,,,1.0000,0.0000,0,0.00,0.00,0.0000,0.00,0.0000,1.0000,53.7,4130.0,30
pibt,warehouse_single_dock,wear_high,random,40,404,false,0.0860,43,0.0021,0.1064,0.1421,0.3372,,1.00,4.76,,0.0250,-79.1262,30276,0.00,1.00,32571.5000,0.00,0.9750,0.1817,66.8,1773.0,33
pibt,warehouse_single_dock,wear_high,random,40,505,true,0.4240,212,0.0113,0.0417,1.0000,,0.00,0.00,,,1.0000,0.0000,0,0.00,0.00,0.0000,0.00,0.0000,1.0000,35.0,1168.0,20
pibt,warehouse_single_dock,wear_high,random,40,505,false,0.1120,56,0.0031,0.1483,0.2642,0.2948,,1.00,7.36,,0.0500,-73.5849,29290,0.00,1.00,38517.5000,21.00,0.9500,0.2878,62.4,1246.0,31
pibt,warehouse_single_dock,wear_high,random,40,1111,true,0.4320,216,0.0114,0.0452,1.0000,,0.00,0.00,,,1.0000,0.0000,0,0.00,0.00,0.0000,0.00,0.0000,1.0000,34.9,1195.0,20
pibt,warehouse_single_dock,wear_high,random,40,1111,false,0.0900,45,0.0022,0.1149,0.1699,0.3356,,1.00,6.03,,0.0250,-79.1667,32625,0.00,1.00,36324.2500,0.00,0.9750,0.2152,52.6,1163.0,26
pibt,warehouse_single_dock,wear_high,random,40,2222,true,0.4200,210,0.0109,0.0421,1.0000,,0.00,0.00,,,1.0000,0.0000,0,0.00,0.00,0.0000,0.00,0.0000,1.0000,81.7,15126.0,44
pibt,warehouse_single_dock,wear_high,random,40,2222,false,0.0880,44,0.0022,0.1538,0.1217,0.3448,,1.00,5.06,,0.0500,-79.0476,33624,0.00,1.00,33953.0000,0.00,0.9500,0.1915,113.7,5639.0,57
pibt,warehouse_single_dock,wear_high,random,40,3333,true,0.4160,208,0.0110,0.0421,1.0000,,0.00,0.00,,,1.0000,0.0000,0,0.00,0.00,0.0000,0.00,0.0000,1.0000,34.5,1216.0,20
pibt,warehouse_single_dock,wear_high,random,40,3333,false,0.1000,50,0.0026,0.0959,0.1684,0.3171,,1.00,4.89,,0.0250,-75.9615,29155,0.00,1.00,31243.0000,0.00,0.9750,0.1852,110.3,6174.0,55
pibt,warehouse_single_dock,wear_high,random,40,4444,true,0.4260,213,0.0112,0.0424,1.0000,,0.00,0.00,,,1.0000,0.0000,0,0.00,0.00,0.0000,0.00,0.0000,1.0000,34.5,1164.0,20
pibt,warehouse_single_dock,wear_high,random,40,4444,false,0.0920,46,0.0025,0.0978,0.1773,0.3408,,1.00,4.84,,0.0250,-78.4038,31255,0.00,1.00,36305.0000,0.00,0.9750,0.2189,63.7,2294.0,32
pibt,warehouse_single_dock,wear_high,random,40,5555,true,0.4100,205,0.0106,0.0443,1.0000,,0.00,0.00,,,1.0000,0.0000,0,0.00,0.00,0.0000,0.00,0.0000,1.0000,34.0,1148.0,20
pibt,warehouse_single_dock,wear_high,random,40,5555,false,0.0900,45,0.0024,0.0533,0.1444,0.3218,,1.00,4.49,,0.0000,-78.0488,31221,0.00,1.00,33422.5000,0.00,1.0000,0.1742,59.9,1176.0,30
pibt,warehouse_single_dock,wear_high,random,40,10000,true,0.4320,216,0.0108,0.0448,1.0000,,0.00,0.00,,,1.0000,0.0000,0,0.00,0.00,0.0000,0.00,0.0000,1.0000,70.2,4433.0,38
pibt,warehouse_single_dock,wear_high,random,40,10000,false,0.0820,41,0.0020,0.3002,0.1294,0.3364,,1.00,4.58,,0.1250,-81.0185,35435,0.00,1.00,32860.3333,0.00,0.8750,0.2640,59.4,1180.0,29
pibt,warehouse_single_dock,wear_high,random,40,20000,true,0.4060,203,0.0104,0.0422,1.0000,,0.00,0.00,,,1.0000,0.0000,0,0.00,0.00,0.0000,0.00,0.0000,1.0000,33.6,1156.0,19
pibt,warehouse_single_dock,wear_high,random,40,20000,false,0.0840,42,0.0021,0.0961,0.2069,0.2965,,1.00,7.23,,0.0250,-79.3103,30214,0.00,1.00,39960.0000,10.00,0.9750,0.2834,106.6,3906.0,53
pibt,warehouse_single_dock,wear_high,random,40,30000,true,0.4120,206,0.0110,0.0426,1.0000,,0.00,0.00,,,1.0000,0.0000,0,0.00,0.00,0.0000,0.00,0.0000,1.0000,34.8,1185.0,20
pibt,warehouse_single_dock,wear_high,random,40,30000,false,0.1000,50,0.0025,0.0498,0.1875,0.3131,,1.00,4.66,,0.0000,-75.7282,30446,0.00,1.00,32857.3333,0.00,1.0000,0.1952,60.5,1172.0,30
pibt,warehouse_single_dock,wear_high,random,40,40000,true,0.4260,213,0.0111,0.0454,1.0000,,0.00,0.00,,,1.0000,0.0000,0,0.00,0.00,0.0000,0.00,0.0000,1.0000,34.3,1178.0,20
pibt,warehouse_single_dock,wear_high,random,40,40000,false,0.0980,49,0.0024,0.1911,0.1230,0.3268,,1.00,3.91,,0.0750,-76.9953,30298,0.00,1.00,28626.5000,0.00,0.9250,0.1978,94.6,10484.0,47
pibt,warehouse_single_dock,wear_high,random,40,50000,true,0.4200,210,0.0109,0.0437,1.0000,,0.00,0.00,,,1.0000,0.0000,0,0.00,0.00,0.0000,0.00,0.0000,1.0000,41.8,2056.0,39
pibt,warehouse_single_dock,wear_high,random,40,50000,false,0.0840,42,0.0022,0.2501,0.1962,0.3319,,1.00,5.03,,0.1000,-80.0000,33394,0.00,1.00,39917.5000,17.00,0.9000,0.2883,120.1,5752.0,60
pibt,warehouse_single_dock,wear_high,closest,40,42,true,0.4060,203,0.0104,0.0428,1.0000,,0.00,0.00,,,1.0000,0.0000,0,0.00,0.00,0.0000,0.00,0.0000,1.0000,34.2,1169.0,20
pibt,warehouse_single_dock,wear_high,closest,40,42,false,0.0960,48,0.0024,0.1565,0.2132,0.3269,,1.00,5.94,,0.0500,-76.3547,30997,0.00,1.00,37423.0000,0.00,0.9500,0.2365,56.4,1151.0,28
pibt,warehouse_single_dock,wear_high,closest,40,123,true,0.4360,218,0.0114,0.0435,1.0000,,0.00,0.00,,,1.0000,0.0000,0,0.00,0.00,0.0000,0.00,0.0000,1.0000,35.4,1184.0,20
pibt,warehouse_single_dock,wear_high,closest,40,123,false,0.1200,60,0.0031,0.0467,0.1728,0.3138,,1.00,5.62,,0.0000,-72.4771,29190,0.00,1.00,33135.5000,0.00,1.0000,0.2081,55.5,1201.0,28
pibt,warehouse_single_dock,wear_high,closest,40,456,true,0.4360,218,0.0117,0.0415,1.0000,,0.00,0.00,,,1.0000,0.0000,0,0.00,0.00,0.0000,0.00,0.0000,1.0000,34.9,1172.0,20
pibt,warehouse_single_dock,wear_high,closest,40,456,false,0.1140,57,0.0032,0.1488,0.1154,0.3234,,1.00,5.35,,0.0500,-73.8532,32251,0.00,1.00,32230.0000,0.00,0.9500,0.2018,75.7,2261.0,38
pibt,warehouse_single_dock,wear_high,closest,40,789,true,0.4360,218,0.0113,0.0425,1.0000,,0.00,0.00,,,1.0000,0.0000,0,0.00,0.00,0.0000,0.00,0.0000,1.0000,72.7,4373.0,39
pibt,warehouse_single_dock,wear_high,closest,40,789,false,0.1140,57,0.0029,0.1094,0.2406,0.3369,,1.00,6.24,,0.0250,-73.8532,29003,0.00,1.00,39991.5000,0.00,0.9750,0.2575,70.3,5267.0,35
pibt,warehouse_single_dock,wear_high,closest,40,1024,true,0.4320,216,0.0111,0.0411,1.0000,,0.00,0.00,,,1.0000,0.0000,0,0.00,0.00,0.0000,0.00,0.0000,1.0000,35.4,1186.0,26
pibt,warehouse_single_dock,wear_high,closest,40,1024,false,0.0780,39,0.0021,0.1690,0.1611,0.3319,,1.00,5.55,,0.0500,-81.9444,35966,0.00,1.00,40241.0000,24.00,0.9500,0.2419,57.6,2030.0,29
pibt,warehouse_single_dock,wear_high,closest,40,2048,true,0.4520,226,0.0118,0.0450,1.0000,,0.00,0.00,,,1.0000,0.0000,0,0.00,0.00,0.0000,0.00,0.0000,1.0000,35.9,1182.0,21
pibt,warehouse_single_dock,wear_high,closest,40,2048,false,0.1360,68,0.0035,0.0569,0.2367,0.3247,,1.00,6.47,,0.0000,-69.9115,29686,0.00,1.00,37856.5000,0.00,1.0000,0.2212,78.1,9015.0,39
pibt,warehouse_single_dock,wear_high,closest,40,3141,true,0.4380,219,0.0112,0.0399,1.0000,,0.00,0.00,,,1.0000,0.0000,0,0.00,0.00,0.0000,0.00,0.0000,1.0000,35.1,1177.0,20
pibt,warehouse_single_dock,wear_high,closest,40,3141,false,0.1120,56,0.0028,0.0521,0.1768,0.3444,,1.00,4.35,,0.0000,-74.4292,30596,0.00,1.00,38843.6667,0.00,1.0000,0.2015,115.4,12817.0,58
pibt,warehouse_single_dock,wear_high,closest,40,9999,true,0.4300,215,0.0112,0.0421,1.0000,,0.00,0.00,,,1.0000,0.0000,0,0.00,0.00,0.0000,0.00,0.0000,1.0000,76.2,4603.0,41
pibt,warehouse_single_dock,wear_high,closest,40,9999,false,0.1160,58,0.0029,0.0453,0.1823,0.3197,,1.00,4.97,,0.0000,-73.0233,30120,0.00,1.00,33159.5000,0.00,1.0000,0.1683,57.3,1166.0,28
pibt,warehouse_single_dock,wear_high,closest,40,1337,true,0.4340,217,0.0111,0.0445,1.0000,,0.00,0.00,,,1.0000,0.0000,0,0.00,0.00,0.0000,0.00,0.0000,1.0000,33.6,1149.0,19
pibt,warehouse_single_dock,wear_high,closest,40,1337,false,0.0960,48,0.0026,0.2010,0.1152,0.3520,,1.00,5.33,,0.0750,-77.8802,31745,0.00,1.00,36380.5000,0.00,0.9250,0.2203,55.8,1182.0,28
pibt,warehouse_single_dock,wear_high,closest,40,7777,true,0.4560,228,0.0118,0.0444,1.0000,,0.00,0.00,,,1.0000,0.0000,0,0.00,0.00,0.0000,0.00,0.0000,1.0000,42.9,3240.0,29
pibt,warehouse_single_dock,wear_high,closest,40,7777,false,0.1340,67,0.0034,0.1056,0.1827,0.3311,,1.00,6.97,,0.0250,-70.6140,29603,0.00,1.00,35840.0000,0.00,0.9750,0.2280,71.5,2091.0,36
pibt,warehouse_single_dock,wear_high,closest,40,11,true,0.4560,228,0.0122,0.0452,1.0000,,0.00,0.00,,,1.0000,0.0000,0,0.00,0.00,0.0000,0.00,0.0000,1.0000,35.6,1156.0,20
pibt,warehouse_single_dock,wear_high,closest,40,11,false,0.1040,52,0.0027,0.2332,0.1111,0.3349,,1.00,5.55,,0.0750,-77.1930,34317,0.00,1.00,32789.0000,0.00,0.9250,0.2100,67.7,2343.0,34
pibt,warehouse_single_dock,wear_high,closest,40,22,true,0.4480,224,0.0118,0.0406,1.0000,,0.00,0.00,,,1.0000,0.0000,0,0.00,0.00,0.0000,0.00,0.0000,1.0000,35.9,1169.0,21
pibt,warehouse_single_dock,wear_high,closest,40,22,false,0.1080,54,0.0029,0.1832,0.1905,0.3283,,1.00,5.97,,0.0500,-75.8929,34413,0.00,1.00,38443.0000,0.00,0.9500,0.2455,67.1,1529.0,34
pibt,warehouse_single_dock,wear_high,closest,40,33,true,0.4560,228,0.0123,0.0395,1.0000,,0.00,0.00,,,1.0000,0.0000,0,0.00,0.00,0.0000,0.00,0.0000,1.0000,50.4,7814.0,28
pibt,warehouse_single_dock,wear_high,closest,40,33,false,0.1120,56,0.0027,0.1003,0.1848,0.3129,,1.00,6.09,,0.0250,-75.4386,33458,0.00,1.00,36718.5000,0.00,0.9750,0.2187,60.1,1169.0,30
pibt,warehouse_single_dock,wear_high,closest,40,44,true,0.4420,221,0.0115,0.0428,1.0000,,0.00,0.00,,,1.0000,0.0000,0,0.00,0.00,0.0000,0.00,0.0000,1.0000,37.2,1982.0,24
pibt,warehouse_single_dock,wear_high,closest,40,44,false,0.1040,52,0.0027,0.0456,0.1421,0.3386,,1.00,4.78,,0.0000,-76.4706,31735,0.00,1.00,35259.0000,0.00,1.0000,0.1837,67.2,2242.0,34
pibt,warehouse_single_dock,wear_high,closest,40,55,true,0.4500,225,0.0120,0.0416,1.0000,,0.00,0.00,,,1.0000,0.0000,0,0.00,0.00,0.0000,0.00,0.0000,1.0000,33.9,1140.0,19
pibt,warehouse_single_dock,wear_high,closest,40,55,false,0.1060,53,0.0027,0.2442,0.1810,0.3485,,1.00,5.12,,0.1000,-76.4444,33711,0.00,1.00,39642.0000,0.00,0.9000,0.2753,67.4,2544.0,34
pibt,warehouse_single_dock,wear_high,closest,40,101,true,0.4460,223,0.0120,0.0410,1.0000,,0.00,0.00,,,1.0000,0.0000,0,0.00,0.00,0.0000,0.00,0.0000,1.0000,35.2,1264.0,22
pibt,warehouse_single_dock,wear_high,closest,40,101,false,0.1060,53,0.0027,0.2099,0.1748,0.3217,,1.00,7.97,,0.0750,-76.2332,33094,0.00,1.00,36710.5000,0.00,0.9250,0.2756,83.2,1962.0,42
pibt,warehouse_single_dock,wear_high,closest,40,202,true,0.4380,219,0.0115,0.0408,1.0000,,0.00,0.00,,,1.0000,0.0000,0,0.00,0.00,0.0000,0.00,0.0000,1.0000,34.5,1161.0,20
pibt,warehouse_single_dock,wear_high,closest,40,202,false,0.1140,57,0.0029,0.0484,0.1429,0.3333,,1.00,3.95,,0.0000,-73.9726,30260,0.00,1.00,33024.0000,0.00,1.0000,0.1484,65.0,2173.0,32
pibt,warehouse_single_dock,wear_high,closest,40,303,true,0.4560,228,0.0118,0.0442,1.0000,,0.00,0.00,,,1.0000,0.0000,0,0.00,0.00,0.0000,0.00,0.0000,1.0000,42.0,1985.0,26
pibt,warehouse_single_dock,wear_high,closest,40,303,false,0.1100,55,0.0027,0.1677,0.2277,0.3432,,1.00,6.91,,0.0500,-75.8772,32513,0.00,1.00,40969.0000,0.00,0.9500,0.2820,77.2,1937.0,39
pibt,warehouse_single_dock,wear_high,closest,40,404,true,0.4360,218,0.0112,0.0410,1.0000,,0.00,0.00,,,1.0000,0.0000,0,0.00,0.00,0.0000,0.00,0.0000,1.0000,35.6,1204.0,20
pibt,warehouse_single_dock,wear_high,closest,40,404,false,0.1040,52,0.0026,0.2030,0.1354,0.3498,,1.00,4.97,,0.0750,-76.1468,29604,0.00,1.00,34439.0000,0.00,0.9250,0.2109,60.9,1178.0,30
pibt,warehouse_single_dock,wear_high,closest,40,505,true,0.4600,230,0.0120,0.0430,1.0000,,0.00,0.00,,,1.0000,0.0000,0,0.00,0.00,0.0000,0.00,0.0000,1.0000,35.7,1176.0,20
pibt,warehouse_single_dock,wear_high,closest,40,505,false,0.1180,59,0.0032,0.1527,0.2565,0.3113,,1.00,7.41,,0.0500,-74.3478,32385,0.00,1.00,40854.5000,1.00,0.9500,0.2899,61.9,2025.0,31
pibt,warehouse_single_dock,wear_high,closest,40,1111,true,0.4400,220,0.0118,0.0453,1.0000,,0.00,0.00,,,1.0000,0.0000,0,0.00,0.00,0.0000,0.00,0.0000,1.0000,61.0,8027.0,33
pibt,warehouse_single_dock,wear_high,closest,40,1111,false,0.1080,54,0.0027,0.1167,0.1863,0.3133,,1.00,5.33,,0.0250,-75.4545,31304,0.00,1.00,33490.0000,0.00,0.9750,0.2114,67.9,2179.0,34
pibt,warehouse_single_dock,wear_high,closest,40,2222,true,0.4340,217,0.0118,0.0454,1.0000,,0.00,0.00,,,1.0000,0.0000,0,0.00,0.00,0.0000,0.00,0.0000,1.0000,35.4,1198.0,20
pibt,warehouse_single_dock,wear_high,closest,40,2222,false,0.1000,50,0.0025,0.0539,0.1436,0.3288,,1.00,5.42,,0.0000,-76.9585,32743,0.00,1.00,33374.0000,0.00,1.0000,0.1663,97.7,6992.0,49
pibt,warehouse_single_dock,wear_high,closest,40,3333,true,0.4340,217,0.0117,0.0397,1.0000,,0.00,0.00,,,1.0000,0.0000,0,0.00,0.00,0.0000,0.00,0.0000,1.0000,35.9,1181.0,21
pibt,warehouse_single_dock,wear_high,closest,40,3333,false,0.1140,57,0.0028,0.1984,0.1623,0.3140,,1.00,5.52,,0.0750,-73.7327,29072,0.00,1.00,32464.0000,0.00,0.9250,0.2196,68.5,1768.0,34
pibt,warehouse_single_dock,wear_high,closest,40,4444,true,0.4560,228,0.0119,0.0430,1.0000,,0.00,0.00,,,1.0000,0.0000,0,0.00,0.00,0.0000,0.00,0.0000,1.0000,47.4,1836.0,27
pibt,warehouse_single_dock,wear_high,closest,40,4444,false,0.1300,65,0.0034,0.2384,0.2049,0.3266,,1.00,4.53,,0.1000,-71.4912,29662,0.00,1.00,36912.8333,0.00,0.9000,0.2724,69.9,2626.0,35
pibt,warehouse_single_dock,wear_high,closest,40,5555,true,0.4460,223,0.0117,0.0434,1.0000,,0.00,0.00,,,1.0000,0.0000,0,0.00,0.00,0.0000,0.00,0.0000,1.0000,53.2,2324.0,34
pibt,warehouse_single_dock,wear_high,closest,40,5555,false,0.1260,63,0.0034,0.0656,0.1398,0.3272,,1.00,5.33,,0.0000,-71.7489,30709,0.00,1.00,33757.6667,0.00,1.0000,0.1823,65.1,2814.0,32
pibt,warehouse_single_dock,wear_high,closest,40,10000,true,0.4500,225,0.0115,0.0454,1.0000,,0.00,0.00,,,1.0000,0.0000,0,0.00,0.00,0.0000,0.00,0.0000,1.0000,43.0,3648.0,27
pibt,warehouse_single_dock,wear_high,closest,40,10000,false,0.1120,56,0.0029,0.2234,0.1289,0.3349,,1.00,4.68,,0.0750,-75.1111,33009,0.00,1.00,32189.5000,0.00,0.9250,0.2131,65.0,1958.0,32
pibt,warehouse_single_dock,wear_high,closest,40,20000,true,0.4340,217,0.0114,0.0417,1.0000,,0.00,0.00,,,1.0000,0.0000,0,0.00,0.00,0.0000,0.00,0.0000,1.0000,34.6,1166.0,20
pibt,warehouse_single_dock,wear_high,closest,40,20000,false,0.1040,52,0.0027,0.0478,0.2396,0.3231,,1.00,8.03,,0.0000,-76.0369,31056,0.00,1.00,43064.0000,1.00,1.0000,0.2700,66.0,2177.0,33
pibt,warehouse_single_dock,wear_high,closest,40,30000,true,0.4260,213,0.0111,0.0448,1.0000,,0.00,0.00,,,1.0000,0.0000,0,0.00,0.00,0.0000,0.00,0.0000,1.0000,34.3,1146.0,20
pibt,warehouse_single_dock,wear_high,closest,40,30000,false,0.0940,47,0.0024,0.0693,0.1487,0.3167,,1.00,5.22,,0.0000,-77.9343,32725,0.00,1.00,32988.3333,0.00,1.0000,0.1987,54.9,1153.0,27
pibt,warehouse_single_dock,wear_high,closest,40,40000,true,0.4560,228,0.0118,0.0415,1.0000,,0.00,0.00,,,1.0000,0.0000,0,0.00,0.00,0.0000,0.00,0.0000,1.0000,34.6,1163.0,20
pibt,warehouse_single_dock,wear_high,closest,40,40000,false,0.1280,64,0.0032,0.0472,0.1414,0.3252,,1.00,3.40,,0.0000,-71.9298,29053,0.00,1.00,29845.0000,0.00,1.0000,0.1422,67.3,1890.0,34
pibt,warehouse_single_dock,wear_high,closest,40,50000,true,0.4360,218,0.0111,0.0428,1.0000,,0.00,0.00,,,1.0000,0.0000,0,0.00,0.00,0.0000,0.00,0.0000,1.0000,58.8,4388.0,32
pibt,warehouse_single_dock,wear_high,closest,40,50000,false,0.1000,50,0.0025,0.1685,0.2038,0.3263,,1.00,5.48,,0.0500,-77.0642,32908,0.00,1.00,39708.0000,0.00,0.9500,0.2645,71.1,1627.0,36
pibt,warehouse_single_dock,zone_50t,random,40,42,true,0.4040,202,0.0104,0.0424,1.0000,,0.00,0.00,,,1.0000,0.0000,0,0.00,0.00,0.0000,0.00,0.0000,1.0000,34.6,1249.0,20
pibt,warehouse_single_dock,zone_50t,random,40,42,false,0.3820,191,0.0095,0.1060,0.9341,0.2394,,1.00,,,1.0000,-5.4455,4775,0.43,1.43,22069.5000,0.00,0.3500,0.9903,33.8,1177.0,17
pibt,warehouse_single_dock,zone_50t,random,40,123,true,0.4340,217,0.0114,0.0463,1.0000,,0.00,0.00,,,1.0000,0.0000,0,0.00,0.00,0.0000,0.00,0.0000,1.0000,34.3,1167.0,20
pibt,warehouse_single_dock,zone_50t,random,40,123,false,0.4340,217,0.0114,0.0463,1.0000,,0.00,0.00,,,1.0000,0.0000,0,0.00,0.00,,,0.0000,1.0000,35.5,1192.0,18
pibt,warehouse_single_dock,zone_50t,random,40,456,true,0.4320,216,0.0110,0.0407,1.0000,,0.00,0.00,,,1.0000,0.0000,0,0.00,0.00,0.0000,0.00,0.0000,1.0000,55.4,1606.0,30
pibt,warehouse_single_dock,zone_50t,random,40,456,false,0.4040,202,0.0102,0.1000,0.9205,0.2070,,1.00,,,1.0000,-6.4815,5645,0.54,1.54,21278.0000,0.00,0.3750,0.9898,40.7,1171.0,20
pibt,warehouse_single_dock,zone_50t,random,40,789,true,0.4100,205,0.0104,0.0432,1.0000,,0.00,0.00,,,1.0000,0.0000,0,0.00,0.00,0.0000,0.00,0.0000,1.0000,34.1,1201.0,20
pibt,warehouse_single_dock,zone_50t,random,40,789,false,0.3860,193,0.0104,0.1090,0.9306,0.2519,,3.00,,,1.0000,-5.8537,5762,0.52,1.52,20903.5000,59.00,0.5750,0.9891,39.3,1856.0,20
pibt,warehouse_single_dock,zone_50t,random,40,1024,true,0.4180,209,0.0109,0.0421,1.0000,,0.00,0.00,,,1.0000,0.0000,0,0.00,0.00,0.0000,0.00,0.0000,1.0000,35.2,1159.0,20
pibt,warehouse_single_dock,zone_50t,random,40,1024,false,0.4080,204,0.0112,0.0460,0.9716,0.1895,,1.00,,,1.0000,-2.3923,2641,0.33,1.33,20542.5000,0.00,0.0750,0.9885,34.7,1183.0,17
pibt,warehouse_single_dock,zone_50t,random,40,2048,true,0.4180,209,0.0109,0.0449,1.0000,,0.00,0.00,,,1.0000,0.0000,0,0.00,0.00,0.0000,0.00,0.0000,1.0000,47.3,6458.0,26
pibt,warehouse_single_dock,zone_50t,random,40,2048,false,0.4060,203,0.0103,0.0846,0.9647,0.2145,,1.00,,,1.0000,-2.8708,4300,0.12,1.12,21700.0000,0.00,0.2000,0.9895,42.2,1931.0,21
pibt,warehouse_single_dock,zone_50t,random,40,3141,true,0.4240,212,0.0106,0.0412,1.0000,,0.00,0.00,,,1.0000,0.0000,0,0.00,0.00,0.0000,0.00,0.0000,1.0000,38.3,1979.0,25
pibt,warehouse_single_dock,zone_50t,random,40,3141,false,0.4100,205,0.0103,0.0626,0.9602,0.2344,,1.00,,,1.0000,-3.3019,1921,0.00,1.00,22034.5000,0.00,0.1750,0.9895,38.2,1171.0,19
pibt,warehouse_single_dock,zone_50t,random,40,9999,true,0.4120,206,0.0106,0.0430,1.0000,,0.00,0.00,,,1.0000,0.0000,0,0.00,0.00,0.0000,0.00,0.0000,1.0000,48.5,1573.0,27
pibt,warehouse_single_dock,zone_50t,random,40,9999,false,0.4140,207,0.0106,0.0443,1.0057,0.1471,321.00,1.00,,493,1.0000,0.4854,573,0.00,1.00,17504.0000,0.00,0.0250,0.9887,35.0,1699.0,17
pibt,warehouse_single_dock,zone_50t,random,40,1337,true,0.3980,199,0.0103,0.0413,1.0000,,0.00,0.00,,,1.0000,0.0000,0,0.00,0.00,0.0000,0.00,0.0000,1.0000,34.4,1149.0,20
pibt,warehouse_single_dock,zone_50t,random,40,1337,false,0.4180,209,0.0106,0.0666,1.0606,0.1945,254.00,1.00,,382,1.0000,5.0251,627,0.14,1.14,21214.3333,0.00,0.1750,0.9888,42.8,1151.0,21
pibt,warehouse_single_dock,zone_50t,random,40,7777,true,0.4400,220,0.0114,0.0415,1.0000,,0.00,0.00,,,1.0000,0.0000,0,0.00,0.00,0.0000,0.00,0.0000,1.0000,57.5,2152.0,39
pibt,warehouse_single_dock,zone_50t,random,40,7777,false,0.4300,215,0.0112,0.0609,0.9722,0.1970,,1.00,,,1.0000,-2.2727,2195,0.20,1.20,20531.8333,0.00,0.1250,0.9886,34.7,1174.0,17
pibt,warehouse_single_dock,zone_50t,random,40,11,true,0.4280,214,0.0113,0.0423,1.0000,,0.00,0.00,,,1.0000,0.0000,0,0.00,0.00,0.0000,0.00,0.0000,1.0000,42.3,3195.0,31
pibt,warehouse_single_dock,zone_50t,random,40,11,false,0.4020,201,0.0106,0.0804,0.9257,0.2294,,1.00,,,1.0000,-6.0748,2870,0.12,1.12,19944.6667,0.00,0.2000,0.9894,43.3,1171.0,21
pibt,warehouse_single_dock,zone_50t,random,40,22,true,0.4280,214,0.0112,0.0430,1.0000,,0.00,0.00,,,1.0000,0.0000,0,0.00,0.00,0.0000,0.00,0.0000,1.0000,34.9,1237.0,23
pibt,warehouse_single_dock,zone_50t,random,40,22,false,0.3980,199,0.0103,0.1018,0.9133,0.2394,,1.00,,,1.0000,-7.0093,4248,0.27,1.27,22052.3333,0.00,0.3750,0.9900,35.2,1160.0,17
pibt,warehouse_single_dock,zone_50t,random,40,33,true,0.4260,213,0.0109,0.0424,1.0000,,0.00,0.00,,,1.0000,0.0000,0,0.00,0.00,0.0000,0.00,0.0000,1.0000,50.7,4976.0,28
pibt,warehouse_single_dock,zone_50t,random,40,33,false,0.4260,213,0.0109,0.0424,1.0000,,0.00,0.00,,,1.0000,0.0000,0,0.00,0.00,,,0.0000,1.0000,54.4,1144.0,27
pibt,warehouse_single_dock,zone_50t,random,40,44,true,0.4340,217,0.0112,0.0410,1.0000,,0.00,0.00,,,1.0000,0.0000,0,0.00,0.00,0.0000,0.00,0.0000,1.0000,47.8,4008.0,38
pibt,warehouse_single_dock,zone_50t,random,40,44,false,0.4140,207,0.0107,0.0458,0.9454,0.2095,,1.00,,,1.0000,-4.6083,2332,0.00,1.00,20596.5000,0.00,0.0500,0.9888,34.1,1156.0,17
pibt,warehouse_single_dock,zone_50t,random,40,55,true,0.4300,215,0.0115,0.0417,1.0000,,0.00,0.00,,,1.0000,0.0000,0,0.00,0.00,0.0000,0.00,0.0000,1.0000,56.8,6471.0,31
pibt,warehouse_single_dock,zone_50t,random,40,55,false,0.3940,197,0.0103,0.0516,0.8983,0.2020,,1.00,,,1.0000,-8.3721,2626,0.00,1.00,21610.3333,0.00,0.0750,0.9896,34.1,1172.0,17
pibt,warehouse_single_dock,zone_50t,random,40,101,true,0.4340,217,0.0112,0.0430,1.0000,,0.00,0.00,,,1.0000,0.0000,0,0.00,0.00,0.0000,0.00,0.0000,1.0000,35.2,1171.0,22
pibt,warehouse_single_dock,zone_50t,random,40,101,false,0.4100,205,0.0106,0.0909,0.9326,0.2519,,1.00,,,1.0000,-5.5300,4359,0.15,1.15,23526.3333,0.00,0.3250,0.9893,42.8,1162.0,21
pibt,warehouse_single_dock,zone_50t,random,40,202,true,0.4240,212,0.0111,0.0437,1.0000,,0.00,0.00,,,1.0000,0.0000,0,0.00,0.00,0.0000,0.00,0.0000,1.0000,34.6,1173.0,20
pibt,warehouse_single_dock,zone_50t,random,40,202,false,0.4240,212,0.0111,0.0437,1.0000,,0.00,0.00,,,1.0000,0.0000,0,0.00,0.00,,,0.0000,1.0000,34.3,1173.0,17
pibt,warehouse_single_dock,zone_50t,random,40,303,true,0.4280,214,0.0115,0.0452,1.0000,,0.00,0.00,,,1.0000,0.0000,0,0.00,0.00,0.0000,0.00,0.0000,1.0000,34.8,1179.0,20
pibt,warehouse_single_dock,zone_50t,random,40,303,false,0.3940,197,0.0100,0.1135,0.9081,0.2344,,1.00,,,1.0000,-7.9439,6355,0.04,1.04,22007.1667,55.00,0.6000,0.9893,42.8,1141.0,21
pibt,warehouse_single_dock,zone_50t,random,40,404,true,0.4120,206,0.0109,0.0411,1.0000,,0.00,0.00,,,1.0000,0.0000,0,0.00,0.00,0.0000,0.00,0.0000,1.0000,53.7,4130.0,30
pibt,warehouse_single_dock,zone_50t,random,40,404,false,0.3960,198,0.0101,0.0876,0.9543,0.2170,,1.00,,,1.0000,-3.8835,2897,0.31,1.31,20384.0000,0.00,0.3250,0.9893,33.8,1147.0,17
pibt,warehouse_single_dock,zone_50t,random,40,505,true,0.4240,212,0.0113,0.0417,1.0000,,0.00,0.00,,,1.0000,0.0000,0,0.00,0.00,0.0000,0.00,0.0000,1.0000,35.0,1168.0,20
pibt,warehouse_single_dock,zone_50t,random,40,505,false,0.3940,197,0.0107,0.0949,0.9148,0.2244,,1.00,,,1.0000,-7.0755,3963,0.25,1.25,20438.6667,0.00,0.4000,0.9893,46.2,1158.0,23
pibt,warehouse_single_dock,zone_50t,random,40,1111,true,0.4320,216,0.0114,0.0452,1.0000,,0.00,0.00,,,1.0000,0.0000,0,0.00,0.00,0.0000,0.00,0.0000,1.0000,34.9,1195.0,20
pibt,warehouse_single_dock,zone_50t,random,40,1111,false,0.4280,214,0.0117,0.0644,0.9886,0.1920,,1.00,,,1.0000,-0.9259,857,0.00,1.00,21174.8333,0.00,0.1250,0.9881,37.5,2379.0,19
pibt,warehouse_single_dock,zone_50t,random,40,2222,true,0.4200,210,0.0109,0.0421,1.0000,,0.00,0.00,,,1.0000,0.0000,0,0.00,0.00,0.0000,0.00,0.0000,1.0000,81.7,15126.0,44
pibt,warehouse_single_dock,zone_50t,random,40,2222,false,0.4080,204,0.0108,0.1093,0.9655,0.2344,,1.00,,,1.0000,-2.8571,5181,0.29,1.29,21013.5000,0.00,0.5500,0.9888,39.1,1191.0,19
pibt,warehouse_single_dock,zone_50t,random,40,3333,true,0.4160,208,0.0110,0.0421,1.0000,,0.00,0.00,,,1.0000,0.0000,0,0.00,0.00,0.0000,0.00,0.0000,1.0000,34.5,1216.0,20
pibt,warehouse_single_dock,zone_50t,random,40,3333,false,0.4100,205,0.0103,0.0666,0.9830,0.1796,,1.00,,,1.0000,-1.4423,1122,0.17,1.17,17388.3333,0.00,0.1500,0.9891,35.3,1392.0,17
pibt,warehouse_single_dock,zone_50t,random,40,4444,true,0.4260,213,0.0112,0.0424,1.0000,,0.00,0.00,,,1.0000,0.0000,0,0.00,0.00,0.0000,0.00,0.0000,1.0000,34.5,1164.0,20
pibt,warehouse_single_dock,zone_50t,random,40,4444,false,0.4020,201,0.0103,0.0929,0.9318,0.2269,,1.00,,,1.0000,-5.6338,3535,0.27,1.27,19139.3333,56.00,0.3750,0.9894,34.3,1179.0,17
pibt,warehouse_single_dock,zone_50t,random,40,5555,true,0.4100,205,0.0106,0.0443,1.0000,,0.00,0.00,,,1.0000,0.0000,0,0.00,0.00,0.0000,0.00,0.0000,1.0000,34.0,1148.0,20
pibt,warehouse_single_dock,zone_50t,random,40,5555,false,0.4100,205,0.0106,0.0443,1.0000,,0.00,0.00,,,1.0000,0.0000,0,0.00,0.00,,,0.0000,1.0000,69.8,5064.0,35
pibt,warehouse_single_dock,zone_50t,random,40,10000,true,0.4320,216,0.0108,0.0448,1.0000,,0.00,0.00,,,1.0000,0.0000,0,0.00,0.00,0.0000,0.00,0.0000,1.0000,70.2,4433.0,38
pibt,warehouse_single_dock,zone_50t,random,40,10000,false,0.4000,200,0.0105,0.1260,0.9126,0.2469,,1.00,,,1.0000,-7.4074,7185,0.15,1.15,22043.8333,63.00,0.6750,0.9890,33.5,1181.0,17
pibt,warehouse_single_dock,zone_50t,random,40,20000,true,0.4060,203,0.0104,0.0422,1.0000,,0.00,0.00,,,1.0000,0.0000,0,0.00,0.00,0.0000,0.00,0.0000,1.0000,33.6,1156.0,19
pibt,warehouse_single_dock,zone_50t,random,40,20000,false,0.3760,188,0.0096,0.1040,0.9102,0.2045,,1.00,,,1.0000,-7.3892,4343,0.33,1.33,18691.1667,0.00,0.3750,0.9903,33.1,1157.0,16
pibt,warehouse_single_dock,zone_50t,random,40,30000,true,0.4120,206,0.0110,0.0426,1.0000,,0.00,0.00,,,1.0000,0.0000,0,0.00,0.00,0.0000,0.00,0.0000,1.0000,34.8,1185.0,20
pibt,warehouse_single_dock,zone_50t,random,40,30000,false,0.4020,201,0.0103,0.0615,0.9699,0.2219,,1.00,,,1.0000,-2.4272,1931,0.33,1.33,21446.8333,0.00,0.1500,0.9897,45.3,1155.0,23
pibt,warehouse_single_dock,zone_50t,random,40,40000,true,0.4260,213,0.0111,0.0454,1.0000,,0.00,0.00,,,1.0000,0.0000,0,0.00,0.00,0.0000,0.00,0.0000,1.0000,34.3,1178.0,20
pibt,warehouse_single_dock,zone_50t,random,40,40000,false,0.4260,213,0.0111,0.0454,1.0000,,0.00,0.00,,,1.0000,0.0000,0,0.00,0.00,,,0.0000,1.0000,34.4,1163.0,17
pibt,warehouse_single_dock,zone_50t,random,40,50000,true,0.4200,210,0.0109,0.0437,1.0000,,0.00,0.00,,,1.0000,0.0000,0,0.00,0.00,0.0000,0.00,0.0000,1.0000,41.8,2056.0,39
pibt,warehouse_single_dock,zone_50t,random,40,50000,false,0.4000,200,0.0102,0.0948,0.9432,0.2095,,1.00,,,1.0000,-4.7619,5321,0.00,1.00,20553.0000,0.00,0.2250,0.9894,46.1,1462.0,23
pibt,warehouse_single_dock,zone_50t,closest,40,42,true,0.4060,203,0.0104,0.0428,1.0000,,0.00,0.00,,,1.0000,0.0000,0,0.00,0.00,0.0000,0.00,0.0000,1.0000,34.2,1169.0,20
pibt,warehouse_single_dock,zone_50t,closest,40,42,false,0.4020,201,0.0101,0.0762,0.9878,0.2369,,1.00,,,1.0000,-0.9852,2461,0.33,1.33,20960.5000,0.00,0.3000,0.9898,35.8,1227.0,18
pibt,warehouse_single_dock,zone_50t,closest,40,123,true,0.4360,218,0.0114,0.0435,1.0000,,0.00,0.00,,,1.0000,0.0000,0,0.00,0.00,0.0000,0.00,0.0000,1.0000,35.4,1184.0,20
pibt,warehouse_single_dock,zone_50t,closest,40,123,false,0.4500,225,0.0117,0.0461,1.0407,0.1845,164.00,1.00,,282,1.0000,3.2110,46,0.00,1.00,18520.5833,0.00,0.0500,0.9885,46.1,1180.0,23
pibt,warehouse_single_dock,zone_50t,closest,40,456,true,0.4360,218,0.0117,0.0415,1.0000,,0.00,0.00,,,1.0000,0.0000,0,0.00,0.00,0.0000,0.00,0.0000,1.0000,34.9,1172.0,20
pibt,warehouse_single_dock,zone_50t,closest,40,456,false,0.4220,211,0.0109,0.0966,0.9595,0.2269,,1.00,,,1.0000,-3.2110,3217,0.21,1.21,20428.0000,0.00,0.3500,0.9897,40.6,1167.0,20
pibt,warehouse_single_dock,zone_50t,closest,40,789,true,0.4360,218,0.0113,0.0425,1.0000,,0.00,0.00,,,1.0000,0.0000,0,0.00,0.00,0.0000,0.00,0.0000,1.0000,72.7,4373.0,39
pibt,warehouse_single_dock,zone_50t,closest,40,789,false,0.4080,204,0.0132,0.1079,0.9218,0.2469,,2.00,,,1.0000,-6.4220,5270,0.14,1.14,22577.8333,56.00,0.5250,0.9859,35.3,1185.0,18
pibt,warehouse_single_dock,zone_50t,closest,40,1024,true,0.4320,216,0.0111,0.0411,1.0000,,0.00,0.00,,,1.0000,0.0000,0,0.00,0.00,0.0000,0.00,0.0000,1.0000,35.4,1186.0,26
pibt,warehouse_single_dock,zone_50t,closest,40,1024,false,0.4220,211,0.0107,0.0507,0.9714,0.1945,,1.00,,,1.0000,-2.3148,2212,1.00,2.00,19765.5000,0.00,0.0500,0.9892,41.6,1175.0,21
pibt,warehouse_single_dock,zone_50t,closest,40,2048,true,0.4520,226,0.0118,0.0450,1.0000,,0.00,0.00,,,1.0000,0.0000,0,0.00,0.00,0.0000,0.00,0.0000,1.0000,35.9,1182.0,21
pibt,warehouse_single_dock,zone_50t,closest,40,2048,false,0.4240,212,0.0113,0.1089,0.9218,0.2444,,1.00,,,1.0000,-6.1947,5848,0.24,1.24,22451.5000,0.00,0.4250,0.9891,45.9,1903.0,23
pibt,warehouse_single_dock,zone_50t,closest,40,3141,true,0.4380,219,0.0112,0.0399,1.0000,,0.00,0.00,,,1.0000,0.0000,0,0.00,0.00,0.0000,0.00,0.0000,1.0000,35.1,1177.0,20
pibt,warehouse_single_dock,zone_50t,closest,40,3141,false,0.4340,217,0.0114,0.0918,0.9885,0.2195,,1.00,,,1.0000,-0.9132,2031,0.47,1.47,20074.0000,0.00,0.4250,0.9888,36.0,1202.0,18
pibt,warehouse_single_dock,zone_50t,closest,40,9999,true,0.4300,215,0.0112,0.0421,1.0000,,0.00,0.00,,,1.0000,0.0000,0,0.00,0.00,0.0000,0.00,0.0000,1.0000,76.2,4603.0,41
pibt,warehouse_single_dock,zone_50t,closest,40,9999,false,0.4300,215,0.0112,0.0421,1.0000,,0.00,0.00,,,1.0000,0.0000,0,0.00,0.00,,,0.0000,1.0000,42.7,1188.0,21
pibt,warehouse_single_dock,zone_50t,closest,40,1337,true,0.4340,217,0.0111,0.0445,1.0000,,0.00,0.00,,,1.0000,0.0000,0,0.00,0.00,0.0000,0.00,0.0000,1.0000,33.6,1149.0,19
pibt,warehouse_single_dock,zone_50t,closest,40,1337,false,0.4300,215,0.0117,0.0702,0.9888,0.2244,,1.00,,,1.0000,-0.9217,2534,0.22,1.22,22759.8333,0.00,0.2500,0.9882,36.1,1189.0,18
pibt,warehouse_single_dock,zone_50t,closest,40,7777,true,0.4560,228,0.0118,0.0444,1.0000,,0.00,0.00,,,1.0000,0.0000,0,0.00,0.00,0.0000,0.00,0.0000,1.0000,42.9,3240.0,29
pibt,warehouse_single_dock,zone_50t,closest,40,7777,false,0.4260,213,0.0109,0.0903,0.9148,0.2170,,1.00,,,1.0000,-6.5789,3461,0.62,1.62,20506.6667,0.00,0.4000,0.9898,44.6,1184.0,22
pibt,warehouse_single_dock,zone_50t,closest,40,11,true,0.4560,228,0.0122,0.0452,1.0000,,0.00,0.00,,,1.0000,0.0000,0,0.00,0.00,0.0000,0.00,0.0000,1.0000,35.6,1156.0,20
pibt,warehouse_single_dock,zone_50t,closest,40,11,false,0.4400,220,0.0114,0.0983,0.9558,0.2070,,1.00,,,1.0000,-3.5088,2958,0.13,1.13,19680.3333,0.00,0.3750,0.9888,36.9,1168.0,18
pibt,warehouse_single_dock,zone_50t,closest,40,22,true,0.4480,224,0.0118,0.0406,1.0000,,0.00,0.00,,,1.0000,0.0000,0,0.00,0.00,0.0000,0.00,0.0000,1.0000,35.9,1169.0,21
pibt,warehouse_single_dock,zone_50t,closest,40,22,false,0.4360,218,0.0114,0.0744,0.9653,0.2145,,1.00,,,1.0000,-2.6786,2689,0.25,1.25,23312.1667,0.00,0.2000,0.9891,36.4,1170.0,18
pibt,warehouse_single_dock,zone_50t,closest,40,33,true,0.4560,228,0.0123,0.0395,1.0000,,0.00,0.00,,,1.0000,0.0000,0,0.00,0.00,0.0000,0.00,0.0000,1.0000,50.4,7814.0,28
pibt,warehouse_single_dock,zone_50t,closest,40,33,false,0.4440,222,0.0115,0.0483,0.9670,0.1621,,1.00,,,1.0000,-2.6316,784,0.00,1.00,18752.3333,0.00,0.0500,0.9887,46.7,1146.0,23
pibt,warehouse_single_dock,zone_50t,closest,40,44,true,0.4420,221,0.0115,0.0428,1.0000,,0.00,0.00,,,1.0000,0.0000,0,0.00,0.00,0.0000,0.00,0.0000,1.0000,37.2,1982.0,24
pibt,warehouse_single_dock,zone_50t,closest,40,44,false,0.4200,210,0.0111,0.0488,0.9399,0.1870,,1.00,,,1.0000,-4.9774,3155,0.00,1.00,20064.1667,0.00,0.0750,0.9887,36.7,1171.0,18
pibt,warehouse_single_dock,zone_50t,closest,40,55,true,0.4500,225,0.0120,0.0416,1.0000,,0.00,0.00,,,1.0000,0.0000,0,0.00,0.00,0.0000,0.00,0.0000,1.0000,33.9,1140.0,19
pibt,warehouse_single_dock,zone_50t,closest,40,55,false,0.4280,214,0.0112,0.0461,0.9382,0.1845,,1.00,,,1.0000,-4.8889,1765,0.00,1.00,24159.0000,0.00,0.0250,0.9892,39.4,1925.0,20
pibt,warehouse_single_dock,zone_50t,closest,40,101,true,0.4460,223,0.0120,0.0410,1.0000,,0.00,0.00,,,1.0000,0.0000,0,0.00,0.00,0.0000,0.00,0.0000,1.0000,35.2,1264.0,22
pibt,warehouse_single_dock,zone_50t,closest,40,101,false,0.4300,215,0.0117,0.1035,0.9558,0.1870,,1.00,,,1.0000,-3.5874,5265,0.08,1.08,19265.0000,0.00,0.3250,0.9885,45.1,1198.0,22
pibt,warehouse_single_dock,zone_50t,closest,40,202,true,0.4380,219,0.0115,0.0408,1.0000,,0.00,0.00,,,1.0000,0.0000,0,0.00,0.00,0.0000,0.00,0.0000,1.0000,34.5,1161.0,20
pibt,warehouse_single_dock,zone_50t,closest,40,202,false,0.4380,219,0.0115,0.0408,1.0000,,0.00,0.00,,,1.0000,0.0000,0,0.00,0.00,,,0.0000,1.0000,37.9,1166.0,19
pibt,warehouse_single_dock,zone_50t,closest,40,303,true,0.4560,228,0.0118,0.0442,1.0000,,0.00,0.00,,,1.0000,0.0000,0,0.00,0.00,0.0000,0.00,0.0000,1.0000,42.0,1985.0,26
pibt,warehouse_single_dock,zone_50t,closest,40,303,false,0.4380,219,0.0143,0.0977,0.9500,0.2195,,1.00,,,1.0000,-3.9474,3927,0.24,1.24,20849.0833,0.00,0.4250,0.9854,39.0,1991.0,19
pibt,warehouse_single_dock,zone_50t,closest,40,404,true,0.4360,218,0.0112,0.0410,1.0000,,0.00,0.00,,,1.0000,0.0000,0,0.00,0.00,0.0000,0.00,0.0000,1.0000,35.6,1204.0,20
pibt,warehouse_single_dock,zone_50t,closest,40,404,false,0.4060,203,0.0103,0.0900,0.9157,0.2394,,1.00,,,1.0000,-6.8807,4695,0.42,1.42,23076.3333,0.00,0.3000,0.9897,46.8,1359.0,23
pibt,warehouse_single_dock,zone_50t,closest,40,505,true,0.4600,230,0.0120,0.0430,1.0000,,0.00,0.00,,,1.0000,0.0000,0,0.00,0.00,0.0000,0.00,0.0000,1.0000,35.7,1176.0,20
pibt,warehouse_single_dock,zone_50t,closest,40,505,false,0.4340,217,0.0112,0.0935,0.9290,0.2020,,1.00,,,1.0000,-5.6522,4241,0.00,1.00,19014.6667,0.00,0.2750,0.9892,35.7,1200.0,18
pibt,warehouse_single_dock,zone_50t,closest,40,1111,true,0.4400,220,0.0118,0.0453,1.0000,,0.00,0.00,,,1.0000,0.0000,0,0.00,0.00,0.0000,0.00,0.0000,1.0000,61.0,8027.0,33
pibt,warehouse_single_dock,zone_50t,closest,40,1111,false,0.4260,213,0.0112,0.0605,0.9605,0.1945,,1.00,,,1.0000,-3.1818,2930,0.17,1.17,21283.8333,0.00,0.1500,0.9889,44.2,1192.0,22
pibt,warehouse_single_dock,zone_50t,closest,40,2222,true,0.4340,217,0.0118,0.0454,1.0000,,0.00,0.00,,,1.0000,0.0000,0,0.00,0.00,0.0000,0.00,0.0000,1.0000,35.4,1198.0,20
pibt,warehouse_single_dock,zone_50t,closest,40,2222,false,0.4080,204,0.0103,0.1014,0.9270,0.2294,,1.00,,,1.0000,-5.9908,4714,0.16,1.16,21196.0000,0.00,0.4750,0.9896,39.6,1192.0,20
pibt,warehouse_single_dock,zone_50t,closest,40,3333,true,0.4340,217,0.0117,0.0397,1.0000,,0.00,0.00,,,1.0000,0.0000,0,0.00,0.00,0.0000,0.00,0.0000,1.0000,35.9,1181.0,21
pibt,warehouse_single_dock,zone_50t,closest,40,3333,false,0.4180,209,0.0109,0.0677,0.9553,0.2120,,1.00,,,1.0000,-3.6866,2804,0.43,1.43,21146.0000,0.00,0.1750,0.9888,36.6,1174.0,18
pibt,warehouse_single_dock,zone_50t,closest,40,4444,true,0.4560,228,0.0119,0.0430,1.0000,,0.00,0.00,,,1.0000,0.0000,0,0.00,0.00,0.0000,0.00,0.0000,1.0000,47.4,1836.0,27
pibt,warehouse_single_dock,zone_50t,closest,40,4444,false,0.4340,217,0.0115,0.0898,0.9389,0.2569,,2.00,,,1.0000,-4.8246,3862,0.07,1.07,22601.1667,59.00,0.3750,0.9887,48.7,1512.0,24
pibt,warehouse_single_dock,zone_50t,closest,40,5555,true,0.4460,223,0.0117,0.0434,1.0000,,0.00,0.00,,,1.0000,0.0000,0,0.00,0.00,0.0000,0.00,0.0000,1.0000,53.2,2324.0,34
pibt,warehouse_single_dock,zone_50t,closest,40,5555,false,0.4560,228,0.0118,0.0481,1.0281,0.2120,178.00,1.00,,307,1.0000,2.2422,61,0.00,1.00,21084.0000,0.00,0.0500,0.9883,42.9,1151.0,21
pibt,warehouse_single_dock,zone_50t,closest,40,10000,true,0.4500,225,0.0115,0.0454,1.0000,,0.00,0.00,,,1.0000,0.0000,0,0.00,0.00,0.0000,0.00,0.0000,1.0000,43.0,3648.0,27
pibt,warehouse_single_dock,zone_50t,closest,40,10000,false,0.4100,205,0.0112,0.1050,0.8901,0.2269,,2.00,,,1.0000,-8.8889,6247,0.06,1.06,20476.0000,54.00,0.4250,0.9889,35.1,1141.0,17
pibt,warehouse_single_dock,zone_50t,closest,40,20000,true,0.4340,217,0.0114,0.0417,1.0000,,0.00,0.00,,,1.0000,0.0000,0,0.00,0.00,0.0000,0.00,0.0000,1.0000,34.6,1166.0,20
pibt,warehouse_single_dock,zone_50t,closest,40,20000,false,0.4060,203,0.0106,0.0972,0.9213,0.2145,,1.00,,,1.0000,-6.4516,5590,0.31,1.31,19440.3333,0.00,0.4000,0.9894,43.5,1162.0,22
pibt,warehouse_single_dock,zone_50t,closest,40,30000,true,0.4260,213,0.0111,0.0448,1.0000,,0.00,0.00,,,1.0000,0.0000,0,0.00,0.00,0.0000,0.00,0.0000,1.0000,34.3,1146.0,20
pibt,warehouse_single_dock,zone_50t,closest,40,30000,false,0.4140,207,0.0107,0.0553,0.9651,0.1995,,1.00,,,1.0000,-2.8169,2394,0.40,1.40,19464.1667,0.00,0.1250,0.9892,35.2,1161.0,17
pibt,warehouse_single_dock,zone_50t,closest,40,40000,true,0.4560,228,0.0118,0.0415,1.0000,,0.00,0.00,,,1.0000,0.0000,0,0.00,0.00,0.0000,0.00,0.0000,1.0000,34.6,1163.0,20
pibt,warehouse_single_dock,zone_50t,closest,40,40000,false,0.4280,214,0.0118,0.0793,0.9251,0.2095,,1.00,,,1.0000,-6.1404,2477,0.09,1.09,20672.8333,0.00,0.2750,0.9879,35.9,1174.0,18
pibt,warehouse_single_dock,zone_50t,closest,40,50000,true,0.4360,218,0.0111,0.0428,1.0000,,0.00,0.00,,,1.0000,0.0000,0,0.00,0.00,0.0000,0.00,0.0000,1.0000,58.8,4388.0,32
pibt,warehouse_single_dock,zone_50t,closest,40,50000,false,0.4100,205,0.0104,0.0880,0.9249,0.2294,,1.00,,,1.0000,-5.9633,4090,0.20,1.20,20865.8333,0.00,0.2500,0.9898,34.7,1161.0,17
pibt,warehouse_single_dock,intermittent_80s80m15r,random,40,42,true,0.4040,202,0.0104,0.0424,1.0000,,0.00,0.00,,,1.0000,0.0000,0,0.00,0.00,0.0000,0.00,0.0000,1.0000,34.6,1249.0,20
pibt,warehouse_single_dock,intermittent_80s80m15r,random,40,42,false,0.3080,154,0.0106,0.2810,0.7241,0.2381,,1.00,2.59,,1.0000,-23.7624,10451,0.34,1.34,23509.8333,0.00,0.9750,0.9891,40.7,2110.0,21
pibt,warehouse_single_dock,intermittent_80s80m15r,random,40,123,true,0.4340,217,0.0114,0.0463,1.0000,,0.00,0.00,,,1.0000,0.0000,0,0.00,0.00,0.0000,0.00,0.0000,1.0000,34.3,1167.0,20
pibt,warehouse_single_dock,intermittent_80s80m15r,random,40,123,false,0.3060,153,0.0080,0.2838,0.6667,0.2721,,1.00,2.55,,1.0000,-29.4931,12742,0.36,1.36,25868.1667,0.00,1.0000,0.9920,35.4,1182.0,18
pibt,warehouse_single_dock,intermittent_80s80m15r,random,40,456,true,0.4320,216,0.0110,0.0407,1.0000,,0.00,0.00,,,1.0000,0.0000,0,0.00,0.00,0.0000,0.00,0.0000,1.0000,55.4,1606.0,30
pibt,warehouse_single_dock,intermittent_80s80m15r,random,40,456,false,0.3240,162,0.0101,0.2980,0.7097,0.2494,,1.00,2.36,,1.0000,-25.0000,12131,0.40,1.40,23989.1667,0.00,1.0000,0.9897,36.2,1900.0,19
pibt,warehouse_single_dock,intermittent_80s80m15r,random,40,789,true,0.4100,205,0.0104,0.0432,1.0000,,0.00,0.00,,,1.0000,0.0000,0,0.00,0.00,0.0000,0.00,0.0000,1.0000,34.1,1201.0,20
pibt,warehouse_single_dock,intermittent_80s80m15r,random,40,789,false,0.3000,150,0.0100,0.2692,0.6978,0.2381,,1.00,2.65,,1.0000,-26.8293,10359,0.30,1.30,23661.1667,0.00,1.0000,0.9896,32.2,1158.0,17
pibt,warehouse_single_dock,intermittent_80s80m15r,random,40,1024,true,0.4180,209,0.0109,0.0421,1.0000,,0.00,0.00,,,1.0000,0.0000,0,0.00,0.00,0.0000,0.00,0.0000,1.0000,35.2,1159.0,20
pibt,warehouse_single_dock,intermittent_80s80m15r,random,40,1024,false,0.2840,142,0.0084,0.2949,0.6436,0.2738,,1.00,2.18,,1.0000,-32.0574,13832,0.24,1.24,25385.6667,0.00,1.0000,0.9913,40.8,1145.0,21
pibt,warehouse_single_dock,intermittent_80s80m15r,random,40,2048,true,0.4180,209,0.0109,0.0449,1.0000,,0.00,0.00,,,1.0000,0.0000,0,0.00,0.00,0.0000,0.00,0.0000,1.0000,47.3,6458.0,26
pibt,warehouse_single_dock,intermittent_80s80m15r,random,40,2048,false,0.3320,166,0.0086,0.2750,0.7676,0.2500,,1.00,2.76,,1.0000,-20.5742,10060,0.27,1.27,24003.0000,0.00,1.0000,0.9912,35.0,1175.0,18
pibt,warehouse_single_dock,intermittent_80s80m15r,random,40,3141,true,0.4240,212,0.0106,0.0412,1.0000,,0.00,0.00,,,1.0000,0.0000,0,0.00,0.00,0.0000,0.00,0.0000,1.0000,38.3,1979.0,25
pibt,warehouse_single_dock,intermittent_80s80m15r,random,40,3141,false,0.3220,161,0.0100,0.2567,0.7258,0.2571,,1.00,2.95,,1.0000,-24.0566,10958,0.23,1.23,25039.6667,0.00,1.0000,0.9897,34.5,1183.0,18
pibt,warehouse_single_dock,intermittent_80s80m15r,random,40,9999,true,0.4120,206,0.0106,0.0430,1.0000,,0.00,0.00,,,1.0000,0.0000,0,0.00,0.00,0.0000,0.00,0.0000,1.0000,48.5,1573.0,27
pibt,warehouse_single_dock,intermittent_80s80m15r,random,40,9999,false,0.2780,139,0.0083,0.3293,0.6339,0.2632,,1.00,2.39,,1.0000,-32.5243,14780,0.43,1.43,25075.5000,0.00,1.0000,0.9914,41.2,1188.0,22
pibt,warehouse_single_dock,intermittent_80s80m15r,random,40,1337,true,0.3980,199,0.0103,0.0413,1.0000,,0.00,0.00,,,1.0000,0.0000,0,0.00,0.00,0.0000,0.00,0.0000,1.0000,34.4,1149.0,20
pibt,warehouse_single_dock,intermittent_80s80m15r,random,40,1337,false,0.2760,138,0.0091,0.2992,0.6534,0.2500,,1.00,2.51,,1.0000,-30.6533,12147,0.38,1.38,24874.5000,0.00,1.0000,0.9904,31.8,1163.0,16
pibt,warehouse_single_dock,intermittent_80s80m15r,random,40,7777,true,0.4400,220,0.0114,0.0415,1.0000,,0.00,0.00,,,1.0000,0.0000,0,0.00,0.00,0.0000,0.00,0.0000,1.0000,57.5,2152.0,39
pibt,warehouse_single_dock,intermittent_80s80m15r,random,40,7777,false,0.3360,168,0.0103,0.2556,0.7263,0.2578,,1.00,2.70,,1.0000,-23.6364,11847,0.24,1.24,23950.0000,0.00,1.0000,0.9896,34.2,1156.0,18
pibt,warehouse_single_dock,intermittent_80s80m15r,random,40,11,true,0.4280,214,0.0113,0.0423,1.0000,,0.00,0.00,,,1.0000,0.0000,0,0.00,0.00,0.0000,0.00,0.0000,1.0000,42.3,3195.0,31
pibt,warehouse_single_dock,intermittent_80s80m15r,random,40,11,false,0.3160,158,0.0082,0.3122,0.7005,0.2536,,1.00,2.19,,1.0000,-26.1682,10461,0.31,1.31,23801.3333,0.00,1.0000,0.9919,44.8,1821.0,23
pibt,warehouse_single_dock,intermittent_80s80m15r,random,40,22,true,0.4280,214,0.0112,0.0430,1.0000,,0.00,0.00,,,1.0000,0.0000,0,0.00,0.00,0.0000,0.00,0.0000,1.0000,34.9,1237.0,23
pibt,warehouse_single_dock,intermittent_80s80m15r,random,40,22,false,0.3020,151,0.0088,0.3295,0.6538,0.2595,,1.00,2.21,,1.0000,-29.4393,11120,0.28,1.28,27788.0000,0.00,1.0000,0.9916,38.6,1188.0,20
pibt,warehouse_single_dock,intermittent_80s80m15r,random,40,33,true,0.4260,213,0.0109,0.0424,1.0000,,0.00,0.00,,,1.0000,0.0000,0,0.00,0.00,0.0000,0.00,0.0000,1.0000,50.7,4976.0,28
pibt,warehouse_single_dock,intermittent_80s80m15r,random,40,33,false,0.3340,167,0.0088,0.2625,0.7514,0.2714,,1.00,2.70,,1.0000,-21.5962,9656,0.24,1.24,26021.5000,0.00,0.9750,0.9913,33.5,1164.0,17
pibt,warehouse_single_dock,intermittent_80s80m15r,random,40,44,true,0.4340,217,0.0112,0.0410,1.0000,,0.00,0.00,,,1.0000,0.0000,0,0.00,0.00,0.0000,0.00,0.0000,1.0000,47.8,4008.0,38
pibt,warehouse_single_dock,intermittent_80s80m15r,random,40,44,false,0.3240,162,0.0092,0.2588,0.7105,0.2560,,1.00,2.59,,1.0000,-25.3456,11752,0.18,1.18,24992.3333,0.00,1.0000,0.9906,41.2,1156.0,21
pibt,warehouse_single_dock,intermittent_80s80m15r,random,40,55,true,0.4300,215,0.0115,0.0417,1.0000,,0.00,0.00,,,1.0000,0.0000,0,0.00,0.00,0.0000,0.00,0.0000,1.0000,56.8,6471.0,31
pibt,warehouse_single_dock,intermittent_80s80m15r,random,40,55,false,0.3160,158,0.0109,0.2781,0.6885,0.2286,,1.00,2.62,,1.0000,-26.5116,10642,0.28,1.28,23478.0000,0.00,1.0000,0.9891,32.9,1203.0,17
pibt,warehouse_single_dock,intermittent_80s80m15r,random,40,101,true,0.4340,217,0.0112,0.0430,1.0000,,0.00,0.00,,,1.0000,0.0000,0,0.00,0.00,0.0000,0.00,0.0000,1.0000,35.2,1171.0,22
pibt,warehouse_single_dock,intermittent_80s80m15r,random,40,101,false,0.3260,163,0.0089,0.2515,0.7081,0.2571,,1.00,2.52,,1.0000,-24.8848,10869,0.23,1.23,26397.5833,0.00,0.9750,0.9914,42.5,1181.0,22
pibt,warehouse_single_dock,intermittent_80s80m15r,random,40,202,true,0.4240,212,0.0111,0.0437,1.0000,,0.00,0.00,,,1.0000,0.0000,0,0.00,0.00,0.0000,0.00,0.0000,1.0000,34.6,1173.0,20
pibt,warehouse_single_dock,intermittent_80s80m15r,random,40,202,false,0.3180,159,0.0099,0.2621,0.7104,0.2398,,1.00,2.60,,1.0000,-25.0000,11199,0.22,1.22,22203.1667,0.00,1.0000,0.9900,42.5,1170.0,22
pibt,warehouse_single_dock,intermittent_80s80m15r,random,40,303,true,0.4280,214,0.0115,0.0452,1.0000,,0.00,0.00,,,1.0000,0.0000,0,0.00,0.00,0.0000,0.00,0.0000,1.0000,34.8,1179.0,20
pibt,warehouse_single_dock,intermittent_80s80m15r,random,40,303,false,0.3400,170,0.0100,0.2634,0.7696,0.2452,,1.00,2.70,,1.0000,-20.5607,9380,0.23,1.23,27285.5000,0.00,1.0000,0.9894,34.7,1197.0,18
pibt,warehouse_single_dock,intermittent_80s80m15r,random,40,404,true,0.4120,206,0.0109,0.0411,1.0000,,0.00,0.00,,,1.0000,0.0000,0,0.00,0.00,0.0000,0.00,0.0000,1.0000,53.7,4130.0,30
pibt,warehouse_single_dock,intermittent_80s80m15r,random,40,404,false,0.3140,157,0.0107,0.2736,0.7308,0.2434,,1.00,2.60,,1.0000,-23.7864,10030,0.27,1.27,24134.8333,0.00,1.0000,0.9886,42.1,1153.0,22
pibt,warehouse_single_dock,intermittent_80s80m15r,random,40,505,true,0.4240,212,0.0113,0.0417,1.0000,,0.00,0.00,,,1.0000,0.0000,0,0.00,0.00,0.0000,0.00,0.0000,1.0000,35.0,1168.0,20
pibt,warehouse_single_dock,intermittent_80s80m15r,random,40,505,false,0.3480,174,0.0109,0.2359,0.7901,0.2167,,1.00,2.71,,1.0000,-17.9245,8214,0.19,1.19,22677.6667,0.00,1.0000,0.9894,33.5,1151.0,17
pibt,warehouse_single_dock,intermittent_80s80m15r,random,40,1111,true,0.4320,216,0.0114,0.0452,1.0000,,0.00,0.00,,,1.0000,0.0000,0,0.00,0.00,0.0000,0.00,0.0000,1.0000,34.9,1195.0,20
pibt,warehouse_single_dock,intermittent_80s80m15r,random,40,1111,false,0.3020,151,0.0077,0.3025,0.6524,0.2738,,1.00,2.54,,1.0000,-30.0926,11474,0.34,1.34,26705.6667,0.00,1.0000,0.9925,35.1,1154.0,18
pibt,warehouse_single_dock,intermittent_80s80m15r,random,40,2222,true,0.4200,210,0.0109,0.0421,1.0000,,0.00,0.00,,,1.0000,0.0000,0,0.00,0.00,0.0000,0.00,0.0000,1.0000,81.7,15126.0,44
pibt,warehouse_single_dock,intermittent_80s80m15r,random,40,2222,false,0.3120,156,0.0117,0.2882,0.7033,0.2494,,1.00,2.34,,1.0000,-25.7143,12140,0.24,1.24,22532.5000,0.00,1.0000,0.9877,50.8,1187.0,27
pibt,warehouse_single_dock,intermittent_80s80m15r,random,40,3333,true,0.4160,208,0.0110,0.0421,1.0000,,0.00,0.00,,,1.0000,0.0000,0,0.00,0.00,0.0000,0.00,0.0000,1.0000,34.5,1216.0,20
pibt,warehouse_single_dock,intermittent_80s80m15r,random,40,3333,false,0.3160,158,0.0083,0.2611,0.7268,0.2452,,1.00,2.58,,1.0000,-24.0385,10353,0.23,1.23,22599.8333,0.00,1.0000,0.9915,33.7,1162.0,17
pibt,warehouse_single_dock,intermittent_80s80m15r,random,40,4444,true,0.4260,213,0.0112,0.0424,1.0000,,0.00,0.00,,,1.0000,0.0000,0,0.00,0.00,0.0000,0.00,0.0000,1.0000,34.5,1164.0,20
pibt,warehouse_single_dock,intermittent_80s80m15r,random,40,4444,false,0.3420,171,0.0097,0.2491,0.7692,0.2434,,2.00,2.71,,1.0000,-19.7183,6785,0.28,1.28,25171.0000,0.00,1.0000,0.9902,43.1,1173.0,22
pibt,warehouse_single_dock,intermittent_80s80m15r,random,40,5555,true,0.4100,205,0.0106,0.0443,1.0000,,0.00,0.00,,,1.0000,0.0000,0,0.00,0.00,0.0000,0.00,0.0000,1.0000,34.0,1148.0,20
pibt,warehouse_single_dock,intermittent_80s80m15r,random,40,5555,false,0.3140,157,0.0126,0.3004,0.7303,0.2679,,1.00,2.54,,1.0000,-23.4146,12495,0.27,1.27,26067.6667,0.00,1.0000,0.9865,33.5,1165.0,17
pibt,warehouse_single_dock,intermittent_80s80m15r,random,40,10000,true,0.4320,216,0.0108,0.0448,1.0000,,0.00,0.00,,,1.0000,0.0000,0,0.00,0.00,0.0000,0.00,0.0000,1.0000,70.2,4433.0,38
pibt,warehouse_single_dock,intermittent_80s80m15r,random,40,10000,false,0.3160,158,0.0084,0.2907,0.6947,0.2572,,1.00,2.34,,1.0000,-26.8519,11204,0.21,1.21,24611.0000,0.00,1.0000,0.9915,43.0,1179.0,22
pibt,warehouse_single_dock,intermittent_80s80m15r,random,40,20000,true,0.4060,203,0.0104,0.0422,1.0000,,0.00,0.00,,,1.0000,0.0000,0,0.00,0.00,0.0000,0.00,0.0000,1.0000,33.6,1156.0,19
pibt,warehouse_single_dock,intermittent_80s80m15r,random,40,20000,false,0.3060,153,0.0103,0.2594,0.7159,0.2286,,1.00,2.41,,1.0000,-24.6305,9696,0.19,1.19,22964.6667,0.00,1.0000,0.9893,32.9,1150.0,17
pibt,warehouse_single_dock,intermittent_80s80m15r,random,40,30000,true,0.4120,206,0.0110,0.0426,1.0000,,0.00,0.00,,,1.0000,0.0000,0,0.00,0.00,0.0000,0.00,0.0000,1.0000,34.8,1185.0,20
pibt,warehouse_single_dock,intermittent_80s80m15r,random,40,30000,false,0.3120,156,0.0089,0.2989,0.7143,0.2392,,1.00,2.61,,1.0000,-24.2718,11657,0.37,1.37,23376.8333,0.00,1.0000,0.9913,46.3,1171.0,24
pibt,warehouse_single_dock,intermittent_80s80m15r,random,40,40000,true,0.4260,213,0.0111,0.0454,1.0000,,0.00,0.00,,,1.0000,0.0000,0,0.00,0.00,0.0000,0.00,0.0000,1.0000,34.3,1178.0,20
pibt,warehouse_single_dock,intermittent_80s80m15r,random,40,40000,false,0.3200,160,0.0096,0.2851,0.7135,0.2500,,1.00,2.38,,1.0000,-24.8826,11437,0.22,1.22,23029.0000,0.00,1.0000,0.9900,44.6,1934.0,23
pibt,warehouse_single_dock,intermittent_80s80m15r,random,40,50000,true,0.4200,210,0.0109,0.0437,1.0000,,0.00,0.00,,,1.0000,0.0000,0,0.00,0.00,0.0000,0.00,0.0000,1.0000,41.8,2056.0,39
pibt,warehouse_single_dock,intermittent_80s80m15r,random,40,50000,false,0.3220,161,0.0091,0.2467,0.7351,0.2429,,1.00,2.78,,1.0000,-23.3333,11273,0.26,1.26,24770.0000,0.00,1.0000,0.9907,33.3,1165.0,17
pibt,warehouse_single_dock,intermittent_80s80m15r,closest,40,42,true,0.4060,203,0.0104,0.0428,1.0000,,0.00,0.00,,,1.0000,0.0000,0,0.00,0.00,0.0000,0.00,0.0000,1.0000,34.2,1169.0,20
pibt,warehouse_single_dock,intermittent_80s80m15r,closest,40,42,false,0.3140,157,0.0105,0.2929,0.7262,0.2405,,1.00,2.59,,1.0000,-22.6601,10888,0.40,1.40,22572.5000,0.00,1.0000,0.9896,33.8,1172.0,17
pibt,warehouse_single_dock,intermittent_80s80m15r,closest,40,123,true,0.4360,218,0.0114,0.0435,1.0000,,0.00,0.00,,,1.0000,0.0000,0,0.00,0.00,0.0000,0.00,0.0000,1.0000,35.4,1184.0,20
pibt,warehouse_single_dock,intermittent_80s80m15r,closest,40,123,false,0.3560,178,0.0106,0.2639,0.7753,0.2339,,1.00,2.55,,1.0000,-18.3486,7937,0.24,1.24,24185.0833,0.00,1.0000,0.9899,34.0,1183.0,17
pibt,warehouse_single_dock,intermittent_80s80m15r,closest,40,456,true,0.4360,218,0.0117,0.0415,1.0000,,0.00,0.00,,,1.0000,0.0000,0,0.00,0.00,0.0000,0.00,0.0000,1.0000,34.9,1172.0,20
pibt,warehouse_single_dock,intermittent_80s80m15r,closest,40,456,false,0.3520,176,0.0103,0.2737,0.7614,0.2470,,1.00,2.36,,1.0000,-19.2661,11120,0.24,1.24,22598.1667,0.00,1.0000,0.9906,34.0,1180.0,17
pibt,warehouse_single_dock,intermittent_80s80m15r,closest,40,789,true,0.4360,218,0.0113,0.0425,1.0000,,0.00,0.00,,,1.0000,0.0000,0,0.00,0.00,0.0000,0.00,0.0000,1.0000,72.7,4373.0,39
pibt,warehouse_single_dock,intermittent_80s80m15r,closest,40,789,false,0.3380,169,0.0098,0.2706,0.7366,0.2333,,1.00,2.65,,1.0000,-22.4771,10296,0.27,1.27,23309.0000,0.00,1.0000,0.9902,33.4,1178.0,17
pibt,warehouse_single_dock,intermittent_80s80m15r,closest,40,1024,true,0.4320,216,0.0111,0.0411,1.0000,,0.00,0.00,,,1.0000,0.0000,0,0.00,0.00,0.0000,0.00,0.0000,1.0000,35.4,1186.0,26
pibt,warehouse_single_dock,intermittent_80s80m15r,closest,40,1024,false,0.3040,152,0.0114,0.3025,0.6541,0.2571,,1.00,2.18,,1.0000,-29.6296,12732,0.23,1.23,23470.0000,0.00,1.0000,0.9883,32.5,1170.0,17
pibt,warehouse_single_dock,intermittent_80s80m15r,closest,40,2048,true,0.4520,226,0.0118,0.0450,1.0000,,0.00,0.00,,,1.0000,0.0000,0,0.00,0.00,0.0000,0.00,0.0000,1.0000,35.9,1182.0,21
pibt,warehouse_single_dock,intermittent_80s80m15r,closest,40,2048,false,0.3580,179,0.0109,0.2819,0.7403,0.2452,,1.00,2.76,,1.0000,-20.7965,9733,0.39,1.39,25323.3333,0.00,1.0000,0.9899,35.2,1156.0,18
pibt,warehouse_single_dock,intermittent_80s80m15r,closest,40,3141,true,0.4380,219,0.0112,0.0399,1.0000,,0.00,0.00,,,1.0000,0.0000,0,0.00,0.00,0.0000,0.00,0.0000,1.0000,35.1,1177.0,20
pibt,warehouse_single_dock,intermittent_80s80m15r,closest,40,3141,false,0.3440,172,0.0119,0.2702,0.7360,0.2595,,1.00,2.95,,1.0000,-21.4612,8502,0.31,1.31,26380.5000,0.00,1.0000,0.9884,34.3,1165.0,18
pibt,warehouse_single_dock,intermittent_80s80m15r,closest,40,9999,true,0.4300,215,0.0112,0.0421,1.0000,,0.00,0.00,,,1.0000,0.0000,0,0.00,0.00,0.0000,0.00,0.0000,1.0000,76.2,4603.0,41
pibt,warehouse_single_dock,intermittent_80s80m15r,closest,40,9999,false,0.3420,171,0.0121,0.2805,0.7528,0.2201,,1.00,2.39,,1.0000,-20.4651,10269,0.19,1.19,22205.2500,0.00,1.0000,0.9877,42.0,1174.0,22
pibt,warehouse_single_dock,intermittent_80s80m15r,closest,40,1337,true,0.4340,217,0.0111,0.0445,1.0000,,0.00,0.00,,,1.0000,0.0000,0,0.00,0.00,0.0000,0.00,0.0000,1.0000,33.6,1149.0,19
pibt,warehouse_single_dock,intermittent_80s80m15r,closest,40,1337,false,0.3240,162,0.0127,0.2711,0.6978,0.2572,,1.00,2.51,,1.0000,-25.3456,10982,0.30,1.30,26097.3333,0.00,1.0000,0.9871,32.0,1160.0,16
pibt,warehouse_single_dock,intermittent_80s80m15r,closest,40,7777,true,0.4560,228,0.0118,0.0444,1.0000,,0.00,0.00,,,1.0000,0.0000,0,0.00,0.00,0.0000,0.00,0.0000,1.0000,42.9,3240.0,29
pibt,warehouse_single_dock,intermittent_80s80m15r,closest,40,7777,false,0.3600,180,0.0115,0.2595,0.7363,0.2339,,1.00,2.70,,1.0000,-21.0526,10051,0.32,1.32,24006.0000,0.00,1.0000,0.9891,45.2,1159.0,23
pibt,warehouse_single_dock,intermittent_80s80m15r,closest,40,11,true,0.4560,228,0.0122,0.0452,1.0000,,0.00,0.00,,,1.0000,0.0000,0,0.00,0.00,0.0000,0.00,0.0000,1.0000,35.6,1156.0,20
pibt,warehouse_single_dock,intermittent_80s80m15r,closest,40,11,false,0.3500,175,0.0115,0.2815,0.7211,0.2464,,1.00,2.19,,1.0000,-23.2456,10257,0.18,1.18,24303.5000,0.00,1.0000,0.9886,37.0,2279.0,19
pibt,warehouse_single_dock,intermittent_80s80m15r,closest,40,22,true,0.4480,224,0.0118,0.0406,1.0000,,0.00,0.00,,,1.0000,0.0000,0,0.00,0.00,0.0000,0.00,0.0000,1.0000,35.9,1169.0,21
pibt,warehouse_single_dock,intermittent_80s80m15r,closest,40,22,false,0.3100,155,0.0113,0.3244,0.6230,0.2786,,1.00,2.21,,1.0000,-30.8036,14117,0.27,1.27,27078.0000,0.00,1.0000,0.9891,40.9,1158.0,21
pibt,warehouse_single_dock,intermittent_80s80m15r,closest,40,33,true,0.4560,228,0.0123,0.0395,1.0000,,0.00,0.00,,,1.0000,0.0000,0,0.00,0.00,0.0000,0.00,0.0000,1.0000,50.4,7814.0,28
pibt,warehouse_single_dock,intermittent_80s80m15r,closest,40,33,false,0.3480,174,0.0117,0.2448,0.7202,0.2429,,1.00,2.70,,1.0000,-23.6842,10186,0.24,1.24,23740.0000,0.00,0.9750,0.9882,34.3,1189.0,18
pibt,warehouse_single_dock,intermittent_80s80m15r,closest,40,44,true,0.4420,221,0.0115,0.0428,1.0000,,0.00,0.00,,,1.0000,0.0000,0,0.00,0.00,0.0000,0.00,0.0000,1.0000,37.2,1982.0,24
pibt,warehouse_single_dock,intermittent_80s80m15r,closest,40,44,false,0.3360,168,0.0097,0.2567,0.7135,0.2512,,1.00,2.59,,1.0000,-23.9819,10889,0.23,1.23,25852.0000,0.00,1.0000,0.9906,38.2,1869.0,20
pibt,warehouse_single_dock,intermittent_80s80m15r,closest,40,55,true,0.4500,225,0.0120,0.0416,1.0000,,0.00,0.00,,,1.0000,0.0000,0,0.00,0.00,0.0000,0.00,0.0000,1.0000,33.9,1140.0,19
pibt,warehouse_single_dock,intermittent_80s80m15r,closest,40,55,false,0.3400,170,0.0123,0.2613,0.6978,0.2643,,1.00,2.62,,1.0000,-24.4444,10154,0.27,1.27,26209.0000,0.00,1.0000,0.9882,38.0,1194.0,20
pibt,warehouse_single_dock,intermittent_80s80m15r,closest,40,101,true,0.4460,223,0.0120,0.0410,1.0000,,0.00,0.00,,,1.0000,0.0000,0,0.00,0.00,0.0000,0.00,0.0000,1.0000,35.2,1264.0,22
pibt,warehouse_single_dock,intermittent_80s80m15r,closest,40,101,false,0.3400,170,0.0152,0.2598,0.7151,0.2452,,1.00,2.52,,1.0000,-23.7668,10784,0.32,1.32,23607.1667,0.00,1.0000,0.9845,35.2,1754.0,18
pibt,warehouse_single_dock,intermittent_80s80m15r,closest,40,202,true,0.4380,219,0.0115,0.0408,1.0000,,0.00,0.00,,,1.0000,0.0000,0,0.00,0.00,0.0000,0.00,0.0000,1.0000,34.5,1161.0,20
pibt,warehouse_single_dock,intermittent_80s80m15r,closest,40,202,false,0.3560,178,0.0111,0.2566,0.7722,0.2566,,1.00,2.60,,1.0000,-18.7215,8601,0.29,1.29,24335.5000,0.00,1.0000,0.9892,40.7,1177.0,21
pibt,warehouse_single_dock,intermittent_80s80m15r,closest,40,303,true,0.4560,228,0.0118,0.0442,1.0000,,0.00,0.00,,,1.0000,0.0000,0,0.00,0.00,0.0000,0.00,0.0000,1.0000,42.0,1985.0,26
pibt,warehouse_single_dock,intermittent_80s80m15r,closest,40,303,false,0.3500,175,0.0109,0.2605,0.7225,0.2333,,1.00,2.70,,1.0000,-23.2456,9524,0.21,1.21,24394.6667,0.00,0.9750,0.9893,59.5,2016.0,31
pibt,warehouse_single_dock,intermittent_80s80m15r,closest,40,404,true,0.4360,218,0.0112,0.0410,1.0000,,0.00,0.00,,,1.0000,0.0000,0,0.00,0.00,0.0000,0.00,0.0000,1.0000,35.6,1204.0,20
pibt,warehouse_single_dock,intermittent_80s80m15r,closest,40,404,false,0.3200,160,0.0083,0.2826,0.6865,0.2699,,1.00,2.60,,1.0000,-26.6055,12662,0.25,1.25,26129.5000,0.00,1.0000,0.9921,47.4,1180.0,25
pibt,warehouse_single_dock,intermittent_80s80m15r,closest,40,505,true,0.4600,230,0.0120,0.0430,1.0000,,0.00,0.00,,,1.0000,0.0000,0,0.00,0.00,0.0000,0.00,0.0000,1.0000,35.7,1176.0,20
pibt,warehouse_single_dock,intermittent_80s80m15r,closest,40,505,false,0.3640,182,0.0098,0.2479,0.7513,0.2333,,1.00,2.71,,1.0000,-20.8696,9015,0.22,1.22,24078.1667,0.00,1.0000,0.9907,43.5,1143.0,22
pibt,warehouse_single_dock,intermittent_80s80m15r,closest,40,1111,true,0.4400,220,0.0118,0.0453,1.0000,,0.00,0.00,,,1.0000,0.0000,0,0.00,0.00,0.0000,0.00,0.0000,1.0000,61.0,8027.0,33
pibt,warehouse_single_dock,intermittent_80s80m15r,closest,40,1111,false,0.3360,168,0.0106,0.2853,0.7174,0.2405,,1.00,2.54,,1.0000,-23.6364,12166,0.23,1.23,23718.0000,0.00,1.0000,0.9898,43.3,1432.0,22
pibt,warehouse_single_dock,intermittent_80s80m15r,closest,40,2222,true,0.4340,217,0.0118,0.0454,1.0000,,0.00,0.00,,,1.0000,0.0000,0,0.00,0.00,0.0000,0.00,0.0000,1.0000,35.4,1198.0,20
pibt,warehouse_single_dock,intermittent_80s80m15r,closest,40,2222,false,0.3140,157,0.0088,0.2986,0.6757,0.2662,,1.00,2.34,,1.0000,-27.6498,13253,0.23,1.23,24748.8333,0.00,1.0000,0.9914,41.3,1195.0,21
pibt,warehouse_single_dock,intermittent_80s80m15r,closest,40,3333,true,0.4340,217,0.0117,0.0397,1.0000,,0.00,0.00,,,1.0000,0.0000,0,0.00,0.00,0.0000,0.00,0.0000,1.0000,35.9,1181.0,21
pibt,warehouse_single_dock,intermittent_80s80m15r,closest,40,3333,false,0.3100,155,0.0109,0.2925,0.6630,0.2620,,1.00,2.58,,1.0000,-28.5714,10978,0.33,1.33,25548.8333,0.00,1.0000,0.9889,32.8,1145.0,17
pibt,warehouse_single_dock,intermittent_80s80m15r,closest,40,4444,true,0.4560,228,0.0119,0.0430,1.0000,,0.00,0.00,,,1.0000,0.0000,0,0.00,0.00,0.0000,0.00,0.0000,1.0000,47.4,1836.0,27
pibt,warehouse_single_dock,intermittent_80s80m15r,closest,40,4444,false,0.3640,182,0.0102,0.2534,0.7527,0.2458,,1.00,2.71,,1.0000,-20.1754,9352,0.26,1.26,25777.5000,0.00,1.0000,0.9905,42.0,1152.0,22
pibt,warehouse_single_dock,intermittent_80s80m15r,closest,40,5555,true,0.4460,223,0.0117,0.0434,1.0000,,0.00,0.00,,,1.0000,0.0000,0,0.00,0.00,0.0000,0.00,0.0000,1.0000,53.2,2324.0,34
pibt,warehouse_single_dock,intermittent_80s80m15r,closest,40,5555,false,0.3380,169,0.0088,0.2920,0.7000,0.2488,,1.00,2.54,,1.0000,-24.2152,12023,0.25,1.25,22883.1667,0.00,1.0000,0.9923,33.9,1169.0,17
pibt,warehouse_single_dock,intermittent_80s80m15r,closest,40,10000,true,0.4500,225,0.0115,0.0454,1.0000,,0.00,0.00,,,1.0000,0.0000,0,0.00,0.00,0.0000,0.00,0.0000,1.0000,43.0,3648.0,27
pibt,warehouse_single_dock,intermittent_80s80m15r,closest,40,10000,false,0.3320,166,0.0096,0.2944,0.6862,0.2524,,1.00,2.34,,1.0000,-26.2222,11874,0.32,1.32,23010.5000,0.00,1.0000,0.9908,42.5,1166.0,22
pibt,warehouse_single_dock,intermittent_80s80m15r,closest,40,20000,true,0.4340,217,0.0114,0.0417,1.0000,,0.00,0.00,,,1.0000,0.0000,0,0.00,0.00,0.0000,0.00,0.0000,1.0000,34.6,1166.0,20
pibt,warehouse_single_dock,intermittent_80s80m15r,closest,40,20000,false,0.3280,164,0.0091,0.2815,0.7088,0.2357,,1.00,2.41,,1.0000,-24.4240,10666,0.25,1.25,23956.1667,0.00,1.0000,0.9914,38.1,1924.0,20
pibt,warehouse_single_dock,intermittent_80s80m15r,closest,40,30000,true,0.4260,213,0.0111,0.0448,1.0000,,0.00,0.00,,,1.0000,0.0000,0,0.00,0.00,0.0000,0.00,0.0000,1.0000,34.3,1146.0,20
pibt,warehouse_single_dock,intermittent_80s80m15r,closest,40,30000,false,0.3140,157,0.0104,0.2824,0.6872,0.2344,,1.00,2.61,,1.0000,-26.2911,12116,0.17,1.17,22656.5000,0.00,1.0000,0.9895,33.2,1181.0,17
pibt,warehouse_single_dock,intermittent_80s80m15r,closest,40,40000,true,0.4560,228,0.0118,0.0415,1.0000,,0.00,0.00,,,1.0000,0.0000,0,0.00,0.00,0.0000,0.00,0.0000,1.0000,34.6,1163.0,20
pibt,warehouse_single_dock,intermittent_80s80m15r,closest,40,40000,false,0.3460,173,0.0100,0.2996,0.7120,0.2328,,1.00,2.38,,1.0000,-24.1228,10818,0.27,1.27,23872.1667,0.00,1.0000,0.9900,38.5,1170.0,20
pibt,warehouse_single_dock,intermittent_80s80m15r,closest,40,50000,true,0.4360,218,0.0111,0.0428,1.0000,,0.00,0.00,,,1.0000,0.0000,0,0.00,0.00,0.0000,0.00,0.0000,1.0000,58.8,4388.0,32
pibt,warehouse_single_dock,intermittent_80s80m15r,closest,40,50000,false,0.3400,170,0.0096,0.2752,0.7377,0.2214,,1.00,2.78,,1.0000,-22.0183,10098,0.27,1.27,22589.5000,0.00,1.0000,0.9907,34.1,1185.0,17
rhcr_pbs,warehouse_single_dock,burst_20pct,random,40,42,true,0.4320,216,0.0118,0.0803,1.0000,,0.00,0.00,,,1.0000,0.0000,0,0.00,0.00,0.0000,0.00,0.0000,1.0000,247028.7,2559026.0,123517
rhcr_pbs,warehouse_single_dock,burst_20pct,random,40,42,false,0.2640,132,0.0072,0.3389,0.5307,0.3067,,1.00,,,0.8000,-38.8889,10277,0.00,1.00,24802.0000,0.00,0.2000,0.7936,156234.4,1984793.0,78117
rhcr_pbs,warehouse_single_dock,burst_20pct,random,40,123,true,0.4120,206,0.0114,0.1031,1.0000,,0.00,0.00,,,1.0000,0.0000,0,0.00,0.00,0.0000,0.00,0.0000,1.0000,224583.8,3005329.0,112297
rhcr_pbs,warehouse_single_dock,burst_20pct,random,40,123,false,0.2640,132,0.0074,0.2697,0.5595,0.1721,,2.00,,,0.8000,-35.9223,12942,0.00,1.00,17452.5833,0.00,0.2000,0.7936,113415.4,3029591.0,56708
rhcr_pbs,warehouse_single_dock,burst_20pct,random,40,456,true,0.4260,213,0.0118,0.0733,1.0000,,0.00,0.00,,,1.0000,0.0000,0,0.00,0.00,0.0000,0.00,0.0000,1.0000,264148.0,3712465.0,132077
rhcr_pbs,warehouse_single_dock,burst_20pct,random,40,456,false,0.3500,175,0.0095,0.0724,0.7829,0.2793,,1.00,,,0.8000,-17.8404,8244,0.00,1.00,24347.0000,0.00,0.2000,0.7910,187627.8,3633656.0,93814
rhcr_pbs,warehouse_single_dock,burst_20pct,random,40,789,true,0.0360,18,0.0009,0.8337,1.0000,,0.00,0.00,,,1.0000,0.0000,0,0.00,0.00,0.0000,0.00,0.0000,1.0000,136583.7,1109215.0,68297
rhcr_pbs,warehouse_single_dock,burst_20pct,random,40,789,false,0.0420,21,0.0011,0.7943,1.7500,0.0050,0.00,1.00,,,0.8000,16.6667,0,0.00,1.00,194.0000,0.00,0.2000,0.7995,28602.7,1048622.0,14301
rhcr_pbs,warehouse_single_dock,burst_20pct,random,40,1024,true,0.4260,213,0.0114,0.0850,1.0000,,0.00,0.00,,,1.0000,0.0000,0,0.00,0.00,0.0000,0.00,0.0000,1.0000,207335.0,3198560.0,103670
rhcr_pbs,warehouse_single_dock,burst_20pct,random,40,1024,false,0.1360,68,0.0036,0.6008,0.1989,0.2843,,1.00,,,0.8000,-68.0751,24762,0.00,1.00,25104.5000,0.00,0.2000,0.7977,102204.3,1939754.0,51102
rhcr_pbs,warehouse_single_dock,burst_20pct,random,40,2048,true,0.4340,217,0.0118,0.0868,1.0000,,0.00,0.00,,,1.0000,0.0000,0,0.00,0.00,0.0000,0.00,0.0000,1.0000,208719.3,2959119.0,104362
rhcr_pbs,warehouse_single_dock,burst_20pct,random,40,2048,false,0.2720,136,0.0075,0.2377,0.5525,0.1796,,1.00,,,0.8000,-37.3272,15812,0.00,1.00,16529.0000,0.00,0.2000,0.7932,102061.8,2177796.0,51031
rhcr_pbs,warehouse_single_dock,burst_20pct,random,40,3141,true,0.4440,222,0.0118,0.0901,1.0000,,0.00,0.00,,,1.0000,0.0000,0,0.00,0.00,0.0000,0.00,0.0000,1.0000,189292.5,3403986.0,94650
rhcr_pbs,warehouse_single_dock,burst_20pct,random,40,3141,false,0.2460,123,0.0065,0.3704,0.4706,0.2070,,1.00,,,0.8000,-44.5946,15447,0.00,1.00,19013.1667,0.00,0.2000,0.7943,133944.3,2925886.0,66972
rhcr_pbs,warehouse_single_dock,burst_20pct,random,40,9999,true,0.4100,205,0.0107,0.0980,1.0000,,0.00,0.00,,,1.0000,0.0000,0,0.00,0.00,0.0000,0.00,0.0000,1.0000,241189.1,3432889.0,120598
rhcr_pbs,warehouse_single_dock,burst_20pct,random,40,9999,false,0.1900,95,0.0052,0.4483,0.3714,0.2170,,1.00,,,0.8000,-53.6585,19214,0.00,1.00,19159.3333,0.00,0.2000,0.7955,61404.2,3215159.0,30702
rhcr_pbs,warehouse_single_dock,burst_20pct,random,40,1337,true,0.4160,208,0.0113,0.0986,1.0000,,0.00,0.00,,,1.0000,0.0000,0,0.00,0.00,0.0000,0.00,0.0000,1.0000,214738.8,2804176.0,107372
rhcr_pbs,warehouse_single_dock,burst_20pct,random,40,1337,false,0.3360,168,0.0089,0.1191,0.7701,0.2369,,1.00,,,0.8000,-19.2308,6121,0.00,1.00,22653.6667,0.00,0.2000,0.7910,113151.9,2808075.0,56576
rhcr_pbs,warehouse_single_dock,burst_20pct,random,40,7777,true,0.3900,195,0.0104,0.1793,1.0000,,0.00,0.00,,,1.0000,0.0000,0,0.00,0.00,0.0000,0.00,0.0000,1.0000,204860.2,3270708.0,102433
rhcr_pbs,warehouse_single_dock,burst_20pct,random,40,7777,false,0.2140,107,0.0060,0.3792,0.4465,0.2319,,1.00,,,0.8000,-45.1282,15392,0.00,1.00,20298.5000,36.00,0.2000,0.7951,112232.8,2618029.0,56116
rhcr_pbs,warehouse_single_dock,burst_20pct,random,40,11,true,0.4220,211,0.0114,0.0800,1.0000,,0.00,0.00,,,1.0000,0.0000,0,0.00,0.00,0.0000,0.00,0.0000,1.0000,180626.7,2759907.0,90316
rhcr_pbs,warehouse_single_dock,burst_20pct,random,40,11,false,0.1840,92,0.0050,0.4579,0.3200,0.2643,,1.00,,,0.8000,-56.3981,21077,0.00,1.00,22394.8333,0.00,0.2000,0.7962,141402.5,1894597.0,70701
rhcr_pbs,warehouse_single_dock,burst_20pct,random,40,22,true,0.4540,227,0.0126,0.0900,1.0000,,0.00,0.00,,,1.0000,0.0000,0,0.00,0.00,0.0000,0.00,0.0000,1.0000,248995.0,3968244.0,124500
rhcr_pbs,warehouse_single_dock,burst_20pct,random,40,22,false,0.3080,154,0.0089,0.1487,0.6033,0.1820,,1.00,,,0.8000,-32.1586,11225,0.00,1.00,20007.4167,0.00,0.2000,0.7921,135853.5,3230470.0,67927
rhcr_pbs,warehouse_single_dock,burst_20pct,random,40,33,true,0.4140,207,0.0116,0.0868,1.0000,,0.00,0.00,,,1.0000,0.0000,0,0.00,0.00,0.0000,0.00,0.0000,1.0000,202975.6,3495508.0,101493
rhcr_pbs,warehouse_single_dock,burst_20pct,random,40,33,false,0.2460,123,0.0069,0.3212,0.5030,0.1945,,1.00,,,0.8000,-40.5797,14460,0.00,1.00,18085.6667,0.00,0.2000,0.7941,117657.1,1983071.0,58829
rhcr_pbs,warehouse_single_dock,burst_20pct,random,40,44,true,0.2420,121,0.0070,0.4880,1.0000,,0.00,0.00,,,1.0000,0.0000,0,0.00,0.00,0.0000,0.00,0.0000,1.0000,197324.6,2422257.0,98667
rhcr_pbs,warehouse_single_dock,burst_20pct,random,40,44,false,0.1660,83,0.0044,0.4788,0.5581,0.1122,,2.00,,,0.8000,-31.4050,10113,0.00,1.00,7416.3333,101.00,0.2000,0.7968,122763.9,1735628.0,61382
rhcr_pbs,warehouse_single_dock,burst_20pct,random,40,55,true,0.4560,228,0.0129,0.0865,1.0000,,0.00,0.00,,,1.0000,0.0000,0,0.00,0.00,0.0000,0.00,0.0000,1.0000,232874.0,3353703.0,116440
rhcr_pbs,warehouse_single_dock,burst_20pct,random,40,55,false,0.3200,160,0.0086,0.2077,0.6364,0.1771,,1.00,,,0.8000,-29.8246,15322,0.00,1.00,17381.7500,0.00,0.2000,0.7920,134616.6,2608114.0,67308
rhcr_pbs,warehouse_single_dock,burst_20pct,random,40,101,true,0.4320,216,0.0115,0.0865,1.0000,,0.00,0.00,,,1.0000,0.0000,0,0.00,0.00,0.0000,0.00,0.0000,1.0000,265982.5,3495315.0,132999
rhcr_pbs,warehouse_single_dock,burst_20pct,random,40,101,false,0.2720,136,0.0073,0.1948,0.5676,0.1995,,1.00,,,0.8000,-37.0370,15003,0.00,1.00,19370.3333,60.00,0.2000,0.7929,137600.2,2658675.0,68800
rhcr_pbs,warehouse_single_dock,burst_20pct,random,40,202,true,0.4460,223,0.0119,0.0803,1.0000,,0.00,0.00,,,1.0000,0.0000,0,0.00,0.00,0.0000,0.00,0.0000,1.0000,229869.4,3565775.0,114938
rhcr_pbs,warehouse_single_dock,burst_20pct,random,40,202,false,0.2080,104,0.0060,0.4661,0.3737,0.2269,,2.00,,,0.8000,-53.3632,22339,0.00,1.00,19727.0000,55.00,0.2000,0.7949,129969.2,2213856.0,64985
rhcr_pbs,warehouse_single_dock,burst_20pct,random,40,303,true,0.4280,214,0.0124,0.0860,1.0000,,0.00,0.00,,,1.0000,0.0000,0,0.00,0.00,0.0000,0.00,0.0000,1.0000,211648.8,2913172.0,105829
rhcr_pbs,warehouse_single_dock,burst_20pct,random,40,303,false,0.2000,100,0.0053,0.4290,0.3702,0.2219,,1.00,,,0.8000,-53.2710,19472,0.00,1.00,20219.5000,42.00,0.2000,0.7956,74025.8,2581853.0,37013
rhcr_pbs,warehouse_single_dock,burst_20pct,random,40,404,true,0.4240,212,0.0115,0.0847,1.0000,,0.00,0.00,,,1.0000,0.0000,0,0.00,0.00,0.0000,0.00,0.0000,1.0000,197108.8,3455143.0,98557
rhcr_pbs,warehouse_single_dock,burst_20pct,random,40,404,false,0.3500,175,0.0093,0.0986,0.7910,0.1297,,1.00,,,0.8000,-17.4528,6221,0.00,1.00,14591.8333,0.00,0.2000,0.7906,114116.9,2936683.0,57058
rhcr_pbs,warehouse_single_dock,burst_20pct,random,40,505,true,0.4340,217,0.0115,0.0807,1.0000,,0.00,0.00,,,1.0000,0.0000,0,0.00,0.00,0.0000,0.00,0.0000,1.0000,239388.1,3132516.0,119697
rhcr_pbs,warehouse_single_dock,burst_20pct,random,40,505,false,0.3080,154,0.0080,0.2005,0.6480,0.1721,,1.00,,,0.8000,-29.0323,12109,0.00,1.00,16926.3333,0.00,0.2000,0.7925,131791.7,2647167.0,65896
rhcr_pbs,warehouse_single_dock,burst_20pct,random,40,1111,true,0.4080,204,0.0112,0.0914,1.0000,,0.00,0.00,,,1.0000,0.0000,0,0.00,0.00,0.0000,0.00,0.0000,1.0000,226827.3,3173289.0,113417
rhcr_pbs,warehouse_single_dock,burst_20pct,random,40,1111,false,0.3280,164,0.0091,0.1776,0.7647,0.2294,,1.00,,,0.8000,-19.6078,8191,0.00,1.00,20257.8333,0.00,0.2000,0.7910,127493.0,2735698.0,63746
rhcr_pbs,warehouse_single_dock,burst_20pct,random,40,2222,true,0.4740,237,0.0127,0.0870,1.0000,,0.00,0.00,,,1.0000,0.0000,0,0.00,0.00,0.0000,0.00,0.0000,1.0000,283288.3,3542196.0,141647
rhcr_pbs,warehouse_single_dock,burst_20pct,random,40,2222,false,0.3560,178,0.0094,0.1137,0.7020,0.1546,,1.00,,,0.8000,-24.8945,12115,0.00,1.00,15809.6667,0.00,0.2000,0.7908,169496.3,3072561.0,84748
rhcr_pbs,warehouse_single_dock,burst_20pct,random,40,3333,true,0.4220,211,0.0114,0.0933,1.0000,,0.00,0.00,,,1.0000,0.0000,0,0.00,0.00,0.0000,0.00,0.0000,1.0000,236899.3,3015268.0,118453
rhcr_pbs,warehouse_single_dock,burst_20pct,random,40,3333,false,0.1100,55,0.0029,0.6581,0.1236,0.2594,,1.00,,,0.8000,-73.9336,29327,0.00,1.00,21614.0000,0.00,0.2000,0.7986,181262.8,2707659.0,90632
rhcr_pbs,warehouse_single_dock,burst_20pct,random,40,4444,true,0.4180,209,0.0107,0.1128,1.0000,,0.00,0.00,,,1.0000,0.0000,0,0.00,0.00,0.0000,0.00,0.0000,1.0000,218044.2,3346277.0,109025
rhcr_pbs,warehouse_single_dock,burst_20pct,random,40,4444,false,0.1580,79,0.0040,0.4995,0.2818,0.2544,,1.00,,,0.8000,-62.2010,20342,0.00,1.00,23185.1667,10.00,0.2000,0.7968,119167.3,2889156.0,59584
rhcr_pbs,warehouse_single_dock,burst_20pct,random,40,5555,true,0.4460,223,0.0118,0.0771,1.0000,,0.00,0.00,,,1.0000,0.0000,0,0.00,0.00,0.0000,0.00,0.0000,1.0000,213800.1,3593427.0,106905
rhcr_pbs,warehouse_single_dock,burst_20pct,random,40,5555,false,0.2580,129,0.0072,0.3107,0.4946,0.2219,,1.00,,,0.8000,-42.1525,14521,0.00,1.00,21889.6667,0.00,0.2000,0.7935,88451.7,1518076.0,44226
rhcr_pbs,warehouse_single_dock,burst_20pct,random,40,10000,true,0.4200,210,0.0114,0.1094,1.0000,,0.00,0.00,,,1.0000,0.0000,0,0.00,0.00,0.0000,0.00,0.0000,1.0000,307153.3,3488878.0,153580
rhcr_pbs,warehouse_single_dock,burst_20pct,random,40,10000,false,0.3020,151,0.0083,0.1250,0.6722,0.1746,,1.00,,,0.8000,-28.0952,11322,0.00,1.00,19725.3333,0.00,0.2000,0.7915,122087.2,3519774.0,61044
rhcr_pbs,warehouse_single_dock,burst_20pct,random,40,20000,true,0.2240,112,0.0057,0.4974,1.0000,,0.00,0.00,,,1.0000,0.0000,0,0.00,0.00,0.0000,0.00,0.0000,1.0000,168787.0,2764438.0,84396
rhcr_pbs,warehouse_single_dock,burst_20pct,random,40,20000,false,0.2500,125,0.0073,0.3250,1.1688,0.0723,256.00,1.00,,361,0.8000,11.6071,2841,0.00,1.00,3988.0000,0.00,0.2000,0.7931,125757.8,2675629.0,62879
rhcr_pbs,warehouse_single_dock,burst_20pct,random,40,30000,true,0.4460,223,0.0121,0.0828,1.0000,,0.00,0.00,,,1.0000,0.0000,0,0.00,0.00,0.0000,0.00,0.0000,1.0000,245539.6,3861772.0,122782
rhcr_pbs,warehouse_single_dock,burst_20pct,random,40,30000,false,0.1920,96,0.0053,0.5100,0.3135,0.2444,,1.00,,,0.8000,-56.9507,19870,0.00,1.00,24173.7500,0.00,0.2000,0.7960,223869.1,3127248.0,111935
rhcr_pbs,warehouse_single_dock,burst_20pct,random,40,40000,true,0.4320,216,0.0120,0.0841,1.0000,,0.00,0.00,,,1.0000,0.0000,0,0.00,0.00,0.0000,0.00,0.0000,1.0000,252891.2,3151314.0,126448
rhcr_pbs,warehouse_single_dock,burst_20pct,random,40,40000,false,0.2820,141,0.0075,0.2328,0.5902,0.1920,,1.00,,,0.8000,-34.7222,12787,0.00,1.00,19096.1667,0.00,0.2000,0.7930,152689.2,2611886.0,76345
rhcr_pbs,warehouse_single_dock,burst_20pct,random,40,50000,true,0.4380,219,0.0114,0.0919,1.0000,,0.00,0.00,,,1.0000,0.0000,0,0.00,0.00,0.0000,0.00,0.0000,1.0000,239431.6,2656036.0,119721
rhcr_pbs,warehouse_single_dock,burst_20pct,random,40,50000,false,0.3500,175,0.0092,0.0744,0.7569,0.1471,,1.00,,,0.8000,-20.0913,9062,0.00,1.00,17861.6667,0.00,0.2000,0.7910,126702.8,2448473.0,63351
rhcr_pbs,warehouse_single_dock,burst_20pct,closest,40,42,true,0.4520,226,0.0124,0.0956,1.0000,,0.00,0.00,,,1.0000,0.0000,0,0.00,0.00,0.0000,0.00,0.0000,1.0000,233557.8,2881749.0,116784
rhcr_pbs,warehouse_single_dock,burst_20pct,closest,40,42,false,0.2660,133,0.0075,0.3256,0.4946,0.2095,,1.00,,,0.8000,-41.1504,13358,0.00,1.00,20847.8333,70.00,0.2000,0.7937,78438.4,2162369.0,39219
rhcr_pbs,warehouse_single_dock,burst_20pct,closest,40,123,true,0.4440,222,0.0120,0.0896,1.0000,,0.00,0.00,,,1.0000,0.0000,0,0.00,0.00,0.0000,0.00,0.0000,1.0000,221196.0,3437738.0,110603
rhcr_pbs,warehouse_single_dock,burst_20pct,closest,40,123,false,0.3360,168,0.0095,0.1884,0.6983,0.1895,,1.00,,,0.8000,-24.3243,9514,0.00,1.00,19073.5000,0.00,0.2000,0.7908,133586.1,3401467.0,66793
rhcr_pbs,warehouse_single_dock,burst_20pct,closest,40,456,true,0.4340,217,0.0114,0.1103,1.0000,,0.00,0.00,,,1.0000,0.0000,0,0.00,0.00,0.0000,0.00,0.0000,1.0000,231339.3,2898367.0,115674
rhcr_pbs,warehouse_single_dock,burst_20pct,closest,40,456,false,0.3580,179,0.0098,0.1146,0.7841,0.1521,,1.00,,,0.8000,-17.5115,9322,0.00,1.00,18207.1667,0.00,0.2000,0.7903,132750.8,2268142.0,66375
rhcr_pbs,warehouse_single_dock,burst_20pct,closest,40,789,true,0.4500,225,0.0122,0.0949,1.0000,,0.00,0.00,,,1.0000,0.0000,0,0.00,0.00,0.0000,0.00,0.0000,1.0000,250093.7,3552053.0,125050
rhcr_pbs,warehouse_single_dock,burst_20pct,closest,40,789,false,0.2440,122,0.0068,0.2840,0.4579,0.1995,,1.00,,,0.8000,-45.7778,16040,0.00,1.00,19037.3333,0.00,0.2000,0.7938,112725.4,1814923.0,56363
rhcr_pbs,warehouse_single_dock,burst_20pct,closest,40,1024,true,0.4380,219,0.0120,0.0938,1.0000,,0.00,0.00,,,1.0000,0.0000,0,0.00,0.00,0.0000,0.00,0.0000,1.0000,237336.9,3507888.0,118671
rhcr_pbs,warehouse_single_dock,burst_20pct,closest,40,1024,false,0.1880,94,0.0049,0.4638,0.3056,0.2519,,2.00,,,0.8000,-57.0776,20508,0.00,1.00,23658.0000,59.00,0.2000,0.7965,75051.8,2487377.0,37526
rhcr_pbs,warehouse_single_dock,burst_20pct,closest,40,2048,true,0.4720,236,0.0125,0.0876,1.0000,,0.00,0.00,,,1.0000,0.0000,0,0.00,0.00,0.0000,0.00,0.0000,1.0000,242109.5,3109259.0,121058
rhcr_pbs,warehouse_single_dock,burst_20pct,closest,40,2048,false,0.2980,149,0.0078,0.2599,0.5421,0.1970,,1.00,,,0.8000,-36.8644,13042,0.00,1.00,19488.6667,0.00,0.2000,0.7933,121421.8,2244274.0,60711
rhcr_pbs,warehouse_single_dock,burst_20pct,closest,40,3141,true,0.4540,227,0.0121,0.0943,1.0000,,0.00,0.00,,,1.0000,0.0000,0,0.00,0.00,0.0000,0.00,0.0000,1.0000,208461.8,3470884.0,104234
rhcr_pbs,warehouse_single_dock,burst_20pct,closest,40,3141,false,0.2440,122,0.0063,0.3733,0.4199,0.2045,,2.00,,,0.8000,-46.2555,17445,0.00,1.00,20499.6667,63.00,0.2000,0.7951,61384.1,1675198.0,30692
rhcr_pbs,warehouse_single_dock,burst_20pct,closest,40,9999,true,0.4560,228,0.0117,0.0896,1.0000,,0.00,0.00,,,1.0000,0.0000,0,0.00,0.00,0.0000,0.00,0.0000,1.0000,210391.3,2986498.0,105199
rhcr_pbs,warehouse_single_dock,burst_20pct,closest,40,9999,false,0.2140,107,0.0056,0.4880,0.3278,0.2369,,2.00,,,0.8000,-53.0702,17346,0.00,1.00,23578.0000,0.00,0.2000,0.7961,84890.7,2471557.0,42446
rhcr_pbs,warehouse_single_dock,burst_20pct,closest,40,1337,true,0.0360,18,0.0009,0.9208,1.0000,,0.00,0.00,,,1.0000,0.0000,0,0.00,0.00,0.0000,0.00,0.0000,1.0000,114492.7,1580698.0,57249
rhcr_pbs,warehouse_single_dock,burst_20pct,closest,40,1337,false,0.1860,93,0.0050,0.5119,11.7143,0.0075,12.00,1.00,,114,0.8000,416.6667,12,0.00,1.00,164.0000,14.00,0.2000,0.7946,34321.2,1542130.0,17161
rhcr_pbs,warehouse_single_dock,burst_20pct,closest,40,7777,true,0.4720,236,0.0129,0.0835,1.0000,,0.00,0.00,,,1.0000,0.0000,0,0.00,0.00,0.0000,0.00,0.0000,1.0000,233780.7,3069971.0,116893
rhcr_pbs,warehouse_single_dock,burst_20pct,closest,40,7777,false,0.3440,172,0.0091,0.1844,0.6541,0.2643,,1.00,,,0.8000,-27.1186,10405,0.00,1.00,25009.3333,0.00,0.2000,0.7920,125118.8,2205499.0,62559
rhcr_pbs,warehouse_single_dock,burst_20pct,closest,40,11,true,0.4720,236,0.0129,0.0925,1.0000,,0.00,0.00,,,1.0000,0.0000,0,0.00,0.00,0.0000,0.00,0.0000,1.0000,184158.4,2792842.0,92082
rhcr_pbs,warehouse_single_dock,burst_20pct,closest,40,11,false,0.1900,95,0.0052,0.5086,0.2694,0.2569,,1.00,,,0.8000,-59.7458,23691,0.00,1.00,22599.5000,62.00,0.2000,0.7966,104406.7,1717873.0,52203
rhcr_pbs,warehouse_single_dock,burst_20pct,closest,40,22,true,0.4640,232,0.0123,0.1051,1.0000,,0.00,0.00,,,1.0000,0.0000,0,0.00,0.00,0.0000,0.00,0.0000,1.0000,245883.2,3357892.0,122945
rhcr_pbs,warehouse_single_dock,burst_20pct,closest,40,22,false,0.2660,133,0.0069,0.2944,0.4590,0.2145,,2.00,,,0.8000,-42.6724,16435,0.00,1.00,18807.5000,54.00,0.2000,0.7945,93109.1,1955578.0,46555
rhcr_pbs,warehouse_single_dock,burst_20pct,closest,40,33,true,0.4600,230,0.0123,0.0879,1.0000,,0.00,0.00,,,1.0000,0.0000,0,0.00,0.00,0.0000,0.00,0.0000,1.0000,217229.1,2797661.0,108618
rhcr_pbs,warehouse_single_dock,burst_20pct,closest,40,33,false,0.1940,97,0.0054,0.4978,0.2849,0.2544,,1.00,,,0.8000,-57.8261,23041,0.00,1.00,22705.0000,0.00,0.2000,0.7961,106182.9,2283601.0,53091
rhcr_pbs,warehouse_single_dock,burst_20pct,closest,40,44,true,0.4560,228,0.0123,0.0808,1.0000,,0.00,0.00,,,1.0000,0.0000,0,0.00,0.00,0.0000,0.00,0.0000,1.0000,230235.4,3811577.0,115121
rhcr_pbs,warehouse_single_dock,burst_20pct,closest,40,44,false,0.3980,199,0.0106,0.0889,0.8415,0.2544,,1.00,,,0.8000,-12.7193,4623,0.00,1.00,24956.3333,0.00,0.2000,0.7900,141132.1,3236917.0,70566
rhcr_pbs,warehouse_single_dock,burst_20pct,closest,40,55,true,0.4500,225,0.0122,0.0988,1.0000,,0.00,0.00,,,1.0000,0.0000,0,0.00,0.00,0.0000,0.00,0.0000,1.0000,291216.2,3185572.0,145611
rhcr_pbs,warehouse_single_dock,burst_20pct,closest,40,55,false,0.3880,194,0.0109,0.0806,0.8258,0.2618,,1.00,,,0.8000,-13.7778,5761,0.00,1.00,22451.5000,0.00,0.2000,0.7897,158245.0,2300466.0,79122
rhcr_pbs,warehouse_single_dock,burst_20pct,closest,40,101,true,0.4560,228,0.0123,0.0910,1.0000,,0.00,0.00,,,1.0000,0.0000,0,0.00,0.00,0.0000,0.00,0.0000,1.0000,258254.7,3035940.0,129130
rhcr_pbs,warehouse_single_dock,burst_20pct,closest,40,101,false,0.2660,133,0.0073,0.2725,0.4693,0.2693,,1.00,,,0.8000,-41.6667,16615,0.00,1.00,22013.5000,0.00,0.2000,0.7945,147838.1,2702181.0,73919
rhcr_pbs,warehouse_single_dock,burst_20pct,closest,40,202,true,0.4700,235,0.0127,0.0894,1.0000,,0.00,0.00,,,1.0000,0.0000,0,0.00,0.00,0.0000,0.00,0.0000,1.0000,272996.4,3799944.0,136506
rhcr_pbs,warehouse_single_dock,burst_20pct,closest,40,202,false,0.3840,192,0.0101,0.0944,0.7725,0.2743,,1.00,,,0.8000,-18.2979,10118,0.00,1.00,24690.5000,0.00,0.2000,0.7903,113019.2,2456433.0,56510
rhcr_pbs,warehouse_single_dock,burst_20pct,closest,40,303,true,0.4600,230,0.0121,0.0904,1.0000,,0.00,0.00,,,1.0000,0.0000,0,0.00,0.00,0.0000,0.00,0.0000,1.0000,228339.5,2628314.0,114175
rhcr_pbs,warehouse_single_dock,burst_20pct,closest,40,303,false,0.3160,158,0.0088,0.1952,0.6170,0.2494,,1.00,,,0.8000,-31.3043,13154,0.00,1.00,24104.3333,24.00,0.2000,0.7918,145621.7,2474520.0,72811
rhcr_pbs,warehouse_single_dock,burst_20pct,closest,40,404,true,0.4560,228,0.0123,0.0841,1.0000,,0.00,0.00,,,1.0000,0.0000,0,0.00,0.00,0.0000,0.00,0.0000,1.0000,204643.8,2661440.0,102325
rhcr_pbs,warehouse_single_dock,burst_20pct,closest,40,404,false,0.2120,106,0.0057,0.3916,0.3646,0.2319,,1.00,,,0.8000,-53.5088,17910,0.00,1.00,22061.0000,22.00,0.2000,0.7952,115178.0,2542581.0,57589
rhcr_pbs,warehouse_single_dock,burst_20pct,closest,40,505,true,0.4580,229,0.0128,0.0897,1.0000,,0.00,0.00,,,1.0000,0.0000,0,0.00,0.00,0.0000,0.00,0.0000,1.0000,244991.7,3353974.0,122499
rhcr_pbs,warehouse_single_dock,burst_20pct,closest,40,505,false,0.2980,149,0.0078,0.2357,0.5628,0.1920,,1.00,,,0.8000,-34.9345,13602,0.00,1.00,19405.6667,58.00,0.2000,0.7933,126506.6,3350573.0,63253
rhcr_pbs,warehouse_single_dock,burst_20pct,closest,40,1111,true,0.4720,236,0.0126,0.0856,1.0000,,0.00,0.00,,,1.0000,0.0000,0,0.00,0.00,0.0000,0.00,0.0000,1.0000,181435.6,2482451.0,90721
rhcr_pbs,warehouse_single_dock,burst_20pct,closest,40,1111,false,0.3480,174,0.0094,0.1305,0.6837,0.1671,,1.00,,,0.8000,-26.2712,11447,0.00,1.00,18176.2000,0.00,0.2000,0.7909,120949.4,2505786.0,60475
rhcr_pbs,warehouse_single_dock,burst_20pct,closest,40,2222,true,0.4420,221,0.0118,0.0892,1.0000,,0.00,0.00,,,1.0000,0.0000,0,0.00,0.00,0.0000,0.00,0.0000,1.0000,205687.1,2659282.0,102849
rhcr_pbs,warehouse_single_dock,burst_20pct,closest,40,2222,false,0.3360,168,0.0089,0.1313,0.7135,0.1696,,1.00,,,0.8000,-23.9819,10366,0.00,1.00,18103.6667,48.00,0.2000,0.7912,142605.3,2513462.0,71303
rhcr_pbs,warehouse_single_dock,burst_20pct,closest,40,3333,true,0.4820,241,0.0131,0.0827,1.0000,,0.00,0.00,,,1.0000,0.0000,0,0.00,0.00,0.0000,0.00,0.0000,1.0000,222130.4,3485750.0,111069
rhcr_pbs,warehouse_single_dock,burst_20pct,closest,40,3333,false,0.3040,152,0.0086,0.2139,0.5594,0.2818,,1.00,,,0.8000,-36.9295,16987,0.00,1.00,25620.6667,0.00,0.2000,0.7921,78659.8,1603511.0,39330
rhcr_pbs,warehouse_single_dock,burst_20pct,closest,40,4444,true,0.4740,237,0.0128,0.0869,1.0000,,0.00,0.00,,,1.0000,0.0000,0,0.00,0.00,0.0000,0.00,0.0000,1.0000,221256.2,3404730.0,110631
rhcr_pbs,warehouse_single_dock,burst_20pct,closest,40,4444,false,0.1900,95,0.0052,0.4903,0.2642,0.3067,,1.00,,,0.8000,-59.9156,20688,0.00,1.00,27453.6667,0.00,0.2000,0.7966,90876.7,2975278.0,45438
rhcr_pbs,warehouse_single_dock,burst_20pct,closest,40,5555,true,0.4680,234,0.0124,0.0852,1.0000,,0.00,0.00,,,1.0000,0.0000,0,0.00,0.00,0.0000,0.00,0.0000,1.0000,214305.0,3156350.0,107155
rhcr_pbs,warehouse_single_dock,burst_20pct,closest,40,5555,false,0.3440,172,0.0090,0.1553,0.6684,0.1621,,1.00,,,0.8000,-26.4957,11039,0.00,1.00,16979.6667,0.00,0.2000,0.7917,86194.2,1311854.0,43097
rhcr_pbs,warehouse_single_dock,burst_20pct,closest,40,10000,true,0.4460,223,0.0120,0.0787,1.0000,,0.00,0.00,,,1.0000,0.0000,0,0.00,0.00,0.0000,0.00,0.0000,1.0000,227153.1,2910114.0,113580
rhcr_pbs,warehouse_single_dock,burst_20pct,closest,40,10000,false,0.3520,176,0.0097,0.0925,0.7403,0.2269,,1.00,,,0.8000,-21.0762,9414,0.00,1.00,19030.3333,0.00,0.2000,0.7910,121182.8,2290014.0,60591
rhcr_pbs,warehouse_single_dock,burst_20pct,closest,40,20000,true,0.4640,232,0.0130,0.0843,1.0000,,0.00,0.00,,,1.0000,0.0000,0,0.00,0.00,0.0000,0.00,0.0000,1.0000,258428.3,3470437.0,129219
rhcr_pbs,warehouse_single_dock,burst_20pct,closest,40,20000,false,0.3740,187,0.0101,0.1123,0.7568,0.1446,,1.00,,,0.8000,-19.3966,10221,0.00,1.00,15684.8000,0.00,0.2000,0.7908,167712.0,3315662.0,83856
rhcr_pbs,warehouse_single_dock,burst_20pct,closest,40,30000,true,0.4400,220,0.0118,0.1189,1.0000,,0.00,0.00,,,1.0000,0.0000,0,0.00,0.00,0.0000,0.00,0.0000,1.0000,233483.1,3621275.0,116746
rhcr_pbs,warehouse_single_dock,burst_20pct,closest,40,30000,false,0.2640,132,0.0072,0.2847,0.5084,0.2120,,1.00,,,0.8000,-40.0000,14380,0.00,1.00,19410.3333,118.00,0.2000,0.7940,166341.2,3580108.0,83171
rhcr_pbs,warehouse_single_dock,burst_20pct,closest,40,40000,true,0.4720,236,0.0125,0.0895,1.0000,,0.00,0.00,,,1.0000,0.0000,0,0.00,0.00,0.0000,0.00,0.0000,1.0000,310963.1,3323968.0,155484
rhcr_pbs,warehouse_single_dock,burst_20pct,closest,40,40000,false,0.2180,109,0.0058,0.3231,0.3487,0.2244,,1.00,,,0.8000,-53.8136,23072,0.00,1.00,20320.3333,,0.2000,0.7954,191856.3,3215703.0,95928
rhcr_pbs,warehouse_single_dock,burst_20pct,closest,40,50000,true,0.4560,228,0.0121,0.1019,1.0000,,0.00,0.00,,,1.0000,0.0000,0,0.00,0.00,0.0000,0.00,0.0000,1.0000,234485.7,3199025.0,117246
rhcr_pbs,warehouse_single_dock,burst_20pct,closest,40,50000,false,0.3560,178,0.0095,0.1308,0.7283,0.1671,,1.00,,,0.8000,-21.9298,8013,0.00,1.00,17696.9667,0.00,0.2000,0.7910,81623.9,2716456.0,40812
rhcr_pbs,warehouse_single_dock,burst_50pct,random,40,42,true,0.4320,216,0.0118,0.0803,1.0000,,0.00,0.00,,,1.0000,0.0000,0,0.00,0.00,0.0000,0.00,0.0000,1.0000,247028.7,2559026.0,123517
rhcr_pbs,warehouse_single_dock,burst_50pct,random,40,42,false,0.1920,96,0.0052,0.2279,0.3296,0.3067,,1.00,,,0.5000,-55.5556,23664,0.00,1.00,24802.0000,0.00,0.5000,0.4961,50557.1,2027956.0,25279
rhcr_pbs,warehouse_single_dock,burst_50pct,random,40,123,true,0.4120,206,0.0114,0.1031,1.0000,,0.00,0.00,,,1.0000,0.0000,0,0.00,0.00,0.0000,0.00,0.0000,1.0000,224583.8,3005329.0,112297
rhcr_pbs,warehouse_single_dock,burst_50pct,random,40,123,false,0.1380,69,0.0041,0.4078,0.1845,0.2469,,2.00,,,0.5000,-66.5049,27060,0.00,1.00,21410.0000,,0.5000,0.4977,53650.1,3008617.0,26825
rhcr_pbs,warehouse_single_dock,burst_50pct,random,40,456,true,0.4260,213,0.0118,0.0733,1.0000,,0.00,0.00,,,1.0000,0.0000,0,0.00,0.00,0.0000,0.00,0.0000,1.0000,264148.0,3712465.0,132077
rhcr_pbs,warehouse_single_dock,burst_50pct,random,40,456,false,0.2220,111,0.0062,0.1140,0.4171,0.2095,,1.00,,,0.5000,-47.8873,21144,0.00,1.00,18623.6667,0.00,0.5000,0.4952,80778.0,3715668.0,40389
rhcr_pbs,warehouse_single_dock,burst_50pct,random,40,789,true,0.0360,18,0.0009,0.8337,1.0000,,0.00,0.00,,,1.0000,0.0000,0,0.00,0.00,0.0000,0.00,0.0000,1.0000,136583.7,1109215.0,68297
rhcr_pbs,warehouse_single_dock,burst_50pct,random,40,789,false,0.1400,70,0.0037,0.4294,14.0000,0.0050,0.00,1.00,,,0.5000,288.8889,0,0.00,1.00,246.0000,0.00,0.5000,0.4964,31584.9,1048750.0,15792
rhcr_pbs,warehouse_single_dock,burst_50pct,random,40,1024,true,0.4260,213,0.0114,0.0850,1.0000,,0.00,0.00,,,1.0000,0.0000,0,0.00,0.00,0.0000,0.00,0.0000,1.0000,207335.0,3198560.0,103670
rhcr_pbs,warehouse_single_dock,burst_50pct,random,40,1024,false,0.2280,114,0.0060,0.1084,0.4530,0.2519,,2.00,,,0.5000,-46.4789,20111,0.00,1.00,22314.6667,0.00,0.5000,0.4947,40631.4,2006197.0,20316
rhcr_pbs,warehouse_single_dock,burst_50pct,random,40,2048,true,0.4340,217,0.0118,0.0868,1.0000,,0.00,0.00,,,1.0000,0.0000,0,0.00,0.00,0.0000,0.00,0.0000,1.0000,208719.3,2959119.0,104362
rhcr_pbs,warehouse_single_dock,burst_50pct,random,40,2048,false,0.1120,56,0.0031,0.4571,0.1105,0.2768,,1.00,,,0.5000,-74.1935,30806,0.00,1.00,23274.0000,,0.5000,0.4986,49146.1,2204210.0,24573
rhcr_pbs,warehouse_single_dock,burst_50pct,random,40,3141,true,0.4440,222,0.0118,0.0901,1.0000,,0.00,0.00,,,1.0000,0.0000,0,0.00,0.00,0.0000,0.00,0.0000,1.0000,189292.5,3403986.0,94650
rhcr_pbs,warehouse_single_dock,burst_50pct,random,40,3141,false,0.1700,85,0.0045,0.2887,0.2674,0.2369,,1.00,,,0.5000,-61.7117,25278,0.00,1.00,20015.0000,,0.5000,0.4967,59583.1,3062400.0,29791
rhcr_pbs,warehouse_single_dock,burst_50pct,random,40,9999,true,0.4100,205,0.0107,0.0980,1.0000,,0.00,0.00,,,1.0000,0.0000,0,0.00,0.00,0.0000,0.00,0.0000,1.0000,241189.1,3432889.0,120598
rhcr_pbs,warehouse_single_dock,burst_50pct,random,40,9999,false,0.1340,67,0.0034,0.4543,0.2114,0.2494,,1.00,,,0.5000,-67.3171,25404,0.00,1.00,21094.3333,,0.5000,0.4977,53623.1,3212296.0,26811
rhcr_pbs,warehouse_single_dock,burst_50pct,random,40,1337,true,0.4160,208,0.0113,0.0986,1.0000,,0.00,0.00,,,1.0000,0.0000,0,0.00,0.00,0.0000,0.00,0.0000,1.0000,214738.8,2804176.0,107372
rhcr_pbs,warehouse_single_dock,burst_50pct,random,40,1337,false,0.1680,84,0.0043,0.3083,0.2874,0.2244,,1.00,,,0.5000,-59.6154,21455,0.00,1.00,21023.3333,0.00,0.5000,0.4968,45143.5,2784415.0,22572
rhcr_pbs,warehouse_single_dock,burst_50pct,random,40,7777,true,0.3900,195,0.0104,0.1793,1.0000,,0.00,0.00,,,1.0000,0.0000,0,0.00,0.00,0.0000,0.00,0.0000,1.0000,204860.2,3270708.0,102433
rhcr_pbs,warehouse_single_dock,burst_50pct,random,40,7777,false,0.2180,109,0.0058,0.1568,0.4591,0.2469,,1.00,,,0.5000,-44.1026,20611,0.00,1.00,20212.3333,308.00,0.5000,0.4954,58385.7,2619109.0,29193
rhcr_pbs,warehouse_single_dock,burst_50pct,random,40,11,true,0.4220,211,0.0114,0.0800,1.0000,,0.00,0.00,,,1.0000,0.0000,0,0.00,0.00,0.0000,0.00,0.0000,1.0000,180626.7,2759907.0,90316
rhcr_pbs,warehouse_single_dock,burst_50pct,random,40,11,false,0.1620,81,0.0045,0.3312,0.2571,0.2618,,2.00,,,0.5000,-61.6114,26558,0.00,1.00,21028.3333,103.00,0.5000,0.4968,43708.8,1715131.0,21854
rhcr_pbs,warehouse_single_dock,burst_50pct,random,40,22,true,0.4540,227,0.0126,0.0900,1.0000,,0.00,0.00,,,1.0000,0.0000,0,0.00,0.00,0.0000,0.00,0.0000,1.0000,248995.0,3968244.0,124500
rhcr_pbs,warehouse_single_dock,burst_50pct,random,40,22,false,0.2140,107,0.0061,0.1917,0.3478,0.2993,,1.00,,,0.5000,-52.8634,22321,0.00,1.00,25476.0000,0.00,0.5000,0.4956,72307.0,3237090.0,36153
rhcr_pbs,warehouse_single_dock,burst_50pct,random,40,33,true,0.4140,207,0.0116,0.0868,1.0000,,0.00,0.00,,,1.0000,0.0000,0,0.00,0.00,0.0000,0.00,0.0000,1.0000,202975.6,3495508.0,101493
rhcr_pbs,warehouse_single_dock,burst_50pct,random,40,33,false,0.2160,108,0.0059,0.1690,0.4142,0.2918,,1.00,,,0.5000,-47.8261,19342,0.00,1.00,23500.5000,0.00,0.5000,0.4953,46539.5,1574307.0,23270
rhcr_pbs,warehouse_single_dock,burst_50pct,random,40,44,true,0.2420,121,0.0070,0.4880,1.0000,,0.00,0.00,,,1.0000,0.0000,0,0.00,0.00,0.0000,0.00,0.0000,1.0000,197324.6,2422257.0,98667
rhcr_pbs,warehouse_single_dock,burst_50pct,random,40,44,false,0.1560,78,0.0040,0.3024,0.5000,0.1172,,2.00,,,0.5000,-35.5372,14169,0.00,1.00,7006.0000,151.00,0.5000,0.4973,42752.2,1342185.0,21376
rhcr_pbs,warehouse_single_dock,burst_50pct,random,40,55,true,0.4560,228,0.0129,0.0865,1.0000,,0.00,0.00,,,1.0000,0.0000,0,0.00,0.00,0.0000,0.00,0.0000,1.0000,232874.0,3353703.0,116440
rhcr_pbs,warehouse_single_dock,burst_50pct,random,40,55,false,0.1620,81,0.0044,0.3848,0.2139,0.2618,,2.00,,,0.5000,-64.4737,26003,0.00,1.00,22594.4167,,0.5000,0.4972,52108.7,2179005.0,26054
rhcr_pbs,warehouse_single_dock,burst_50pct,random,40,101,true,0.4320,216,0.0115,0.0865,1.0000,,0.00,0.00,,,1.0000,0.0000,0,0.00,0.00,0.0000,0.00,0.0000,1.0000,265982.5,3495315.0,132999
rhcr_pbs,warehouse_single_dock,burst_50pct,random,40,101,false,0.1700,85,0.0044,0.2182,0.2919,0.2419,,1.00,,,0.5000,-60.6481,24226,0.00,1.00,20822.8333,,0.5000,0.4965,80589.7,2752898.0,40295
rhcr_pbs,warehouse_single_dock,burst_50pct,random,40,202,true,0.4460,223,0.0119,0.0803,1.0000,,0.00,0.00,,,1.0000,0.0000,0,0.00,0.00,0.0000,0.00,0.0000,1.0000,229869.4,3565775.0,114938
rhcr_pbs,warehouse_single_dock,burst_50pct,random,40,202,false,0.1340,67,0.0038,0.4033,0.1789,0.2843,,2.00,,,0.5000,-69.9552,31400,0.00,1.00,23243.6667,,0.5000,0.4976,53622.2,2242365.0,26811
rhcr_pbs,warehouse_single_dock,burst_50pct,random,40,303,true,0.4280,214,0.0124,0.0860,1.0000,,0.00,0.00,,,1.0000,0.0000,0,0.00,0.00,0.0000,0.00,0.0000,1.0000,211648.8,2913172.0,105829
rhcr_pbs,warehouse_single_dock,burst_50pct,random,40,303,false,0.1120,56,0.0030,0.4213,0.1271,0.2618,,1.00,,,0.5000,-73.8318,30684,0.00,1.00,22025.0000,44.00,0.5000,0.4986,44798.8,2668592.0,22399
rhcr_pbs,warehouse_single_dock,burst_50pct,random,40,404,true,0.4240,212,0.0115,0.0847,1.0000,,0.00,0.00,,,1.0000,0.0000,0,0.00,0.00,0.0000,0.00,0.0000,1.0000,197108.8,3455143.0,98557
rhcr_pbs,warehouse_single_dock,burst_50pct,random,40,404,false,0.1840,92,0.0050,0.2709,0.3220,0.2219,,1.00,,,0.5000,-56.6038,20621,0.00,1.00,20851.0000,56.00,0.5000,0.4959,49693.6,2992916.0,24847
rhcr_pbs,warehouse_single_dock,burst_50pct,random,40,505,true,0.4340,217,0.0115,0.0807,1.0000,,0.00,0.00,,,1.0000,0.0000,0,0.00,0.00,0.0000,0.00,0.0000,1.0000,239388.1,3132516.0,119697
rhcr_pbs,warehouse_single_dock,burst_50pct,random,40,505,false,0.1860,93,0.0050,0.2687,0.3073,0.2195,,1.00,,,0.5000,-57.1429,22528,0.00,1.00,19776.6667,0.00,0.5000,0.4962,49773.4,2673683.0,24887
rhcr_pbs,warehouse_single_dock,burst_50pct,random,40,1111,true,0.4080,204,0.0112,0.0914,1.0000,,0.00,0.00,,,1.0000,0.0000,0,0.00,0.00,0.0000,0.00,0.0000,1.0000,226827.3,3173289.0,113417
rhcr_pbs,warehouse_single_dock,burst_50pct,random,40,1111,false,0.1640,82,0.0046,0.2743,0.2824,0.2668,,1.00,,,0.5000,-59.8039,23965,0.00,1.00,23090.3333,54.00,0.5000,0.4965,56163.0,2765718.0,28081
rhcr_pbs,warehouse_single_dock,burst_50pct,random,40,2222,true,0.4740,237,0.0127,0.0870,1.0000,,0.00,0.00,,,1.0000,0.0000,0,0.00,0.00,0.0000,0.00,0.0000,1.0000,283288.3,3542196.0,141647
rhcr_pbs,warehouse_single_dock,burst_50pct,random,40,2222,false,0.1380,69,0.0038,0.3802,0.1515,0.2793,,1.00,,,0.5000,-70.8861,31458,0.00,1.00,23046.3333,,0.5000,0.4977,91376.8,3064303.0,45688
rhcr_pbs,warehouse_single_dock,burst_50pct,random,40,3333,true,0.4220,211,0.0114,0.0933,1.0000,,0.00,0.00,,,1.0000,0.0000,0,0.00,0.00,0.0000,0.00,0.0000,1.0000,236899.3,3015268.0,118453
rhcr_pbs,warehouse_single_dock,burst_50pct,random,40,3333,false,0.0960,48,0.0024,0.5696,0.0843,0.2768,,1.00,,,0.5000,-77.2512,32308,0.00,1.00,21878.0000,,0.5000,0.4991,99777.7,2669774.0,49889
rhcr_pbs,warehouse_single_dock,burst_50pct,random,40,4444,true,0.4180,209,0.0107,0.1128,1.0000,,0.00,0.00,,,1.0000,0.0000,0,0.00,0.00,0.0000,0.00,0.0000,1.0000,218044.2,3346277.0,109025
rhcr_pbs,warehouse_single_dock,burst_50pct,random,40,4444,false,0.1220,61,0.0031,0.3824,0.1823,0.2594,,1.00,,,0.5000,-70.8134,27416,0.00,1.00,22448.5000,140.00,0.5000,0.4979,47322.2,2881324.0,23661
rhcr_pbs,warehouse_single_dock,burst_50pct,random,40,5555,true,0.4460,223,0.0118,0.0771,1.0000,,0.00,0.00,,,1.0000,0.0000,0,0.00,0.00,0.0000,0.00,0.0000,1.0000,213800.1,3593427.0,106905
rhcr_pbs,warehouse_single_dock,burst_50pct,random,40,5555,false,0.1660,83,0.0043,0.3160,0.2473,0.2643,,1.00,,,0.5000,-62.7803,25041,0.00,1.00,24225.3333,218.00,0.5000,0.4969,41270.4,1487389.0,20635
rhcr_pbs,warehouse_single_dock,burst_50pct,random,40,10000,true,0.4200,210,0.0114,0.1094,1.0000,,0.00,0.00,,,1.0000,0.0000,0,0.00,0.00,0.0000,0.00,0.0000,1.0000,307153.3,3488878.0,153580
rhcr_pbs,warehouse_single_dock,burst_50pct,random,40,10000,false,0.0940,47,0.0026,0.4564,0.0944,0.2818,,1.00,,,0.5000,-77.6190,30699,0.00,1.00,24227.5000,0.00,0.5000,0.4987,73949.8,3476764.0,36975
rhcr_pbs,warehouse_single_dock,burst_50pct,random,40,20000,true,0.2240,112,0.0057,0.4974,1.0000,,0.00,0.00,,,1.0000,0.0000,0,0.00,0.00,0.0000,0.00,0.0000,1.0000,168787.0,2764438.0,84396
rhcr_pbs,warehouse_single_dock,burst_50pct,random,40,20000,false,0.2040,102,0.0054,0.2356,0.8701,0.0973,,1.00,,,0.5000,-8.9286,9914,0.00,1.00,4317.2500,0.00,0.5000,0.4955,66824.5,2641626.0,33412
rhcr_pbs,warehouse_single_dock,burst_50pct,random,40,30000,true,0.4460,223,0.0121,0.0828,1.0000,,0.00,0.00,,,1.0000,0.0000,0,0.00,0.00,0.0000,0.00,0.0000,1.0000,245539.6,3861772.0,122782
rhcr_pbs,warehouse_single_dock,burst_50pct,random,40,30000,false,0.1960,98,0.0053,0.1927,0.3243,0.2269,,1.00,,,0.5000,-56.0538,24968,0.00,1.00,20852.2500,0.00,0.5000,0.4960,64516.0,2977605.0,32258
rhcr_pbs,warehouse_single_dock,burst_50pct,random,40,40000,true,0.4320,216,0.0120,0.0841,1.0000,,0.00,0.00,,,1.0000,0.0000,0,0.00,0.00,0.0000,0.00,0.0000,1.0000,252891.2,3151314.0,126448
rhcr_pbs,warehouse_single_dock,burst_50pct,random,40,40000,false,0.1960,98,0.0052,0.1976,0.3552,0.2294,,1.00,,,0.5000,-54.6296,24045,0.00,1.00,19982.6667,4.00,0.5000,0.4959,83300.2,2629901.0,41650
rhcr_pbs,warehouse_single_dock,burst_50pct,random,40,50000,true,0.4380,219,0.0114,0.0919,1.0000,,0.00,0.00,,,1.0000,0.0000,0,0.00,0.00,0.0000,0.00,0.0000,1.0000,239431.6,2656036.0,119721
rhcr_pbs,warehouse_single_dock,burst_50pct,random,40,50000,false,0.1860,93,0.0050,0.2239,0.3039,0.2319,,1.00,,,0.5000,-57.5342,24194,0.00,1.00,19712.0000,,0.5000,0.4963,49607.1,2421994.0,24804
rhcr_pbs,warehouse_single_dock,burst_50pct,closest,40,42,true,0.4520,226,0.0124,0.0956,1.0000,,0.00,0.00,,,1.0000,0.0000,0,0.00,0.00,0.0000,0.00,0.0000,1.0000,233557.8,2881749.0,116784
rhcr_pbs,warehouse_single_dock,burst_50pct,closest,40,42,false,0.1600,80,0.0043,0.4078,0.2065,0.2643,,1.00,,,0.5000,-64.6018,24500,0.00,1.00,23180.3333,202.00,0.5000,0.4976,57561.2,1392506.0,28781
rhcr_pbs,warehouse_single_dock,burst_50pct,closest,40,123,true,0.4440,222,0.0120,0.0896,1.0000,,0.00,0.00,,,1.0000,0.0000,0,0.00,0.00,0.0000,0.00,0.0000,1.0000,221196.0,3437738.0,110603
rhcr_pbs,warehouse_single_dock,burst_50pct,closest,40,123,false,0.1680,84,0.0043,0.3716,0.2291,0.2394,,1.00,,,0.5000,-62.1622,24684,0.00,1.00,22861.0833,0.00,0.5000,0.4974,64544.3,3510013.0,32272
rhcr_pbs,warehouse_single_dock,burst_50pct,closest,40,456,true,0.4340,217,0.0114,0.1103,1.0000,,0.00,0.00,,,1.0000,0.0000,0,0.00,0.00,0.0000,0.00,0.0000,1.0000,231339.3,2898367.0,115674
rhcr_pbs,warehouse_single_dock,burst_50pct,closest,40,456,false,0.1180,59,0.0030,0.5030,0.1023,0.2868,,1.00,,,0.5000,-72.8111,29036,0.00,1.00,24144.0000,4.00,0.5000,0.4988,48754.2,1909329.0,24377
rhcr_pbs,warehouse_single_dock,burst_50pct,closest,40,789,true,0.4500,225,0.0122,0.0949,1.0000,,0.00,0.00,,,1.0000,0.0000,0,0.00,0.00,0.0000,0.00,0.0000,1.0000,250093.7,3552053.0,125050
rhcr_pbs,warehouse_single_dock,burst_50pct,closest,40,789,false,0.1680,84,0.0043,0.3479,0.2579,0.2494,,1.00,,,0.5000,-62.6667,25270,0.00,1.00,21757.6667,,0.5000,0.4969,44184.1,1745151.0,22092
rhcr_pbs,warehouse_single_dock,burst_50pct,closest,40,1024,true,0.4380,219,0.0120,0.0938,1.0000,,0.00,0.00,,,1.0000,0.0000,0,0.00,0.00,0.0000,0.00,0.0000,1.0000,237336.9,3507888.0,118671
rhcr_pbs,warehouse_single_dock,burst_50pct,closest,40,1024,false,0.1620,81,0.0043,0.3444,0.2333,0.2643,,2.00,,,0.5000,-63.0137,26056,0.00,1.00,23595.4167,,0.5000,0.4972,39064.6,2558276.0,19532
rhcr_pbs,warehouse_single_dock,burst_50pct,closest,40,2048,true,0.4720,236,0.0125,0.0876,1.0000,,0.00,0.00,,,1.0000,0.0000,0,0.00,0.00,0.0000,0.00,0.0000,1.0000,242109.5,3109259.0,121058
rhcr_pbs,warehouse_single_dock,burst_50pct,closest,40,2048,false,0.2040,102,0.0056,0.1842,0.2947,0.2394,,1.00,,,0.5000,-56.7797,25683,0.00,1.00,21591.8333,0.00,0.5000,0.4961,81729.1,2317693.0,40865
rhcr_pbs,warehouse_single_dock,burst_50pct,closest,40,3141,true,0.4540,227,0.0121,0.0943,1.0000,,0.00,0.00,,,1.0000,0.0000,0,0.00,0.00,0.0000,0.00,0.0000,1.0000,208461.8,3470884.0,104234
rhcr_pbs,warehouse_single_dock,burst_50pct,closest,40,3141,false,0.1760,88,0.0046,0.3073,0.2320,0.2544,,2.00,,,0.5000,-61.2335,26897,0.00,1.00,21890.9167,81.00,0.5000,0.4972,44822.7,1664617.0,22411
rhcr_pbs,warehouse_single_dock,burst_50pct,closest,40,9999,true,0.4560,228,0.0117,0.0896,1.0000,,0.00,0.00,,,1.0000,0.0000,0,0.00,0.00,0.0000,0.00,0.0000,1.0000,210391.3,2986498.0,105199
rhcr_pbs,warehouse_single_dock,burst_50pct,closest,40,9999,false,0.1520,76,0.0040,0.4294,0.1556,0.2643,,2.00,,,0.5000,-66.6667,26804,0.00,1.00,23627.5000,0.00,0.5000,0.4982,67605.8,2495790.0,33803
rhcr_pbs,warehouse_single_dock,burst_50pct,closest,40,1337,true,0.0360,18,0.0009,0.9208,1.0000,,0.00,0.00,,,1.0000,0.0000,0,0.00,0.00,0.0000,0.00,0.0000,1.0000,114492.7,1580698.0,57249
rhcr_pbs,warehouse_single_dock,burst_50pct,closest,40,1337,false,0.0800,40,0.0022,0.6665,4.1429,0.0125,12.00,1.00,,114,0.5000,122.2222,12,0.00,1.00,238.0000,14.00,0.5000,0.4981,22106.8,1515967.0,11053
rhcr_pbs,warehouse_single_dock,burst_50pct,closest,40,7777,true,0.4720,236,0.0129,0.0835,1.0000,,0.00,0.00,,,1.0000,0.0000,0,0.00,0.00,0.0000,0.00,0.0000,1.0000,233780.7,3069971.0,116893
rhcr_pbs,warehouse_single_dock,burst_50pct,closest,40,7777,false,0.2000,100,0.0053,0.2623,0.2649,0.2868,,1.00,,,0.5000,-57.6271,24757,0.00,1.00,25449.0000,288.00,0.5000,0.4967,49084.2,2145136.0,24542
rhcr_pbs,warehouse_single_dock,burst_50pct,closest,40,11,true,0.4720,236,0.0129,0.0925,1.0000,,0.00,0.00,,,1.0000,0.0000,0,0.00,0.00,0.0000,0.00,0.0000,1.0000,184158.4,2792842.0,92082
rhcr_pbs,warehouse_single_dock,burst_50pct,closest,40,11,false,0.2120,106,0.0059,0.2306,0.3264,0.2444,,1.00,,,0.5000,-55.0847,23916,0.00,1.00,22007.3333,62.00,0.5000,0.4958,48598.1,1701003.0,24299
rhcr_pbs,warehouse_single_dock,burst_50pct,closest,40,22,true,0.4640,232,0.0123,0.1051,1.0000,,0.00,0.00,,,1.0000,0.0000,0,0.00,0.00,0.0000,0.00,0.0000,1.0000,245883.2,3357892.0,122945
rhcr_pbs,warehouse_single_dock,burst_50pct,closest,40,22,false,0.2060,103,0.0055,0.2620,0.2951,0.2818,,2.00,,,0.5000,-55.6034,24830,0.00,1.00,23135.5000,95.00,0.5000,0.4963,57550.4,1944434.0,28775
rhcr_pbs,warehouse_single_dock,burst_50pct,closest,40,33,true,0.4600,230,0.0123,0.0879,1.0000,,0.00,0.00,,,1.0000,0.0000,0,0.00,0.00,0.0000,0.00,0.0000,1.0000,217229.1,2797661.0,108618
rhcr_pbs,warehouse_single_dock,burst_50pct,closest,40,33,false,0.1780,89,0.0049,0.3536,0.2419,0.2768,,1.00,,,0.5000,-61.3043,24394,0.00,1.00,22836.0000,0.00,0.5000,0.4968,70259.0,2423400.0,35129
rhcr_pbs,warehouse_single_dock,burst_50pct,closest,40,44,true,0.4560,228,0.0123,0.0808,1.0000,,0.00,0.00,,,1.0000,0.0000,0,0.00,0.00,0.0000,0.00,0.0000,1.0000,230235.4,3811577.0,115121
rhcr_pbs,warehouse_single_dock,burst_50pct,closest,40,44,false,0.2640,132,0.0072,0.1232,0.4754,0.3017,,1.00,,,0.5000,-42.1053,16978,0.00,1.00,26036.0000,0.00,0.5000,0.4942,63186.8,3239058.0,31593
rhcr_pbs,warehouse_single_dock,burst_50pct,closest,40,55,true,0.4500,225,0.0122,0.0988,1.0000,,0.00,0.00,,,1.0000,0.0000,0,0.00,0.00,0.0000,0.00,0.0000,1.0000,291216.2,3185572.0,145611
rhcr_pbs,warehouse_single_dock,burst_50pct,closest,40,55,false,0.2280,114,0.0061,0.2290,0.3764,0.2693,,1.00,,,0.5000,-49.3333,20973,0.00,1.00,22596.6667,0.00,0.5000,0.4956,80026.8,2222703.0,40013
rhcr_pbs,warehouse_single_dock,burst_50pct,closest,40,101,true,0.4560,228,0.0123,0.0910,1.0000,,0.00,0.00,,,1.0000,0.0000,0,0.00,0.00,0.0000,0.00,0.0000,1.0000,258254.7,3035940.0,129130
rhcr_pbs,warehouse_single_dock,burst_50pct,closest,40,101,false,0.2040,102,0.0059,0.2556,0.2961,0.2793,,1.00,,,0.5000,-55.2632,25204,0.00,1.00,22054.0000,0.00,0.5000,0.4963,69260.5,2649859.0,34630
rhcr_pbs,warehouse_single_dock,burst_50pct,closest,40,202,true,0.4700,235,0.0127,0.0894,1.0000,,0.00,0.00,,,1.0000,0.0000,0,0.00,0.00,0.0000,0.00,0.0000,1.0000,272996.4,3799944.0,136506
rhcr_pbs,warehouse_single_dock,burst_50pct,closest,40,202,false,0.2260,113,0.0059,0.2138,0.3545,0.2319,,1.00,,,0.5000,-51.9149,27743,0.00,1.00,20300.0000,288.00,0.5000,0.4956,61335.8,2376241.0,30668
rhcr_pbs,warehouse_single_dock,burst_50pct,closest,40,303,true,0.4600,230,0.0121,0.0904,1.0000,,0.00,0.00,,,1.0000,0.0000,0,0.00,0.00,0.0000,0.00,0.0000,1.0000,228339.5,2628314.0,114175
rhcr_pbs,warehouse_single_dock,burst_50pct,closest,40,303,false,0.1920,96,0.0052,0.3056,0.2872,0.2718,,1.00,,,0.5000,-58.2609,22914,0.00,1.00,24215.6667,24.00,0.5000,0.4963,69501.5,2347939.0,34751
rhcr_pbs,warehouse_single_dock,burst_50pct,closest,40,404,true,0.4560,228,0.0123,0.0841,1.0000,,0.00,0.00,,,1.0000,0.0000,0,0.00,0.00,0.0000,0.00,0.0000,1.0000,204643.8,2661440.0,102325
rhcr_pbs,warehouse_single_dock,burst_50pct,closest,40,404,false,0.2520,126,0.0067,0.0723,0.4688,0.2519,,1.00,,,0.5000,-44.7368,18538,0.00,1.00,24276.6667,124.00,0.5000,0.4940,65851.1,2501988.0,32926
rhcr_pbs,warehouse_single_dock,burst_50pct,closest,40,505,true,0.4580,229,0.0128,0.0897,1.0000,,0.00,0.00,,,1.0000,0.0000,0,0.00,0.00,0.0000,0.00,0.0000,1.0000,244991.7,3353974.0,122499
rhcr_pbs,warehouse_single_dock,burst_50pct,closest,40,505,false,0.1320,66,0.0036,0.4481,0.1093,0.2668,,1.00,,,0.5000,-71.1790,31889,0.00,1.00,21740.0000,,0.5000,0.4986,86121.2,3373903.0,43061
rhcr_pbs,warehouse_single_dock,burst_50pct,closest,40,1111,true,0.4720,236,0.0126,0.0856,1.0000,,0.00,0.00,,,1.0000,0.0000,0,0.00,0.00,0.0000,0.00,0.0000,1.0000,181435.6,2482451.0,90721
rhcr_pbs,warehouse_single_dock,burst_50pct,closest,40,1111,false,0.1820,91,0.0050,0.2220,0.2602,0.2718,,1.00,,,0.5000,-61.4407,28041,0.00,1.00,23288.0000,,0.5000,0.4964,47902.9,2566298.0,23951
rhcr_pbs,warehouse_single_dock,burst_50pct,closest,40,2222,true,0.4420,221,0.0118,0.0892,1.0000,,0.00,0.00,,,1.0000,0.0000,0,0.00,0.00,0.0000,0.00,0.0000,1.0000,205687.1,2659282.0,102849
rhcr_pbs,warehouse_single_dock,burst_50pct,closest,40,2222,false,0.2080,104,0.0056,0.1826,0.3676,0.2269,,1.00,,,0.5000,-52.9412,21420,0.00,1.00,20938.0000,48.00,0.5000,0.4954,56401.1,2603188.0,28201
rhcr_pbs,warehouse_single_dock,burst_50pct,closest,40,3333,true,0.4820,241,0.0131,0.0827,1.0000,,0.00,0.00,,,1.0000,0.0000,0,0.00,0.00,0.0000,0.00,0.0000,1.0000,222130.4,3485750.0,111069
rhcr_pbs,warehouse_single_dock,burst_50pct,closest,40,3333,false,0.0960,48,0.0027,0.6129,0.0446,0.3092,,1.00,,,0.5000,-80.0830,37323,0.00,1.00,25765.1667,0.00,0.5000,0.4994,32848.7,1561695.0,16424
rhcr_pbs,warehouse_single_dock,burst_50pct,closest,40,4444,true,0.4740,237,0.0128,0.0869,1.0000,,0.00,0.00,,,1.0000,0.0000,0,0.00,0.00,0.0000,0.00,0.0000,1.0000,221256.2,3404730.0,110631
rhcr_pbs,warehouse_single_dock,burst_50pct,closest,40,4444,false,0.2220,111,0.0062,0.2210,0.3472,0.2369,,1.00,,,0.5000,-53.1646,22883,0.00,1.00,22246.1667,0.00,0.5000,0.4953,56350.7,3060437.0,28175
rhcr_pbs,warehouse_single_dock,burst_50pct,closest,40,5555,true,0.4680,234,0.0124,0.0852,1.0000,,0.00,0.00,,,1.0000,0.0000,0,0.00,0.00,0.0000,0.00,0.0000,1.0000,214305.0,3156350.0,107155
rhcr_pbs,warehouse_single_dock,burst_50pct,closest,40,5555,false,0.2100,105,0.0055,0.2802,0.3102,0.2469,,1.00,,,0.5000,-55.1282,26126,0.00,1.00,21482.3333,162.00,0.5000,0.4961,29707.2,1198482.0,14854
rhcr_pbs,warehouse_single_dock,burst_50pct,closest,40,10000,true,0.4460,223,0.0120,0.0787,1.0000,,0.00,0.00,,,1.0000,0.0000,0,0.00,0.00,0.0000,0.00,0.0000,1.0000,227153.1,2910114.0,113580
rhcr_pbs,warehouse_single_dock,burst_50pct,closest,40,10000,false,0.2220,111,0.0062,0.1617,0.3812,0.2369,,1.00,,,0.5000,-50.2242,20787,0.00,1.00,21311.0000,,0.5000,0.4953,55391.0,2419530.0,27695
rhcr_pbs,warehouse_single_dock,burst_50pct,closest,40,20000,true,0.4640,232,0.0130,0.0843,1.0000,,0.00,0.00,,,1.0000,0.0000,0,0.00,0.00,0.0000,0.00,0.0000,1.0000,258428.3,3470437.0,129219
rhcr_pbs,warehouse_single_dock,burst_50pct,closest,40,20000,false,0.2440,122,0.0067,0.1316,0.4054,0.1970,,1.00,,,0.5000,-47.4138,20994,0.00,1.00,19414.6000,0.00,0.5000,0.4950,89425.9,3573173.0,44713
rhcr_pbs,warehouse_single_dock,burst_50pct,closest,40,30000,true,0.4400,220,0.0118,0.1189,1.0000,,0.00,0.00,,,1.0000,0.0000,0,0.00,0.00,0.0000,0.00,0.0000,1.0000,233483.1,3621275.0,116746
rhcr_pbs,warehouse_single_dock,burst_50pct,closest,40,30000,false,0.2020,101,0.0056,0.2321,0.3352,0.2394,,1.00,,,0.5000,-54.0909,22707,0.00,1.00,21209.3333,194.00,0.5000,0.4959,60578.2,3532372.0,30289
rhcr_pbs,warehouse_single_dock,burst_50pct,closest,40,40000,true,0.4720,236,0.0125,0.0895,1.0000,,0.00,0.00,,,1.0000,0.0000,0,0.00,0.00,0.0000,0.00,0.0000,1.0000,310963.1,3323968.0,155484
rhcr_pbs,warehouse_single_dock,burst_50pct,closest,40,40000,false,0.1340,67,0.0036,0.4667,0.1333,0.2893,,1.00,,,0.5000,-71.6102,31504,0.00,1.00,25252.3333,,0.5000,0.4982,97676.6,3315612.0,48838
rhcr_pbs,warehouse_single_dock,burst_50pct,closest,40,50000,true,0.4560,228,0.0121,0.1019,1.0000,,0.00,0.00,,,1.0000,0.0000,0,0.00,0.00,0.0000,0.00,0.0000,1.0000,234485.7,3199025.0,117246
rhcr_pbs,warehouse_single_dock,burst_50pct,closest,40,50000,false,0.1620,81,0.0042,0.3820,0.2011,0.2494,,1.00,,,0.5000,-64.4737,26148,0.00,1.00,21780.1667,8.00,0.5000,0.4977,73068.2,2675471.0,36534
rhcr_pbs,warehouse_single_dock,wear_medium,random,40,42,true,0.4320,216,0.0118,0.0803,1.0000,,0.00,0.00,,,1.0000,0.0000,0,0.00,0.00,0.0000,0.00,0.0000,1.0000,247028.7,2559026.0,123517
rhcr_pbs,warehouse_single_dock,wear_medium,random,40,42,false,0.2660,133,0.0071,0.2028,0.5911,0.2896,,1.00,20.65,,0.4750,-38.4259,13114,0.00,1.00,29982.0000,0.00,0.5250,0.7042,105077.0,2522865.0,52539
rhcr_pbs,warehouse_single_dock,wear_medium,random,40,123,true,0.4120,206,0.0114,0.1031,1.0000,,0.00,0.00,,,1.0000,0.0000,0,0.00,0.00,0.0000,0.00,0.0000,1.0000,224583.8,3005329.0,112297
rhcr_pbs,warehouse_single_dock,wear_medium,random,40,123,false,0.3180,159,0.0086,0.1893,0.6968,0.2732,,1.00,22.73,,0.6000,-22.8155,4469,0.00,1.00,19232.0000,0.00,0.4000,0.8090,156358.4,3429131.0,78179
rhcr_pbs,warehouse_single_dock,wear_medium,random,40,456,true,0.4260,213,0.0118,0.0733,1.0000,,0.00,0.00,,,1.0000,0.0000,0,0.00,0.00,0.0000,0.00,0.0000,1.0000,264148.0,3712465.0,132077
rhcr_pbs,warehouse_single_dock,wear_medium,random,40,456,false,0.2960,148,0.0083,0.1525,0.5860,0.1715,,1.00,17.50,,0.5000,-30.5164,8468,0.00,1.00,14812.1667,0.00,0.5000,0.7248,160298.4,3725606.0,80149
rhcr_pbs,warehouse_single_dock,wear_medium,random,40,789,true,0.0360,18,0.0009,0.8337,1.0000,,0.00,0.00,,,1.0000,0.0000,0,0.00,0.00,0.0000,0.00,0.0000,1.0000,136583.7,1109215.0,68297
rhcr_pbs,warehouse_single_dock,wear_medium,random,40,789,false,0.0340,17,0.0009,0.8415,0.5000,0.0055,,1.00,158.00,,0.9250,-5.5556,284,0.00,1.00,172.0000,0.00,0.0750,0.9620,139199.6,1035680.0,69600
rhcr_pbs,warehouse_single_dock,wear_medium,random,40,1024,true,0.4260,213,0.0114,0.0850,1.0000,,0.00,0.00,,,1.0000,0.0000,0,0.00,0.00,0.0000,0.00,0.0000,1.0000,207335.0,3198560.0,103670
rhcr_pbs,warehouse_single_dock,wear_medium,random,40,1024,false,0.2680,134,0.0070,0.1992,0.6291,0.3024,,1.00,21.14,,0.4500,-37.0892,11842,0.00,1.00,33373.0000,2.00,0.5500,0.7291,92069.6,1792942.0,46035
rhcr_pbs,warehouse_single_dock,wear_medium,random,40,2048,true,0.4340,217,0.0118,0.0868,1.0000,,0.00,0.00,,,1.0000,0.0000,0,0.00,0.00,0.0000,0.00,0.0000,1.0000,208719.3,2959119.0,104362
rhcr_pbs,warehouse_single_dock,wear_medium,random,40,2048,false,0.2520,126,0.0069,0.3779,0.5236,0.1981,,1.00,40.40,,0.7250,-41.9355,16484,0.00,1.00,21664.5833,0.00,0.2750,0.8584,195573.6,2251944.0,97787
rhcr_pbs,warehouse_single_dock,wear_medium,random,40,3141,true,0.4440,222,0.0118,0.0901,1.0000,,0.00,0.00,,,1.0000,0.0000,0,0.00,0.00,0.0000,0.00,0.0000,1.0000,189292.5,3403986.0,94650
rhcr_pbs,warehouse_single_dock,wear_medium,random,40,3141,false,0.3040,152,0.0081,0.1264,0.6257,0.1766,,1.00,25.36,,0.5750,-31.5315,8325,0.00,1.00,19824.5000,0.00,0.4250,0.7664,121147.4,2922945.0,60574
rhcr_pbs,warehouse_single_dock,wear_medium,random,40,9999,true,0.4100,205,0.0107,0.0980,1.0000,,0.00,0.00,,,1.0000,0.0000,0,0.00,0.00,0.0000,0.00,0.0000,1.0000,241189.1,3432889.0,120598
rhcr_pbs,warehouse_single_dock,wear_medium,random,40,9999,false,0.3020,151,0.0080,0.1551,0.6447,0.1558,,1.00,16.52,,0.4000,-26.3415,5617,0.00,1.00,12697.6667,0.00,0.6000,0.7107,156631.2,3430256.0,78316
rhcr_pbs,warehouse_single_dock,wear_medium,random,40,1337,true,0.4160,208,0.0113,0.0986,1.0000,,0.00,0.00,,,1.0000,0.0000,0,0.00,0.00,0.0000,0.00,0.0000,1.0000,214738.8,2804176.0,107372
rhcr_pbs,warehouse_single_dock,wear_medium,random,40,1337,false,0.2860,143,0.0077,0.1792,0.5455,0.1651,,1.00,17.61,,0.5250,-31.2500,6498,0.00,1.00,11754.3333,0.00,0.4750,0.7843,110760.1,2782159.0,55380
rhcr_pbs,warehouse_single_dock,wear_medium,random,40,7777,true,0.3900,195,0.0104,0.1793,1.0000,,0.00,0.00,,,1.0000,0.0000,0,0.00,0.00,0.0000,0.00,0.0000,1.0000,204860.2,3270708.0,102433
rhcr_pbs,warehouse_single_dock,wear_medium,random,40,7777,false,0.3440,172,0.0091,0.0907,0.8380,0.1413,,1.00,18.16,,0.4750,-11.7949,5168,0.00,1.00,11135.1667,0.00,0.5250,0.7540,109433.5,2558682.0,54717
rhcr_pbs,warehouse_single_dock,wear_medium,random,40,11,true,0.4220,211,0.0114,0.0800,1.0000,,0.00,0.00,,,1.0000,0.0000,0,0.00,0.00,0.0000,0.00,0.0000,1.0000,180626.7,2759907.0,90316
rhcr_pbs,warehouse_single_dock,wear_medium,random,40,11,false,0.2920,146,0.0076,0.1625,0.5833,0.1781,,1.00,14.05,,0.4500,-30.8057,6807,0.00,1.00,15701.4167,0.00,0.5500,0.6463,97099.2,1929568.0,48550
rhcr_pbs,warehouse_single_dock,wear_medium,random,40,22,true,0.4540,227,0.0126,0.0900,1.0000,,0.00,0.00,,,1.0000,0.0000,0,0.00,0.00,0.0000,0.00,0.0000,1.0000,248995.0,3968244.0,124500
rhcr_pbs,warehouse_single_dock,wear_medium,random,40,22,false,0.3040,152,0.0083,0.1005,0.6394,0.1671,,1.00,20.43,,0.4000,-33.0396,8650,0.00,1.00,20801.4167,0.00,0.6000,0.7303,146314.9,2637972.0,73158
rhcr_pbs,warehouse_single_dock,wear_medium,random,40,33,true,0.4140,207,0.0116,0.0868,1.0000,,0.00,0.00,,,1.0000,0.0000,0,0.00,0.00,0.0000,0.00,0.0000,1.0000,202975.6,3495508.0,101493
rhcr_pbs,warehouse_single_dock,wear_medium,random,40,33,false,0.2780,139,0.0076,0.1812,0.6180,0.1723,,1.00,23.44,,0.5750,-32.8502,9796,0.00,1.00,18047.0000,0.00,0.4250,0.7485,88102.8,2588759.0,44052
rhcr_pbs,warehouse_single_dock,wear_medium,random,40,44,true,0.2420,121,0.0070,0.4880,1.0000,,0.00,0.00,,,1.0000,0.0000,0,0.00,0.00,0.0000,0.00,0.0000,1.0000,197324.6,2422257.0,98667
rhcr_pbs,warehouse_single_dock,wear_medium,random,40,44,false,0.3480,174,0.0092,0.0951,1.8030,0.0687,56.00,1.00,18.67,231,0.5250,43.8017,50,0.00,1.00,5258.0000,0.00,0.4750,0.7579,125085.3,2551612.0,62543
rhcr_pbs,warehouse_single_dock,wear_medium,random,40,55,true,0.4560,228,0.0129,0.0865,1.0000,,0.00,0.00,,,1.0000,0.0000,0,0.00,0.00,0.0000,0.00,0.0000,1.0000,232874.0,3353703.0,116440
rhcr_pbs,warehouse_single_dock,wear_medium,random,40,55,false,0.2260,113,0.0059,0.4054,0.4221,0.2118,,1.00,24.10,,0.7250,-50.4386,16100,0.00,1.00,24995.2500,0.00,0.2750,0.7995,122932.2,2462814.0,61466
rhcr_pbs,warehouse_single_dock,wear_medium,random,40,101,true,0.4320,216,0.0115,0.0865,1.0000,,0.00,0.00,,,1.0000,0.0000,0,0.00,0.00,0.0000,0.00,0.0000,1.0000,265982.5,3495315.0,132999
rhcr_pbs,warehouse_single_dock,wear_medium,random,40,101,false,0.2980,149,0.0080,0.1636,0.6528,0.2062,,1.00,21.16,,0.5000,-31.0185,6913,0.00,1.00,21715.8333,0.00,0.5000,0.7564,151497.1,2956289.0,75749
rhcr_pbs,warehouse_single_dock,wear_medium,random,40,202,true,0.4460,223,0.0119,0.0803,1.0000,,0.00,0.00,,,1.0000,0.0000,0,0.00,0.00,0.0000,0.00,0.0000,1.0000,229869.4,3565775.0,114938
rhcr_pbs,warehouse_single_dock,wear_medium,random,40,202,false,0.3020,151,0.0080,0.1850,0.5325,0.1946,,1.00,13.09,,0.4250,-32.2870,8838,0.00,1.00,14183.6667,0.00,0.5750,0.7074,129231.8,2377557.0,64616
rhcr_pbs,warehouse_single_dock,wear_medium,random,40,303,true,0.4280,214,0.0124,0.0860,1.0000,,0.00,0.00,,,1.0000,0.0000,0,0.00,0.00,0.0000,0.00,0.0000,1.0000,211648.8,2913172.0,105829
rhcr_pbs,warehouse_single_dock,wear_medium,random,40,303,false,0.3440,172,0.0092,0.1279,0.8000,0.1641,,1.00,26.29,,0.5500,-19.6262,5817,0.00,1.00,22320.5000,0.00,0.4500,0.8259,169927.1,2636762.0,84964
rhcr_pbs,warehouse_single_dock,wear_medium,random,40,404,true,0.4240,212,0.0115,0.0847,1.0000,,0.00,0.00,,,1.0000,0.0000,0,0.00,0.00,0.0000,0.00,0.0000,1.0000,197108.8,3455143.0,98557
rhcr_pbs,warehouse_single_dock,wear_medium,random,40,404,false,0.2800,140,0.0074,0.2095,0.5102,0.1887,,1.00,15.53,,0.5500,-33.9623,7758,0.00,1.00,13045.3333,0.00,0.4500,0.7311,127383.8,2984000.0,63692
rhcr_pbs,warehouse_single_dock,wear_medium,random,40,505,true,0.4340,217,0.0115,0.0807,1.0000,,0.00,0.00,,,1.0000,0.0000,0,0.00,0.00,0.0000,0.00,0.0000,1.0000,239388.1,3132516.0,119697
rhcr_pbs,warehouse_single_dock,wear_medium,random,40,505,false,0.3220,161,0.0090,0.1337,0.7419,0.1500,,1.00,21.65,,0.4750,-25.8065,6287,0.00,1.00,25596.0000,11.00,0.5250,0.7850,150832.3,2935491.0,75416
rhcr_pbs,warehouse_single_dock,wear_medium,random,40,1111,true,0.4080,204,0.0112,0.0914,1.0000,,0.00,0.00,,,1.0000,0.0000,0,0.00,0.00,0.0000,0.00,0.0000,1.0000,226827.3,3173289.0,113417
rhcr_pbs,warehouse_single_dock,wear_medium,random,40,1111,false,0.2860,143,0.0076,0.1896,0.6369,0.2247,,1.00,26.14,,0.6000,-29.9020,7732,0.00,1.00,21647.0000,0.00,0.4000,0.8138,148752.2,2814562.0,74376
rhcr_pbs,warehouse_single_dock,wear_medium,random,40,2222,true,0.4740,237,0.0127,0.0870,1.0000,,0.00,0.00,,,1.0000,0.0000,0,0.00,0.00,0.0000,0.00,0.0000,1.0000,283288.3,3542196.0,141647
rhcr_pbs,warehouse_single_dock,wear_medium,random,40,2222,false,0.3300,165,0.0088,0.1533,0.5740,0.1676,,1.00,15.71,,0.4500,-30.3797,9319,0.00,1.00,13243.0833,0.00,0.5500,0.7203,182534.6,3137183.0,91267
rhcr_pbs,warehouse_single_dock,wear_medium,random,40,3333,true,0.4220,211,0.0114,0.0933,1.0000,,0.00,0.00,,,1.0000,0.0000,0,0.00,0.00,0.0000,0.00,0.0000,1.0000,236899.3,3015268.0,118453
rhcr_pbs,warehouse_single_dock,wear_medium,random,40,3333,false,0.3080,154,0.0080,0.1985,0.5929,0.2165,,1.00,17.35,,0.5500,-27.0142,6204,0.00,1.00,13850.5000,0.00,0.4500,0.7267,118426.4,2970281.0,59213
rhcr_pbs,warehouse_single_dock,wear_medium,random,40,4444,true,0.4180,209,0.0107,0.1128,1.0000,,0.00,0.00,,,1.0000,0.0000,0,0.00,0.00,0.0000,0.00,0.0000,1.0000,218044.2,3346277.0,109025
rhcr_pbs,warehouse_single_dock,wear_medium,random,40,4444,false,0.3380,169,0.0092,0.1150,0.7619,0.1635,,1.00,20.00,,0.5000,-19.1388,3613,0.00,1.00,15028.1667,0.00,0.5000,0.7972,153720.0,4014366.0,76860
rhcr_pbs,warehouse_single_dock,wear_medium,random,40,5555,true,0.4460,223,0.0118,0.0771,1.0000,,0.00,0.00,,,1.0000,0.0000,0,0.00,0.00,0.0000,0.00,0.0000,1.0000,213800.1,3593427.0,106905
rhcr_pbs,warehouse_single_dock,wear_medium,random,40,5555,false,0.2940,147,0.0077,0.1706,0.5503,0.1960,,1.00,17.84,,0.5000,-34.0807,9505,0.00,1.00,16377.8333,0.00,0.5000,0.7420,115965.4,2196307.0,57983
rhcr_pbs,warehouse_single_dock,wear_medium,random,40,10000,true,0.4200,210,0.0114,0.1094,1.0000,,0.00,0.00,,,1.0000,0.0000,0,0.00,0.00,0.0000,0.00,0.0000,1.0000,307153.3,3488878.0,153580
rhcr_pbs,warehouse_single_dock,wear_medium,random,40,10000,false,0.3140,157,0.0085,0.1642,0.6395,0.1779,,1.00,19.12,,0.5750,-25.2381,5500,0.00,1.00,11582.0000,0.00,0.4250,0.7514,186876.4,3460478.0,93438
rhcr_pbs,warehouse_single_dock,wear_medium,random,40,20000,true,0.2240,112,0.0057,0.4974,1.0000,,0.00,0.00,,,1.0000,0.0000,0,0.00,0.00,0.0000,0.00,0.0000,1.0000,168787.0,2764438.0,84396
rhcr_pbs,warehouse_single_dock,wear_medium,random,40,20000,false,0.3800,190,0.0100,0.1075,1.6964,0.0595,96.00,1.00,24.00,179,0.4500,69.6429,18,0.00,1.00,7597.0000,7.00,0.5500,0.8164,109830.5,3755319.0,54915
rhcr_pbs,warehouse_single_dock,wear_medium,random,40,30000,true,0.4460,223,0.0121,0.0828,1.0000,,0.00,0.00,,,1.0000,0.0000,0,0.00,0.00,0.0000,0.00,0.0000,1.0000,245539.6,3861772.0,122782
rhcr_pbs,warehouse_single_dock,wear_medium,random,40,30000,false,0.3460,173,0.0094,0.1075,0.7126,0.2255,,1.00,18.63,,0.5000,-22.4215,7391,0.00,1.00,19694.8333,0.00,0.5000,0.7751,117753.0,3024734.0,58877
rhcr_pbs,warehouse_single_dock,wear_medium,random,40,40000,true,0.4320,216,0.0120,0.0841,1.0000,,0.00,0.00,,,1.0000,0.0000,0,0.00,0.00,0.0000,0.00,0.0000,1.0000,252891.2,3151314.0,126448
rhcr_pbs,warehouse_single_dock,wear_medium,random,40,40000,false,0.3580,179,0.0095,0.1121,0.6810,0.1526,,1.00,15.38,,0.5750,-17.1296,4154,0.00,1.00,6670.8333,0.00,0.4250,0.7808,215065.4,2875127.0,107533
rhcr_pbs,warehouse_single_dock,wear_medium,random,40,50000,true,0.4380,219,0.0114,0.0919,1.0000,,0.00,0.00,,,1.0000,0.0000,0,0.00,0.00,0.0000,0.00,0.0000,1.0000,239431.6,2656036.0,119721
rhcr_pbs,warehouse_single_dock,wear_medium,random,40,50000,false,0.3200,160,0.0083,0.0850,0.7122,0.2130,,1.00,23.00,,0.4750,-26.9406,7955,0.00,1.00,28053.6667,0.00,0.5250,0.7490,131422.7,3063283.0,65712
rhcr_pbs,warehouse_single_dock,wear_medium,closest,40,42,true,0.4520,226,0.0124,0.0956,1.0000,,0.00,0.00,,,1.0000,0.0000,0,0.00,0.00,0.0000,0.00,0.0000,1.0000,233557.8,2881749.0,116784
rhcr_pbs,warehouse_single_dock,wear_medium,closest,40,42,false,0.2840,142,0.0077,0.1200,0.5882,0.1802,,1.00,21.65,,0.4250,-37.1681,11914,0.00,1.00,22259.6667,0.00,0.5750,0.6943,89369.9,1959322.0,44685
rhcr_pbs,warehouse_single_dock,wear_medium,closest,40,123,true,0.4440,222,0.0120,0.0896,1.0000,,0.00,0.00,,,1.0000,0.0000,0,0.00,0.00,0.0000,0.00,0.0000,1.0000,221196.0,3437738.0,110603
rhcr_pbs,warehouse_single_dock,wear_medium,closest,40,123,false,0.2600,130,0.0067,0.3419,0.4458,0.2168,,1.00,36.70,,0.7250,-41.4414,10817,0.00,1.00,19456.4167,0.00,0.2750,0.8403,155950.1,3424767.0,77975
rhcr_pbs,warehouse_single_dock,wear_medium,closest,40,456,true,0.4340,217,0.0114,0.1103,1.0000,,0.00,0.00,,,1.0000,0.0000,0,0.00,0.00,0.0000,0.00,0.0000,1.0000,231339.3,2898367.0,115674
rhcr_pbs,warehouse_single_dock,wear_medium,closest,40,456,false,0.3200,160,0.0081,0.1664,0.6415,0.1866,,1.00,15.81,,0.4500,-26.2673,5935,0.00,1.00,14780.3333,0.00,0.5500,0.7297,121068.5,2553924.0,60534
rhcr_pbs,warehouse_single_dock,wear_medium,closest,40,789,true,0.4500,225,0.0122,0.0949,1.0000,,0.00,0.00,,,1.0000,0.0000,0,0.00,0.00,0.0000,0.00,0.0000,1.0000,250093.7,3552053.0,125050
rhcr_pbs,warehouse_single_dock,wear_medium,closest,40,789,false,0.2980,149,0.0080,0.2044,0.6381,0.1824,,1.00,28.07,,0.6000,-33.7778,7611,0.00,1.00,25048.0000,0.00,0.4000,0.8119,91257.3,2134889.0,45629
rhcr_pbs,warehouse_single_dock,wear_medium,closest,40,1024,true,0.4380,219,0.0120,0.0938,1.0000,,0.00,0.00,,,1.0000,0.0000,0,0.00,0.00,0.0000,0.00,0.0000,1.0000,237336.9,3507888.0,118671
rhcr_pbs,warehouse_single_dock,wear_medium,closest,40,1024,false,0.2960,148,0.0080,0.1751,0.6603,0.1703,,1.00,21.10,,0.4500,-32.4201,9474,0.00,1.00,25323.6667,0.00,0.5500,0.7219,91788.7,2558974.0,45894
rhcr_pbs,warehouse_single_dock,wear_medium,closest,40,2048,true,0.4720,236,0.0125,0.0876,1.0000,,0.00,0.00,,,1.0000,0.0000,0,0.00,0.00,0.0000,0.00,0.0000,1.0000,242109.5,3109259.0,121058
rhcr_pbs,warehouse_single_dock,wear_medium,closest,40,2048,false,0.2640,132,0.0071,0.3028,0.4694,0.2005,,1.00,29.14,,0.6250,-44.0678,15533,0.00,1.00,21640.3333,0.00,0.3750,0.8138,137109.8,2751853.0,68555
rhcr_pbs,warehouse_single_dock,wear_medium,closest,40,3141,true,0.4540,227,0.0121,0.0943,1.0000,,0.00,0.00,,,1.0000,0.0000,0,0.00,0.00,0.0000,0.00,0.0000,1.0000,208461.8,3470884.0,104234
rhcr_pbs,warehouse_single_dock,wear_medium,closest,40,3141,false,0.3500,175,0.0095,0.1330,0.7062,0.1511,,1.00,20.78,,0.5250,-22.9075,6270,0.00,1.00,16274.9167,0.00,0.4750,0.7581,132873.4,2309119.0,66437
rhcr_pbs,warehouse_single_dock,wear_medium,closest,40,9999,true,0.4560,228,0.0117,0.0896,1.0000,,0.00,0.00,,,1.0000,0.0000,0,0.00,0.00,0.0000,0.00,0.0000,1.0000,210391.3,2986498.0,105199
rhcr_pbs,warehouse_single_dock,wear_medium,closest,40,9999,false,0.3560,178,0.0097,0.1059,0.7024,0.1464,,1.00,14.00,,0.3500,-21.9298,4279,0.00,1.00,14507.6000,0.00,0.6500,0.7031,165940.4,2486365.0,82970
rhcr_pbs,warehouse_single_dock,wear_medium,closest,40,1337,true,0.0360,18,0.0009,0.9208,1.0000,,0.00,0.00,,,1.0000,0.0000,0,0.00,0.00,0.0000,0.00,0.0000,1.0000,114492.7,1580698.0,57249
rhcr_pbs,warehouse_single_dock,wear_medium,closest,40,1337,false,0.0360,18,0.0009,0.9208,1.0000,,0.00,0.00,,,1.0000,0.0000,0,0.00,0.00,,,0.0000,1.0000,112232.1,1516635.0,56116
rhcr_pbs,warehouse_single_dock,wear_medium,closest,40,7777,true,0.4720,236,0.0129,0.0835,1.0000,,0.00,0.00,,,1.0000,0.0000,0,0.00,0.00,0.0000,0.00,0.0000,1.0000,233780.7,3069971.0,116893
rhcr_pbs,warehouse_single_dock,wear_medium,closest,40,7777,false,0.3120,156,0.0085,0.2135,0.5506,0.2658,,1.00,24.23,,0.6500,-33.8983,9368,0.00,1.00,22670.7500,0.00,0.3500,0.7934,120550.3,2221250.0,60275
rhcr_pbs,warehouse_single_dock,wear_medium,closest,40,11,true,0.4720,236,0.0129,0.0925,1.0000,,0.00,0.00,,,1.0000,0.0000,0,0.00,0.00,0.0000,0.00,0.0000,1.0000,184158.4,2792842.0,92082
rhcr_pbs,warehouse_single_dock,wear_medium,closest,40,11,false,0.3260,163,0.0091,0.1159,0.5829,0.1978,,1.00,13.96,,0.3250,-30.9322,9083,0.00,1.00,17602.9167,0.00,0.6750,0.6477,101514.2,1949883.0,50757
rhcr_pbs,warehouse_single_dock,wear_medium,closest,40,22,true,0.4640,232,0.0123,0.1051,1.0000,,0.00,0.00,,,1.0000,0.0000,0,0.00,0.00,0.0000,0.00,0.0000,1.0000,245883.2,3357892.0,122945
rhcr_pbs,warehouse_single_dock,wear_medium,closest,40,22,false,0.3120,156,0.0082,0.1620,0.6181,0.2500,,1.00,19.27,,0.3750,-32.7586,10068,0.00,1.00,25875.6667,0.00,0.6250,0.7383,116589.9,2304992.0,58295
rhcr_pbs,warehouse_single_dock,wear_medium,closest,40,33,true,0.4600,230,0.0123,0.0879,1.0000,,0.00,0.00,,,1.0000,0.0000,0,0.00,0.00,0.0000,0.00,0.0000,1.0000,217229.1,2797661.0,108618
rhcr_pbs,warehouse_single_dock,wear_medium,closest,40,33,false,0.2040,102,0.0053,0.5253,0.3263,0.2244,,1.00,33.50,,0.8250,-55.6522,17926,0.00,1.00,23532.0000,0.00,0.1750,0.8494,165521.8,2734690.0,82761
rhcr_pbs,warehouse_single_dock,wear_medium,closest,40,44,true,0.4560,228,0.0123,0.0808,1.0000,,0.00,0.00,,,1.0000,0.0000,0,0.00,0.00,0.0000,0.00,0.0000,1.0000,230235.4,3811577.0,115121
rhcr_pbs,warehouse_single_dock,wear_medium,closest,40,44,false,0.3440,172,0.0091,0.0889,0.6667,0.1740,,1.00,17.85,,0.4750,-24.5614,5892,0.00,1.00,15561.6667,0.00,0.5250,0.7540,142994.4,3219390.0,71497
rhcr_pbs,warehouse_single_dock,wear_medium,closest,40,55,true,0.4500,225,0.0122,0.0988,1.0000,,0.00,0.00,,,1.0000,0.0000,0,0.00,0.00,0.0000,0.00,0.0000,1.0000,291216.2,3185572.0,145611
rhcr_pbs,warehouse_single_dock,wear_medium,closest,40,55,false,0.3400,170,0.0090,0.1184,0.7105,0.2230,,1.00,19.53,,0.4750,-24.4444,6568,0.00,1.00,24742.0000,0.00,0.5250,0.7265,121436.9,2303924.0,60719
rhcr_pbs,warehouse_single_dock,wear_medium,closest,40,101,true,0.4560,228,0.0123,0.0910,1.0000,,0.00,0.00,,,1.0000,0.0000,0,0.00,0.00,0.0000,0.00,0.0000,1.0000,258254.7,3035940.0,129130
rhcr_pbs,warehouse_single_dock,wear_medium,closest,40,101,false,0.3460,173,0.0092,0.0975,0.7043,0.1544,,1.00,21.21,,0.5000,-24.1228,7553,0.00,1.00,18109.1667,0.00,0.5000,0.7591,179651.6,2532449.0,89826
rhcr_pbs,warehouse_single_dock,wear_medium,closest,40,202,true,0.4700,235,0.0127,0.0894,1.0000,,0.00,0.00,,,1.0000,0.0000,0,0.00,0.00,0.0000,0.00,0.0000,1.0000,272996.4,3799944.0,136506
rhcr_pbs,warehouse_single_dock,wear_medium,closest,40,202,false,0.3660,183,0.0095,0.1246,0.6510,0.1722,,1.00,14.35,,0.4000,-22.1277,6092,0.00,1.00,12418.0000,0.00,0.6000,0.6831,175948.4,3793961.0,87974
rhcr_pbs,warehouse_single_dock,wear_medium,closest,40,303,true,0.4600,230,0.0121,0.0904,1.0000,,0.00,0.00,,,1.0000,0.0000,0,0.00,0.00,0.0000,0.00,0.0000,1.0000,228339.5,2628314.0,114175
rhcr_pbs,warehouse_single_dock,wear_medium,closest,40,303,false,0.3580,179,0.0094,0.1052,0.7617,0.2440,,1.00,23.83,,0.5250,-22.1739,4381,0.00,1.00,26777.1000,0.00,0.4750,0.8200,168616.9,2769923.0,84309
rhcr_pbs,warehouse_single_dock,wear_medium,closest,40,404,true,0.4560,228,0.0123,0.0841,1.0000,,0.00,0.00,,,1.0000,0.0000,0,0.00,0.00,0.0000,0.00,0.0000,1.0000,204643.8,2661440.0,102325
rhcr_pbs,warehouse_single_dock,wear_medium,closest,40,404,false,0.3180,159,0.0083,0.1237,0.5306,0.1922,,1.00,14.43,,0.4500,-30.2632,6855,0.00,1.00,12250.6667,0.00,0.5500,0.6739,127794.6,2502893.0,63897
rhcr_pbs,warehouse_single_dock,wear_medium,closest,40,505,true,0.4580,229,0.0128,0.0897,1.0000,,0.00,0.00,,,1.0000,0.0000,0,0.00,0.00,0.0000,0.00,0.0000,1.0000,244991.7,3353974.0,122499
rhcr_pbs,warehouse_single_dock,wear_medium,closest,40,505,false,0.3380,169,0.0094,0.1248,0.7345,0.1646,,1.00,24.05,,0.4500,-26.2009,8183,0.00,1.00,25119.9667,0.00,0.5500,0.7878,162599.8,2993753.0,81300
rhcr_pbs,warehouse_single_dock,wear_medium,closest,40,1111,true,0.4720,236,0.0126,0.0856,1.0000,,0.00,0.00,,,1.0000,0.0000,0,0.00,0.00,0.0000,0.00,0.0000,1.0000,181435.6,2482451.0,90721
rhcr_pbs,warehouse_single_dock,wear_medium,closest,40,1111,false,0.3580,179,0.0095,0.1333,0.7000,0.1603,,1.00,19.00,,0.5000,-24.1525,5579,0.00,1.00,18915.0000,0.00,0.5000,0.7923,157894.5,2741226.0,78947
rhcr_pbs,warehouse_single_dock,wear_medium,closest,40,2222,true,0.4420,221,0.0118,0.0892,1.0000,,0.00,0.00,,,1.0000,0.0000,0,0.00,0.00,0.0000,0.00,0.0000,1.0000,205687.1,2659282.0,102849
rhcr_pbs,warehouse_single_dock,wear_medium,closest,40,2222,false,0.3020,151,0.0082,0.1397,0.5732,0.2665,,1.00,14.95,,0.4250,-31.6742,8406,0.00,1.00,19885.3333,0.00,0.5750,0.7142,144516.6,2566356.0,72258
rhcr_pbs,warehouse_single_dock,wear_medium,closest,40,3333,true,0.4820,241,0.0131,0.0827,1.0000,,0.00,0.00,,,1.0000,0.0000,0,0.00,0.00,0.0000,0.00,0.0000,1.0000,222130.4,3485750.0,111069
rhcr_pbs,warehouse_single_dock,wear_medium,closest,40,3333,false,0.3160,158,0.0089,0.1852,0.4939,0.2960,,1.00,17.53,,0.5500,-34.4398,10398,0.00,1.00,16376.6667,0.00,0.4500,0.7262,122349.0,3379898.0,61175
rhcr_pbs,warehouse_single_dock,wear_medium,closest,40,4444,true,0.4740,237,0.0128,0.0869,1.0000,,0.00,0.00,,,1.0000,0.0000,0,0.00,0.00,0.0000,0.00,0.0000,1.0000,221256.2,3404730.0,110631
rhcr_pbs,warehouse_single_dock,wear_medium,closest,40,4444,false,0.2760,138,0.0073,0.3810,0.4620,0.2273,,1.00,37.40,,0.8250,-41.7722,9989,0.00,1.00,21404.4667,0.00,0.1750,0.8751,340907.2,3142789.0,170454
rhcr_pbs,warehouse_single_dock,wear_medium,closest,40,5555,true,0.4680,234,0.0124,0.0852,1.0000,,0.00,0.00,,,1.0000,0.0000,0,0.00,0.00,0.0000,0.00,0.0000,1.0000,214305.0,3156350.0,107155
rhcr_pbs,warehouse_single_dock,wear_medium,closest,40,5555,false,0.3460,173,0.0091,0.1228,0.6412,0.1629,,1.00,16.20,,0.4500,-26.0684,7678,0.00,1.00,14302.1667,0.00,0.5500,0.7405,157083.8,3121559.0,78542
rhcr_pbs,warehouse_single_dock,wear_medium,closest,40,10000,true,0.4460,223,0.0120,0.0787,1.0000,,0.00,0.00,,,1.0000,0.0000,0,0.00,0.00,0.0000,0.00,0.0000,1.0000,227153.1,2910114.0,113580
rhcr_pbs,warehouse_single_dock,wear_medium,closest,40,10000,false,0.3360,168,0.0092,0.1266,0.6309,0.2158,,1.00,17.26,,0.4750,-24.6637,5694,0.00,1.00,14996.1667,0.00,0.5250,0.7422,114185.6,3148373.0,57093
rhcr_pbs,warehouse_single_dock,wear_medium,closest,40,20000,true,0.4640,232,0.0130,0.0843,1.0000,,0.00,0.00,,,1.0000,0.0000,0,0.00,0.00,0.0000,0.00,0.0000,1.0000,258428.3,3470437.0,129219
rhcr_pbs,warehouse_single_dock,wear_medium,closest,40,20000,false,0.3160,158,0.0097,0.1843,0.6810,0.1626,,1.00,30.87,,0.5750,-31.8966,10454,0.00,1.00,27364.0833,1.00,0.4250,0.8416,138760.4,2181364.0,69380
rhcr_pbs,warehouse_single_dock,wear_medium,closest,40,30000,true,0.4400,220,0.0118,0.1189,1.0000,,0.00,0.00,,,1.0000,0.0000,0,0.00,0.00,0.0000,0.00,0.0000,1.0000,233483.1,3621275.0,116746
rhcr_pbs,warehouse_single_dock,wear_medium,closest,40,30000,false,0.3340,167,0.0091,0.1635,0.6624,0.1742,,1.00,23.07,,0.6000,-24.0909,7011,0.00,1.00,14827.8333,0.00,0.4000,0.8020,152827.4,3533147.0,76414
rhcr_pbs,warehouse_single_dock,wear_medium,closest,40,40000,true,0.4720,236,0.0125,0.0895,1.0000,,0.00,0.00,,,1.0000,0.0000,0,0.00,0.00,0.0000,0.00,0.0000,1.0000,310963.1,3323968.0,155484
rhcr_pbs,warehouse_single_dock,wear_medium,closest,40,40000,false,0.3940,197,0.0102,0.1180,0.6549,0.1708,,1.00,15.87,,0.5750,-16.5254,3072,0.00,1.00,7156.6667,0.00,0.4250,0.7609,219240.7,3496764.0,109620
rhcr_pbs,warehouse_single_dock,wear_medium,closest,40,50000,true,0.4560,228,0.0121,0.1019,1.0000,,0.00,0.00,,,1.0000,0.0000,0,0.00,0.00,0.0000,0.00,0.0000,1.0000,234485.7,3199025.0,117246
rhcr_pbs,warehouse_single_dock,wear_medium,closest,40,50000,false,0.3640,182,0.0097,0.1046,0.7745,0.1551,,1.00,21.14,,0.4250,-20.1754,3887,0.00,1.00,22411.5000,0.00,0.5750,0.7454,100879.6,2768103.0,50440
rhcr_pbs,warehouse_single_dock,wear_high,random,40,42,true,0.4320,216,0.0118,0.0803,1.0000,,0.00,0.00,,,1.0000,0.0000,0,0.00,0.00,0.0000,0.00,0.0000,1.0000,247028.7,2559026.0,123517
rhcr_pbs,warehouse_single_dock,wear_high,random,40,42,false,0.0980,49,0.0025,0.3536,0.2196,0.2799,,1.00,11.52,,0.1500,-77.3148,31551,0.00,1.00,33572.0000,0.00,0.8500,0.3159,42102.4,2094271.0,21051
rhcr_pbs,warehouse_single_dock,wear_high,random,40,123,true,0.4120,206,0.0114,0.1031,1.0000,,0.00,0.00,,,1.0000,0.0000,0,0.00,0.00,0.0000,0.00,0.0000,1.0000,224583.8,3005329.0,112297
rhcr_pbs,warehouse_single_dock,wear_high,random,40,123,false,0.1240,62,0.0036,0.2110,0.2690,0.2511,,1.00,5.36,,0.0750,-69.9029,26455,0.00,1.00,27433.6667,0.00,0.9250,0.2719,53120.0,2593753.0,26560
rhcr_pbs,warehouse_single_dock,wear_high,random,40,456,true,0.4260,213,0.0118,0.0733,1.0000,,0.00,0.00,,,1.0000,0.0000,0,0.00,0.00,0.0000,0.00,0.0000,1.0000,264148.0,3712465.0,132077
rhcr_pbs,warehouse_single_dock,wear_high,random,40,456,false,0.1000,50,0.0026,0.1518,0.1684,0.2621,,1.00,3.83,,0.0500,-76.5258,30841,0.00,1.00,28304.0000,0.00,0.9500,0.2001,56695.9,2760350.0,28348
rhcr_pbs,warehouse_single_dock,wear_high,random,40,789,true,0.0360,18,0.0009,0.8337,1.0000,,0.00,0.00,,,1.0000,0.0000,0,0.00,0.00,0.0000,0.00,0.0000,1.0000,136583.7,1109215.0,68297
rhcr_pbs,warehouse_single_dock,wear_high,random,40,789,false,0.0980,49,0.0026,0.1975,3.0667,0.0128,30.00,1.00,6.74,73,0.0500,172.2222,6,0.00,1.00,787.5000,0.00,0.9500,0.2781,42515.6,2445700.0,21258
rhcr_pbs,warehouse_single_dock,wear_high,random,40,1024,true,0.4260,213,0.0114,0.0850,1.0000,,0.00,0.00,,,1.0000,0.0000,0,0.00,0.00,0.0000,0.00,0.0000,1.0000,207335.0,3198560.0,103670
rhcr_pbs,warehouse_single_dock,wear_high,random,40,1024,false,0.0800,40,0.0020,0.2945,0.1878,0.2977,,1.00,5.00,,0.1000,-81.2207,34376,0.00,1.00,36283.6667,16.00,0.9000,0.2835,29343.9,2083549.0,14672
rhcr_pbs,warehouse_single_dock,wear_high,random,40,2048,true,0.4340,217,0.0118,0.0868,1.0000,,0.00,0.00,,,1.0000,0.0000,0,0.00,0.00,0.0000,0.00,0.0000,1.0000,208719.3,2959119.0,104362
rhcr_pbs,warehouse_single_dock,wear_high,random,40,2048,false,0.1100,55,0.0029,0.1890,0.2430,0.2576,,1.00,6.33,,0.0500,-74.6544,30218,0.00,1.00,31704.3333,0.00,0.9500,0.2631,31724.1,1846737.0,15862
rhcr_pbs,warehouse_single_dock,wear_high,random,40,3141,true,0.4440,222,0.0118,0.0901,1.0000,,0.00,0.00,,,1.0000,0.0000,0,0.00,0.00,0.0000,0.00,0.0000,1.0000,189292.5,3403986.0,94650
rhcr_pbs,warehouse_single_dock,wear_high,random,40,3141,false,0.1040,52,0.0027,0.3219,0.2056,0.2753,,1.00,6.71,,0.1250,-76.5766,30532,0.00,1.00,30760.0000,0.00,0.8750,0.3002,43976.7,2930012.0,21988
rhcr_pbs,warehouse_single_dock,wear_high,random,40,9999,true,0.4100,205,0.0107,0.0980,1.0000,,0.00,0.00,,,1.0000,0.0000,0,0.00,0.00,0.0000,0.00,0.0000,1.0000,241189.1,3432889.0,120598
rhcr_pbs,warehouse_single_dock,wear_high,random,40,9999,false,0.0860,43,0.0022,0.1343,0.1518,0.2665,,1.00,5.31,,0.0250,-79.0244,31526,0.00,1.00,26814.3333,0.00,0.9750,0.1939,47019.2,2472320.0,23510
rhcr_pbs,warehouse_single_dock,wear_high,random,40,1337,true,0.4160,208,0.0113,0.0986,1.0000,,0.00,0.00,,,1.0000,0.0000,0,0.00,0.00,0.0000,0.00,0.0000,1.0000,214738.8,2804176.0,107372
rhcr_pbs,warehouse_single_dock,wear_high,random,40,1337,false,0.0980,49,0.0024,0.2596,0.1632,0.2500,,1.00,6.51,,0.0750,-76.4423,28145,0.00,1.00,26258.6667,0.00,0.9250,0.2415,34382.4,1303769.0,17191
rhcr_pbs,warehouse_single_dock,wear_high,random,40,7777,true,0.3900,195,0.0104,0.1793,1.0000,,0.00,0.00,,,1.0000,0.0000,0,0.00,0.00,0.0000,0.00,0.0000,1.0000,204860.2,3270708.0,102433
rhcr_pbs,warehouse_single_dock,wear_high,random,40,7777,false,0.1120,56,0.0029,0.1770,0.2404,0.2483,,1.00,6.63,,0.0500,-71.2821,28212,0.00,1.00,25744.0000,0.00,0.9500,0.2557,56893.3,2382021.0,28447
rhcr_pbs,warehouse_single_dock,wear_high,random,40,11,true,0.4220,211,0.0114,0.0800,1.0000,,0.00,0.00,,,1.0000,0.0000,0,0.00,0.00,0.0000,0.00,0.0000,1.0000,180626.7,2759907.0,90316
rhcr_pbs,warehouse_single_dock,wear_high,random,40,11,false,0.0820,41,0.0023,0.3022,0.1414,0.2630,,1.00,4.23,,0.1250,-80.5687,34428,0.00,1.00,28228.0000,0.00,0.8750,0.2471,18805.6,1557710.0,9403
rhcr_pbs,warehouse_single_dock,wear_high,random,40,22,true,0.4540,227,0.0126,0.0900,1.0000,,0.00,0.00,,,1.0000,0.0000,0,0.00,0.00,0.0000,0.00,0.0000,1.0000,248995.0,3968244.0,124500
rhcr_pbs,warehouse_single_dock,wear_high,random,40,22,false,0.0880,44,0.0024,0.3975,0.1794,0.2727,,1.00,7.77,,0.1500,-80.6167,35299,0.00,1.00,33069.3333,0.00,0.8500,0.3549,54237.0,2345023.0,27119
rhcr_pbs,warehouse_single_dock,wear_high,random,40,33,true,0.4140,207,0.0116,0.0868,1.0000,,0.00,0.00,,,1.0000,0.0000,0,0.00,0.00,0.0000,0.00,0.0000,1.0000,202975.6,3495508.0,101493
rhcr_pbs,warehouse_single_dock,wear_high,random,40,33,false,0.1000,50,0.0030,0.3047,0.2111,0.2560,,1.00,6.57,,0.1250,-75.8454,30350,0.00,1.00,29790.3333,0.00,0.8750,0.2944,29298.2,1557664.0,14649
rhcr_pbs,warehouse_single_dock,wear_high,random,40,44,true,0.2420,121,0.0070,0.4880,1.0000,,0.00,0.00,,,1.0000,0.0000,0,0.00,0.00,0.0000,0.00,0.0000,1.0000,197324.6,2422257.0,98667
rhcr_pbs,warehouse_single_dock,wear_high,random,40,44,false,0.1140,57,0.0029,0.3559,0.3663,0.1261,,1.00,10.94,,0.1500,-52.8926,16465,0.00,1.00,10089.0000,0.00,0.8500,0.3191,30158.1,1047673.0,15079
rhcr_pbs,warehouse_single_dock,wear_high,random,40,55,true,0.4560,228,0.0129,0.0865,1.0000,,0.00,0.00,,,1.0000,0.0000,0,0.00,0.00,0.0000,0.00,0.0000,1.0000,232874.0,3353703.0,116440
rhcr_pbs,warehouse_single_dock,wear_high,random,40,55,false,0.0940,47,0.0024,0.1692,0.1883,0.2635,,1.00,7.53,,0.0250,-79.3860,35994,0.00,1.00,31925.0000,0.00,0.9750,0.2439,31777.3,2178443.0,15889
rhcr_pbs,warehouse_single_dock,wear_high,random,40,101,true,0.4320,216,0.0115,0.0865,1.0000,,0.00,0.00,,,1.0000,0.0000,0,0.00,0.00,0.0000,0.00,0.0000,1.0000,265982.5,3495315.0,132999
rhcr_pbs,warehouse_single_dock,wear_high,random,40,101,false,0.1000,50,0.0026,0.3014,0.2170,0.2690,,1.00,10.13,,0.1250,-76.8519,30297,0.00,1.00,32219.0000,0.00,0.8750,0.3131,49018.4,2757848.0,24509
rhcr_pbs,warehouse_single_dock,wear_high,random,40,202,true,0.4460,223,0.0119,0.0803,1.0000,,0.00,0.00,,,1.0000,0.0000,0,0.00,0.00,0.0000,0.00,0.0000,1.0000,229869.4,3565775.0,114938
rhcr_pbs,warehouse_single_dock,wear_high,random,40,202,false,0.1040,52,0.0027,0.2776,0.1364,0.2834,,1.00,4.94,,0.1000,-76.6816,32158,0.00,1.00,28506.6667,0.00,0.9000,0.2252,41722.9,1528092.0,20861
rhcr_pbs,warehouse_single_dock,wear_high,random,40,303,true,0.4280,214,0.0124,0.0860,1.0000,,0.00,0.00,,,1.0000,0.0000,0,0.00,0.00,0.0000,0.00,0.0000,1.0000,211648.8,2913172.0,105829
rhcr_pbs,warehouse_single_dock,wear_high,random,40,303,false,0.1000,50,0.0029,0.1274,0.2264,0.2426,,1.00,5.88,,0.0250,-76.6355,31176,0.00,1.00,31668.2500,0.00,0.9750,0.2702,39495.3,2004989.0,19748
rhcr_pbs,warehouse_single_dock,wear_high,random,40,404,true,0.4240,212,0.0115,0.0847,1.0000,,0.00,0.00,,,1.0000,0.0000,0,0.00,0.00,0.0000,0.00,0.0000,1.0000,197108.8,3455143.0,98557
rhcr_pbs,warehouse_single_dock,wear_high,random,40,404,false,0.0900,45,0.0023,0.3287,0.1608,0.2628,,1.00,5.93,,0.1500,-78.7736,30047,0.00,1.00,27457.7500,0.00,0.8500,0.2829,43990.0,2949054.0,21995
rhcr_pbs,warehouse_single_dock,wear_high,random,40,505,true,0.4340,217,0.0115,0.0807,1.0000,,0.00,0.00,,,1.0000,0.0000,0,0.00,0.00,0.0000,0.00,0.0000,1.0000,239388.1,3132516.0,119697
rhcr_pbs,warehouse_single_dock,wear_high,random,40,505,false,0.1100,55,0.0031,0.1810,0.2535,0.2330,,1.00,7.80,,0.0500,-74.6544,28682,0.00,1.00,32959.0000,36.00,0.9500,0.3000,46245.0,2512203.0,23122
rhcr_pbs,warehouse_single_dock,wear_high,random,40,1111,true,0.4080,204,0.0112,0.0914,1.0000,,0.00,0.00,,,1.0000,0.0000,0,0.00,0.00,0.0000,0.00,0.0000,1.0000,226827.3,3173289.0,113417
rhcr_pbs,warehouse_single_dock,wear_high,random,40,1111,false,0.0980,49,0.0026,0.2525,0.2010,0.2639,,1.00,4.91,,0.0750,-75.9804,28546,0.00,1.00,30589.0000,0.00,0.9250,0.2608,39761.6,2697210.0,19881
rhcr_pbs,warehouse_single_dock,wear_high,random,40,2222,true,0.4740,237,0.0127,0.0870,1.0000,,0.00,0.00,,,1.0000,0.0000,0,0.00,0.00,0.0000,0.00,0.0000,1.0000,283288.3,3542196.0,141647
rhcr_pbs,warehouse_single_dock,wear_high,random,40,2222,false,0.1140,57,0.0030,0.1334,0.1509,0.2738,,1.00,6.32,,0.0250,-75.9494,33010,0.00,1.00,28047.3333,0.00,0.9750,0.1806,66311.2,3106023.0,33156
rhcr_pbs,warehouse_single_dock,wear_high,random,40,3333,true,0.4220,211,0.0114,0.0933,1.0000,,0.00,0.00,,,1.0000,0.0000,0,0.00,0.00,0.0000,0.00,0.0000,1.0000,236899.3,3015268.0,118453
rhcr_pbs,warehouse_single_dock,wear_high,random,40,3333,false,0.1160,58,0.0031,0.3997,0.2073,0.2431,,1.00,6.78,,0.2000,-72.5118,28686,0.00,1.00,24881.5000,0.00,0.8000,0.3342,30710.7,2691269.0,15355
rhcr_pbs,warehouse_single_dock,wear_high,random,40,4444,true,0.4180,209,0.0107,0.1128,1.0000,,0.00,0.00,,,1.0000,0.0000,0,0.00,0.00,0.0000,0.00,0.0000,1.0000,218044.2,3346277.0,109025
rhcr_pbs,warehouse_single_dock,wear_high,random,40,4444,false,0.1080,54,0.0032,0.1841,0.2250,0.2607,,1.00,5.90,,0.0500,-74.1627,27067,0.00,1.00,29947.3333,0.00,0.9500,0.2515,56420.4,2911606.0,28210
rhcr_pbs,warehouse_single_dock,wear_high,random,40,5555,true,0.4460,223,0.0118,0.0771,1.0000,,0.00,0.00,,,1.0000,0.0000,0,0.00,0.00,0.0000,0.00,0.0000,1.0000,213800.1,3593427.0,106905
rhcr_pbs,warehouse_single_dock,wear_high,random,40,5555,false,0.1000,50,0.0027,0.3188,0.1561,0.2824,,1.00,5.52,,0.1250,-77.5785,30906,0.00,1.00,30195.0000,0.00,0.8750,0.2702,37040.7,1478809.0,18520
rhcr_pbs,warehouse_single_dock,wear_high,random,40,10000,true,0.4200,210,0.0114,0.1094,1.0000,,0.00,0.00,,,1.0000,0.0000,0,0.00,0.00,0.0000,0.00,0.0000,1.0000,307153.3,3488878.0,153580
rhcr_pbs,warehouse_single_dock,wear_high,random,40,10000,false,0.0760,38,0.0022,0.4827,0.1088,0.2890,,1.00,4.93,,0.2500,-81.9048,33531,0.00,1.00,28334.5000,0.00,0.7500,0.3666,39697.0,2208844.0,19849
rhcr_pbs,warehouse_single_dock,wear_high,random,40,20000,true,0.2240,112,0.0057,0.4974,1.0000,,0.00,0.00,,,1.0000,0.0000,0,0.00,0.00,0.0000,0.00,0.0000,1.0000,168787.0,2764438.0,84396
rhcr_pbs,warehouse_single_dock,wear_high,random,40,20000,false,0.1060,53,0.0027,0.2718,0.4732,0.1084,,1.00,9.07,,0.1000,-52.6786,17608,0.00,1.00,9533.8333,9.00,0.9000,0.3488,46123.2,2435784.0,23062
rhcr_pbs,warehouse_single_dock,wear_high,random,40,30000,true,0.4460,223,0.0121,0.0828,1.0000,,0.00,0.00,,,1.0000,0.0000,0,0.00,0.00,0.0000,0.00,0.0000,1.0000,245539.6,3861772.0,122782
rhcr_pbs,warehouse_single_dock,wear_high,random,40,30000,false,0.1080,54,0.0029,0.2493,0.1914,0.2709,,1.00,6.23,,0.0750,-75.7848,32004,0.00,1.00,30541.0000,0.00,0.9250,0.2593,38961.0,3057923.0,19480
rhcr_pbs,warehouse_single_dock,wear_high,random,40,40000,true,0.4320,216,0.0120,0.0841,1.0000,,0.00,0.00,,,1.0000,0.0000,0,0.00,0.00,0.0000,0.00,0.0000,1.0000,252891.2,3151314.0,126448
rhcr_pbs,warehouse_single_dock,wear_high,random,40,40000,false,0.1160,58,0.0032,0.1807,0.1366,0.2634,,1.00,3.91,,0.0500,-73.1481,28904,0.00,1.00,24901.0000,0.00,0.9500,0.1970,74331.2,2618148.0,37166
rhcr_pbs,warehouse_single_dock,wear_high,random,40,50000,true,0.4380,219,0.0114,0.0919,1.0000,,0.00,0.00,,,1.0000,0.0000,0,0.00,0.00,0.0000,0.00,0.0000,1.0000,239431.6,2656036.0,119721
rhcr_pbs,warehouse_single_dock,wear_high,random,40,50000,false,0.1020,51,0.0027,0.1916,0.2294,0.2505,,1.00,5.71,,0.0500,-76.7123,31491,0.00,1.00,33045.0000,0.00,0.9500,0.2720,35732.0,1602802.0,17866
rhcr_pbs,warehouse_single_dock,wear_high,closest,40,42,true,0.4520,226,0.0124,0.0956,1.0000,,0.00,0.00,,,1.0000,0.0000,0,0.00,0.00,0.0000,0.00,0.0000,1.0000,233557.8,2881749.0,116784
rhcr_pbs,warehouse_single_dock,wear_high,closest,40,42,false,0.1040,52,0.0027,0.3816,0.2091,0.2564,,1.00,7.84,,0.1500,-76.9912,31966,0.00,1.00,33087.5000,0.00,0.8500,0.3302,31339.5,1962511.0,15670
rhcr_pbs,warehouse_single_dock,wear_high,closest,40,123,true,0.4440,222,0.0120,0.0896,1.0000,,0.00,0.00,,,1.0000,0.0000,0,0.00,0.00,0.0000,0.00,0.0000,1.0000,221196.0,3437738.0,110603
rhcr_pbs,warehouse_single_dock,wear_high,closest,40,123,false,0.1320,66,0.0034,0.2405,0.2041,0.2609,,1.00,6.50,,0.0750,-70.2703,27436,0.00,1.00,29438.3333,0.00,0.9250,0.2801,61540.6,3396175.0,30770
rhcr_pbs,warehouse_single_dock,wear_high,closest,40,456,true,0.4340,217,0.0114,0.1103,1.0000,,0.00,0.00,,,1.0000,0.0000,0,0.00,0.00,0.0000,0.00,0.0000,1.0000,231339.3,2898367.0,115674
rhcr_pbs,warehouse_single_dock,wear_high,closest,40,456,false,0.1260,63,0.0032,0.3667,0.1809,0.2683,,1.00,6.03,,0.1500,-70.9677,26184,0.00,1.00,28864.0000,0.00,0.8500,0.2998,39143.6,1856496.0,19572
rhcr_pbs,warehouse_single_dock,wear_high,closest,40,789,true,0.4500,225,0.0122,0.0949,1.0000,,0.00,0.00,,,1.0000,0.0000,0,0.00,0.00,0.0000,0.00,0.0000,1.0000,250093.7,3552053.0,125050
rhcr_pbs,warehouse_single_dock,wear_high,closest,40,789,false,0.1120,56,0.0030,0.3561,0.2212,0.2644,,1.00,11.40,,0.1500,-75.1111,28874,0.00,1.00,34076.3333,0.00,0.8500,0.3657,37349.9,2298486.0,18675
rhcr_pbs,warehouse_single_dock,wear_high,closest,40,1024,true,0.4380,219,0.0120,0.0938,1.0000,,0.00,0.00,,,1.0000,0.0000,0,0.00,0.00,0.0000,0.00,0.0000,1.0000,237336.9,3507888.0,118671
rhcr_pbs,warehouse_single_dock,wear_high,closest,40,1024,false,0.0920,46,0.0024,0.4745,0.1878,0.2779,,1.00,6.18,,0.2250,-78.9954,34228,0.00,1.00,35701.3333,17.00,0.7750,0.3769,44658.8,2542857.0,22329
rhcr_pbs,warehouse_single_dock,wear_high,closest,40,2048,true,0.4720,236,0.0125,0.0876,1.0000,,0.00,0.00,,,1.0000,0.0000,0,0.00,0.00,0.0000,0.00,0.0000,1.0000,242109.5,3109259.0,121058
rhcr_pbs,warehouse_single_dock,wear_high,closest,40,2048,false,0.1240,62,0.0034,0.3848,0.2127,0.2641,,1.00,7.27,,0.1750,-73.7288,32624,0.00,1.00,32534.0000,0.00,0.8250,0.3581,49393.8,2528771.0,24697
rhcr_pbs,warehouse_single_dock,wear_high,closest,40,3141,true,0.4540,227,0.0121,0.0943,1.0000,,0.00,0.00,,,1.0000,0.0000,0,0.00,0.00,0.0000,0.00,0.0000,1.0000,208461.8,3470884.0,104234
rhcr_pbs,warehouse_single_dock,wear_high,closest,40,3141,false,0.1240,62,0.0032,0.2194,0.2105,0.2472,,1.00,8.68,,0.0500,-72.6872,31703,0.00,1.00,29535.1667,0.00,0.9500,0.2607,40704.9,1252285.0,20352
rhcr_pbs,warehouse_single_dock,wear_high,closest,40,9999,true,0.4560,228,0.0117,0.0896,1.0000,,0.00,0.00,,,1.0000,0.0000,0,0.00,0.00,0.0000,0.00,0.0000,1.0000,210391.3,2986498.0,105199
rhcr_pbs,warehouse_single_dock,wear_high,closest,40,9999,false,0.1160,58,0.0031,0.3783,0.1584,0.2763,,1.00,9.26,,0.1500,-74.5614,30894,0.00,1.00,29956.6667,0.00,0.8500,0.2969,64469.3,2461073.0,32235
rhcr_pbs,warehouse_single_dock,wear_high,closest,40,1337,true,0.0360,18,0.0009,0.9208,1.0000,,0.00,0.00,,,1.0000,0.0000,0,0.00,0.00,0.0000,0.00,0.0000,1.0000,114492.7,1580698.0,57249
rhcr_pbs,warehouse_single_dock,wear_high,closest,40,1337,false,0.0240,12,0.0006,0.9368,0.1429,0.0098,,1.00,,,0.9750,-33.3333,2054,0.00,1.00,264.0000,0.00,0.0250,0.9749,75437.8,1573161.0,37719
rhcr_pbs,warehouse_single_dock,wear_high,closest,40,7777,true,0.4720,236,0.0129,0.0835,1.0000,,0.00,0.00,,,1.0000,0.0000,0,0.00,0.00,0.0000,0.00,0.0000,1.0000,233780.7,3069971.0,116893
rhcr_pbs,warehouse_single_dock,wear_high,closest,40,7777,false,0.1340,67,0.0036,0.2054,0.1875,0.2641,,1.00,7.21,,0.0500,-71.6102,30992,0.00,1.00,30076.0000,0.00,0.9500,0.2612,50502.2,2207765.0,25251
rhcr_pbs,warehouse_single_dock,wear_high,closest,40,11,true,0.4720,236,0.0129,0.0925,1.0000,,0.00,0.00,,,1.0000,0.0000,0,0.00,0.00,0.0000,0.00,0.0000,1.0000,184158.4,2792842.0,92082
rhcr_pbs,warehouse_single_dock,wear_high,closest,40,11,false,0.0940,47,0.0027,0.3704,0.0957,0.2802,,1.00,5.26,,0.1500,-80.0847,36690,0.00,1.00,29349.0000,0.00,0.8500,0.2850,45420.4,1707339.0,22710
rhcr_pbs,warehouse_single_dock,wear_high,closest,40,22,true,0.4640,232,0.0123,0.1051,1.0000,,0.00,0.00,,,1.0000,0.0000,0,0.00,0.00,0.0000,0.00,0.0000,1.0000,245883.2,3357892.0,122945
rhcr_pbs,warehouse_single_dock,wear_high,closest,40,22,false,0.1120,56,0.0029,0.3064,0.2036,0.2570,,1.00,6.12,,0.1000,-75.8621,34573,0.00,1.00,30449.6667,0.00,0.9000,0.2931,54372.6,1958935.0,27186
rhcr_pbs,warehouse_single_dock,wear_high,closest,40,33,true,0.4600,230,0.0123,0.0879,1.0000,,0.00,0.00,,,1.0000,0.0000,0,0.00,0.00,0.0000,0.00,0.0000,1.0000,217229.1,2797661.0,108618
rhcr_pbs,warehouse_single_dock,wear_high,closest,40,33,false,0.1160,58,0.0029,0.1866,0.1848,0.2544,,1.00,6.56,,0.0500,-74.7826,31290,0.00,1.00,29989.5833,0.00,0.9500,0.2424,59131.2,2399028.0,29566
rhcr_pbs,warehouse_single_dock,wear_high,closest,40,44,true,0.4560,228,0.0123,0.0808,1.0000,,0.00,0.00,,,1.0000,0.0000,0,0.00,0.00,0.0000,0.00,0.0000,1.0000,230235.4,3811577.0,115121
rhcr_pbs,warehouse_single_dock,wear_high,closest,40,44,false,0.1240,62,0.0033,0.2263,0.1574,0.2857,,1.00,5.30,,0.0750,-72.8070,28908,0.00,1.00,30130.8333,0.00,0.9250,0.2449,62062.5,3173785.0,31031
rhcr_pbs,warehouse_single_dock,wear_high,closest,40,55,true,0.4500,225,0.0122,0.0988,1.0000,,0.00,0.00,,,1.0000,0.0000,0,0.00,0.00,0.0000,0.00,0.0000,1.0000,291216.2,3185572.0,145611
rhcr_pbs,warehouse_single_dock,wear_high,closest,40,55,false,0.1260,63,0.0036,0.2053,0.2394,0.2489,,1.00,6.32,,0.0500,-72.0000,29727,0.00,1.00,29682.3333,0.00,0.9500,0.2587,41682.9,1741534.0,20841
rhcr_pbs,warehouse_single_dock,wear_high,closest,40,101,true,0.4560,228,0.0123,0.0910,1.0000,,0.00,0.00,,,1.0000,0.0000,0,0.00,0.00,0.0000,0.00,0.0000,1.0000,258254.7,3035940.0,129130
rhcr_pbs,warehouse_single_dock,wear_high,closest,40,101,false,0.1360,68,0.0035,0.1783,0.2453,0.2380,,1.00,6.33,,0.0500,-70.1754,30918,0.00,1.00,28029.0000,0.00,0.9500,0.2572,66135.2,3031514.0,33068
rhcr_pbs,warehouse_single_dock,wear_high,closest,40,202,true,0.4700,235,0.0127,0.0894,1.0000,,0.00,0.00,,,1.0000,0.0000,0,0.00,0.00,0.0000,0.00,0.0000,1.0000,272996.4,3799944.0,136506
rhcr_pbs,warehouse_single_dock,wear_high,closest,40,202,false,0.1120,56,0.0029,0.2781,0.1139,0.2890,,1.00,5.94,,0.1000,-76.1702,37028,0.00,1.00,28761.0000,0.00,0.9000,0.2323,44330.0,2360083.0,22165
rhcr_pbs,warehouse_single_dock,wear_high,closest,40,303,true,0.4600,230,0.0121,0.0904,1.0000,,0.00,0.00,,,1.0000,0.0000,0,0.00,0.00,0.0000,0.00,0.0000,1.0000,228339.5,2628314.0,114175
rhcr_pbs,warehouse_single_dock,wear_high,closest,40,303,false,0.1340,67,0.0036,0.0833,0.2756,0.2648,,1.00,6.86,,0.0000,-70.8696,27428,0.00,1.00,34222.0500,0.00,1.0000,0.2577,44421.3,1932196.0,22211
rhcr_pbs,warehouse_single_dock,wear_high,closest,40,404,true,0.4560,228,0.0123,0.0841,1.0000,,0.00,0.00,,,1.0000,0.0000,0,0.00,0.00,0.0000,0.00,0.0000,1.0000,204643.8,2661440.0,102325
rhcr_pbs,warehouse_single_dock,wear_high,closest,40,404,false,0.1060,53,0.0027,0.2322,0.1294,0.2749,,1.00,4.64,,0.0750,-76.7544,31357,0.00,1.00,27261.7500,0.00,0.9250,0.2180,54208.9,2130957.0,27104
rhcr_pbs,warehouse_single_dock,wear_high,closest,40,505,true,0.4580,229,0.0128,0.0897,1.0000,,0.00,0.00,,,1.0000,0.0000,0,0.00,0.00,0.0000,0.00,0.0000,1.0000,244991.7,3353974.0,122499
rhcr_pbs,warehouse_single_dock,wear_high,closest,40,505,false,0.1300,65,0.0034,0.4072,0.2838,0.2412,,1.00,8.30,,0.2000,-71.6157,30066,0.00,1.00,33289.0000,0.00,0.8000,0.4022,62263.7,2803029.0,31132
rhcr_pbs,warehouse_single_dock,wear_high,closest,40,1111,true,0.4720,236,0.0126,0.0856,1.0000,,0.00,0.00,,,1.0000,0.0000,0,0.00,0.00,0.0000,0.00,0.0000,1.0000,181435.6,2482451.0,90721
rhcr_pbs,warehouse_single_dock,wear_high,closest,40,1111,false,0.1200,60,0.0033,0.3854,0.2000,0.2882,,1.00,4.89,,0.2000,-74.5763,31328,0.00,1.00,33454.6667,0.00,0.8000,0.3461,52488.9,2486605.0,26244
rhcr_pbs,warehouse_single_dock,wear_high,closest,40,2222,true,0.4420,221,0.0118,0.0892,1.0000,,0.00,0.00,,,1.0000,0.0000,0,0.00,0.00,0.0000,0.00,0.0000,1.0000,205687.1,2659282.0,102849
rhcr_pbs,warehouse_single_dock,wear_high,closest,40,2222,false,0.1000,50,0.0027,0.5889,0.1186,0.2811,,1.00,5.11,,0.4000,-77.3756,31492,0.00,1.00,30680.0000,0.00,0.6000,0.4698,74832.4,2987635.0,37416
rhcr_pbs,warehouse_single_dock,wear_high,closest,40,3333,true,0.4820,241,0.0131,0.0827,1.0000,,0.00,0.00,,,1.0000,0.0000,0,0.00,0.00,0.0000,0.00,0.0000,1.0000,222130.4,3485750.0,111069
rhcr_pbs,warehouse_single_dock,wear_high,closest,40,3333,false,0.1200,60,0.0036,0.3257,0.1581,0.2840,,1.00,5.56,,0.1250,-75.1037,32953,0.00,1.00,28903.3333,0.00,0.8750,0.2670,28702.8,1091120.0,14351
rhcr_pbs,warehouse_single_dock,wear_high,closest,40,4444,true,0.4740,237,0.0128,0.0869,1.0000,,0.00,0.00,,,1.0000,0.0000,0,0.00,0.00,0.0000,0.00,0.0000,1.0000,221256.2,3404730.0,110631
rhcr_pbs,warehouse_single_dock,wear_high,closest,40,4444,false,0.1180,59,0.0031,0.2714,0.1721,0.2896,,1.00,4.73,,0.1000,-75.1055,31725,0.00,1.00,32649.6667,0.00,0.9000,0.2923,49418.3,3104619.0,24709
rhcr_pbs,warehouse_single_dock,wear_high,closest,40,5555,true,0.4680,234,0.0124,0.0852,1.0000,,0.00,0.00,,,1.0000,0.0000,0,0.00,0.00,0.0000,0.00,0.0000,1.0000,214305.0,3156350.0,107155
rhcr_pbs,warehouse_single_dock,wear_high,closest,40,5555,false,0.1380,69,0.0036,0.2792,0.1791,0.2523,,1.00,6.84,,0.1000,-70.5128,30436,0.00,1.00,27351.1667,0.00,0.9000,0.2701,25510.8,1159622.0,12755
rhcr_pbs,warehouse_single_dock,wear_high,closest,40,10000,true,0.4460,223,0.0120,0.0787,1.0000,,0.00,0.00,,,1.0000,0.0000,0,0.00,0.00,0.0000,0.00,0.0000,1.0000,227153.1,2910114.0,113580
rhcr_pbs,warehouse_single_dock,wear_high,closest,40,10000,false,0.1240,62,0.0034,0.1786,0.1701,0.2558,,1.00,4.93,,0.0500,-72.1973,28967,0.00,1.00,26928.0000,0.00,0.9500,0.2092,37099.0,2277229.0,18549
rhcr_pbs,warehouse_single_dock,wear_high,closest,40,20000,true,0.4640,232,0.0130,0.0843,1.0000,,0.00,0.00,,,1.0000,0.0000,0,0.00,0.00,0.0000,0.00,0.0000,1.0000,258428.3,3470437.0,129219
rhcr_pbs,warehouse_single_dock,wear_high,closest,40,20000,false,0.1240,62,0.0033,0.1917,0.2672,0.2459,,1.00,7.79,,0.0500,-73.2759,32229,0.00,1.00,34438.2500,3.00,0.9500,0.3178,50177.7,2652976.0,25089
rhcr_pbs,warehouse_single_dock,wear_high,closest,40,30000,true,0.4400,220,0.0118,0.1189,1.0000,,0.00,0.00,,,1.0000,0.0000,0,0.00,0.00,0.0000,0.00,0.0000,1.0000,233483.1,3621275.0,116746
rhcr_pbs,warehouse_single_dock,wear_high,closest,40,30000,false,0.1040,52,0.0028,0.4950,0.1385,0.2610,,1.00,8.25,,0.3000,-76.3636,32448,0.00,1.00,26297.6667,0.00,0.7000,0.4188,44241.8,3563072.0,22121
rhcr_pbs,warehouse_single_dock,wear_high,closest,40,40000,true,0.4720,236,0.0125,0.0895,1.0000,,0.00,0.00,,,1.0000,0.0000,0,0.00,0.00,0.0000,0.00,0.0000,1.0000,310963.1,3323968.0,155484
rhcr_pbs,warehouse_single_dock,wear_high,closest,40,40000,false,0.1200,60,0.0032,0.5572,0.1244,0.3081,,1.00,6.62,,0.4250,-74.5763,32037,0.00,1.00,27495.0000,0.00,0.5750,0.4939,126730.6,3247018.0,63365
rhcr_pbs,warehouse_single_dock,wear_high,closest,40,50000,true,0.4560,228,0.0121,0.1019,1.0000,,0.00,0.00,,,1.0000,0.0000,0,0.00,0.00,0.0000,0.00,0.0000,1.0000,234485.7,3199025.0,117246
rhcr_pbs,warehouse_single_dock,wear_high,closest,40,50000,false,0.1100,55,0.0029,0.4501,0.2172,0.2633,,1.00,6.54,,0.2250,-75.8772,31670,0.00,1.00,33246.6667,0.00,0.7750,0.4034,32949.3,1350123.0,16475
rhcr_pbs,warehouse_single_dock,zone_50t,random,40,42,true,0.4320,216,0.0118,0.0803,1.0000,,0.00,0.00,,,1.0000,0.0000,0,0.00,0.00,0.0000,0.00,0.0000,1.0000,247028.7,2559026.0,123517
rhcr_pbs,warehouse_single_dock,zone_50t,random,40,42,false,0.3920,196,0.0106,0.1577,0.8883,0.3067,,1.00,,,1.0000,-9.2593,6429,0.38,1.38,24802.0000,0.00,0.3500,0.9893,216912.4,2783016.0,108456
rhcr_pbs,warehouse_single_dock,zone_50t,random,40,123,true,0.4120,206,0.0114,0.1031,1.0000,,0.00,0.00,,,1.0000,0.0000,0,0.00,0.00,0.0000,0.00,0.0000,1.0000,224583.8,3005329.0,112297
rhcr_pbs,warehouse_single_dock,zone_50t,random,40,123,false,0.3980,199,0.0111,0.0983,0.9583,0.2344,,1.00,,,1.0000,-3.3981,1429,0.00,1.00,21335.2500,0.00,0.0500,0.9890,221077.1,2877067.0,110539
rhcr_pbs,warehouse_single_dock,zone_50t,random,40,456,true,0.4260,213,0.0118,0.0733,1.0000,,0.00,0.00,,,1.0000,0.0000,0,0.00,0.00,0.0000,0.00,0.0000,1.0000,264148.0,3712465.0,132077
rhcr_pbs,warehouse_single_dock,zone_50t,random,40,456,false,0.4220,211,0.0117,0.1207,0.9886,0.1172,,1.00,,,1.0000,-0.9390,3993,0.00,1.00,17072.6667,0.00,0.3500,0.9883,292819.5,3627899.0,146410
rhcr_pbs,warehouse_single_dock,zone_50t,random,40,789,true,0.0360,18,0.0009,0.8337,1.0000,,0.00,0.00,,,1.0000,0.0000,0,0.00,0.00,0.0000,0.00,0.0000,1.0000,136583.7,1109215.0,68297
rhcr_pbs,warehouse_single_dock,zone_50t,random,40,789,false,0.0420,21,0.0011,0.8465,1.7500,0.0050,52.00,1.00,,165,1.0000,16.6667,52,1.13,2.80,259.0000,0.00,0.3750,0.9996,146276.2,1031526.0,73138
rhcr_pbs,warehouse_single_dock,zone_50t,random,40,1024,true,0.4260,213,0.0114,0.0850,1.0000,,0.00,0.00,,,1.0000,0.0000,0,0.00,0.00,0.0000,0.00,0.0000,1.0000,207335.0,3198560.0,103670
rhcr_pbs,warehouse_single_dock,zone_50t,random,40,1024,false,0.4080,204,0.0109,0.0846,0.9503,0.1322,,1.00,,,1.0000,-4.2254,3306,0.00,1.00,15792.8333,0.00,0.0750,0.9886,248041.7,3228966.0,124021
rhcr_pbs,warehouse_single_dock,zone_50t,random,40,2048,true,0.4340,217,0.0118,0.0868,1.0000,,0.00,0.00,,,1.0000,0.0000,0,0.00,0.00,0.0000,0.00,0.0000,1.0000,208719.3,2959119.0,104362
rhcr_pbs,warehouse_single_dock,zone_50t,random,40,2048,false,0.3960,198,0.0105,0.1301,0.8950,0.1397,,1.00,,,1.0000,-8.7558,7046,0.00,1.00,14878.3333,0.00,0.3000,0.9894,189013.0,3016070.0,94506
rhcr_pbs,warehouse_single_dock,zone_50t,random,40,3141,true,0.4440,222,0.0118,0.0901,1.0000,,0.00,0.00,,,1.0000,0.0000,0,0.00,0.00,0.0000,0.00,0.0000,1.0000,189292.5,3403986.0,94650
rhcr_pbs,warehouse_single_dock,zone_50t,random,40,3141,false,0.4140,207,0.0115,0.1130,0.9198,0.1322,,1.00,,,1.0000,-6.7568,3220,0.00,1.00,17126.6667,0.00,0.1500,0.9880,207283.7,2972017.0,103642
rhcr_pbs,warehouse_single_dock,zone_50t,random,40,9999,true,0.4100,205,0.0107,0.0980,1.0000,,0.00,0.00,,,1.0000,0.0000,0,0.00,0.00,0.0000,0.00,0.0000,1.0000,241189.1,3432889.0,120598
rhcr_pbs,warehouse_single_dock,zone_50t,random,40,9999,false,0.4380,219,0.0116,0.0855,1.0800,0.1022,114.00,1.00,,266,1.0000,6.8293,274,0.00,1.00,12984.5000,0.00,0.0500,0.9875,238158.3,3302665.0,119079
rhcr_pbs,warehouse_single_dock,zone_50t,random,40,1337,true,0.4160,208,0.0113,0.0986,1.0000,,0.00,0.00,,,1.0000,0.0000,0,0.00,0.00,0.0000,0.00,0.0000,1.0000,214738.8,2804176.0,107372
rhcr_pbs,warehouse_single_dock,zone_50t,random,40,1337,false,0.4440,222,0.0118,0.0957,1.0805,0.0998,90.00,1.00,,223,1.0000,6.7308,104,0.25,1.25,15240.1667,0.00,0.1000,0.9873,187493.7,3088556.0,93747
rhcr_pbs,warehouse_single_dock,zone_50t,random,40,7777,true,0.3900,195,0.0104,0.1793,1.0000,,0.00,0.00,,,1.0000,0.0000,0,0.00,0.00,0.0000,0.00,0.0000,1.0000,204860.2,3270708.0,102433
rhcr_pbs,warehouse_single_dock,zone_50t,random,40,7777,false,0.4320,216,0.0118,0.0941,1.1321,0.2120,274.00,1.00,,408,1.0000,10.7692,1338,0.20,1.20,19773.3333,0.00,0.1500,0.9879,221594.3,2817548.0,110797
rhcr_pbs,warehouse_single_dock,zone_50t,random,40,11,true,0.4220,211,0.0114,0.0800,1.0000,,0.00,0.00,,,1.0000,0.0000,0,0.00,0.00,0.0000,0.00,0.0000,1.0000,180626.7,2759907.0,90316
rhcr_pbs,warehouse_single_dock,zone_50t,random,40,11,false,0.4360,218,0.0117,0.1101,1.0400,0.2145,224.00,1.00,,345,1.0000,3.3175,1161,0.20,1.20,19699.5833,0.00,0.2500,0.9878,222653.7,3099772.0,111327
rhcr_pbs,warehouse_single_dock,zone_50t,random,40,22,true,0.4540,227,0.0126,0.0900,1.0000,,0.00,0.00,,,1.0000,0.0000,0,0.00,0.00,0.0000,0.00,0.0000,1.0000,248995.0,3968244.0,124500
rhcr_pbs,warehouse_single_dock,zone_50t,random,40,22,false,0.4020,201,0.0109,0.1321,0.8587,0.1845,,1.00,,,1.0000,-11.4537,6481,0.20,1.20,21653.4167,0.00,0.3000,0.9897,247298.7,3350025.0,123649
rhcr_pbs,warehouse_single_dock,zone_50t,random,40,33,true,0.4140,207,0.0116,0.0868,1.0000,,0.00,0.00,,,1.0000,0.0000,0,0.00,0.00,0.0000,0.00,0.0000,1.0000,202975.6,3495508.0,101493
rhcr_pbs,warehouse_single_dock,zone_50t,random,40,33,false,0.4140,207,0.0116,0.0868,1.0000,,0.00,0.00,,,1.0000,0.0000,0,0.00,0.00,,,0.0000,1.0000,192620.3,3313843.0,96310
rhcr_pbs,warehouse_single_dock,zone_50t,random,40,44,true,0.2420,121,0.0070,0.4880,1.0000,,0.00,0.00,,,1.0000,0.0000,0,0.00,0.00,0.0000,0.00,0.0000,1.0000,197324.6,2422257.0,98667
rhcr_pbs,warehouse_single_dock,zone_50t,random,40,44,false,0.4240,212,0.0115,0.0894,2.0581,0.0524,108.00,1.00,,249,1.0000,75.2066,242,0.00,1.00,4530.0000,0.00,0.0250,0.9879,189816.5,2786061.0,94908
rhcr_pbs,warehouse_single_dock,zone_50t,random,40,55,true,0.4560,228,0.0129,0.0865,1.0000,,0.00,0.00,,,1.0000,0.0000,0,0.00,0.00,0.0000,0.00,0.0000,1.0000,232874.0,3353703.0,116440
rhcr_pbs,warehouse_single_dock,zone_50t,random,40,55,false,0.2580,129,0.0076,0.4475,0.4706,0.1970,,1.00,,,1.0000,-43.4211,12433,0.00,1.00,20828.0833,0.00,0.0250,0.9932,217265.7,2680061.0,108633
rhcr_pbs,warehouse_single_dock,zone_50t,random,40,101,true,0.4320,216,0.0115,0.0865,1.0000,,0.00,0.00,,,1.0000,0.0000,0,0.00,0.00,0.0000,0.00,0.0000,1.0000,265982.5,3495315.0,132999
rhcr_pbs,warehouse_single_dock,zone_50t,random,40,101,false,0.3860,193,0.0102,0.1200,0.8757,0.1347,,1.00,,,1.0000,-10.6481,5154,0.00,1.00,15426.5000,0.00,0.2750,0.9893,238414.1,2972766.0,119207
rhcr_pbs,warehouse_single_dock,zone_50t,random,40,202,true,0.4460,223,0.0119,0.0803,1.0000,,0.00,0.00,,,1.0000,0.0000,0,0.00,0.00,0.0000,0.00,0.0000,1.0000,229869.4,3565775.0,114938
rhcr_pbs,warehouse_single_dock,zone_50t,random,40,202,false,0.4460,223,0.0119,0.0803,1.0000,,0.00,0.00,,,1.0000,0.0000,0,0.00,0.00,,,0.0000,1.0000,220767.7,3032851.0,110384
rhcr_pbs,warehouse_single_dock,zone_50t,random,40,303,true,0.4280,214,0.0124,0.0860,1.0000,,0.00,0.00,,,1.0000,0.0000,0,0.00,0.00,0.0000,0.00,0.0000,1.0000,211648.8,2913172.0,105829
rhcr_pbs,warehouse_single_dock,zone_50t,random,40,303,false,0.3920,196,0.0103,0.1537,0.9006,0.1621,,1.00,,,1.0000,-8.4112,7426,0.00,1.00,17741.5000,74.00,0.5500,0.9895,238328.3,2631166.0,119164
rhcr_pbs,warehouse_single_dock,zone_50t,random,40,404,true,0.4240,212,0.0115,0.0847,1.0000,,0.00,0.00,,,1.0000,0.0000,0,0.00,0.00,0.0000,0.00,0.0000,1.0000,197108.8,3455143.0,98557
rhcr_pbs,warehouse_single_dock,zone_50t,random,40,404,false,0.4080,204,0.0109,0.1157,0.9548,0.2494,,1.00,,,1.0000,-3.7736,2061,0.00,1.00,23740.6667,0.00,0.2000,0.9887,220008.3,2969728.0,110004
rhcr_pbs,warehouse_single_dock,zone_50t,random,40,505,true,0.4340,217,0.0115,0.0807,1.0000,,0.00,0.00,,,1.0000,0.0000,0,0.00,0.00,0.0000,0.00,0.0000,1.0000,239388.1,3132516.0,119697
rhcr_pbs,warehouse_single_dock,zone_50t,random,40,505,false,0.4160,208,0.0109,0.1145,0.9497,0.1746,,1.00,,,1.0000,-4.1475,2733,0.00,1.00,18801.3333,0.00,0.3250,0.9888,184400.0,2684112.0,92200
rhcr_pbs,warehouse_single_dock,zone_50t,random,40,1111,true,0.4080,204,0.0112,0.0914,1.0000,,0.00,0.00,,,1.0000,0.0000,0,0.00,0.00,0.0000,0.00,0.0000,1.0000,226827.3,3173289.0,113417
rhcr_pbs,warehouse_single_dock,zone_50t,random,40,1111,false,0.4260,213,0.0118,0.1020,1.0529,0.2244,200.00,1.00,,400,1.0000,4.4118,541,0.00,1.00,23375.3333,0.00,0.1250,0.9875,228536.8,2762392.0,114268
rhcr_pbs,warehouse_single_dock,zone_50t,random,40,2222,true,0.4740,237,0.0127,0.0870,1.0000,,0.00,0.00,,,1.0000,0.0000,0,0.00,0.00,0.0000,0.00,0.0000,1.0000,283288.3,3542196.0,141647
rhcr_pbs,warehouse_single_dock,zone_50t,random,40,2222,false,0.4260,213,0.0115,0.1329,0.8788,0.2818,,1.00,,,1.0000,-10.1266,7355,0.08,1.08,24489.0000,0.00,0.3500,0.9881,278856.6,3114121.0,139428
rhcr_pbs,warehouse_single_dock,zone_50t,random,40,3333,true,0.4220,211,0.0114,0.0933,1.0000,,0.00,0.00,,,1.0000,0.0000,0,0.00,0.00,0.0000,0.00,0.0000,1.0000,236899.3,3015268.0,118453
rhcr_pbs,warehouse_single_dock,zone_50t,random,40,3333,false,0.4300,215,0.0115,0.0883,1.0225,0.1895,280.00,1.00,,416,1.0000,1.8957,519,0.00,1.00,19702.5000,0.00,0.0750,0.9878,233639.5,3192552.0,116820
rhcr_pbs,warehouse_single_dock,zone_50t,random,40,4444,true,0.4180,209,0.0107,0.1128,1.0000,,0.00,0.00,,,1.0000,0.0000,0,0.00,0.00,0.0000,0.00,0.0000,1.0000,218044.2,3346277.0,109025
rhcr_pbs,warehouse_single_dock,zone_50t,random,40,4444,false,0.4080,204,0.0113,0.1637,0.9724,0.2868,,1.00,,,1.0000,-2.3923,3821,0.00,1.00,24606.3333,60.00,0.6750,0.9877,224227.0,2956343.0,112113
rhcr_pbs,warehouse_single_dock,zone_50t,random,40,5555,true,0.4460,223,0.0118,0.0771,1.0000,,0.00,0.00,,,1.0000,0.0000,0,0.00,0.00,0.0000,0.00,0.0000,1.0000,213800.1,3593427.0,106905
rhcr_pbs,warehouse_single_dock,zone_50t,random,40,5555,false,0.4460,223,0.0118,0.0771,1.0000,,0.00,0.00,,,1.0000,0.0000,0,0.00,0.00,,,0.0000,1.0000,213320.9,3612658.0,106660
rhcr_pbs,warehouse_single_dock,zone_50t,random,40,10000,true,0.4200,210,0.0114,0.1094,1.0000,,0.00,0.00,,,1.0000,0.0000,0,0.00,0.00,0.0000,0.00,0.0000,1.0000,307153.3,3488878.0,153580
rhcr_pbs,warehouse_single_dock,zone_50t,random,40,10000,false,0.3720,186,0.0123,0.1655,0.8667,0.1621,,1.00,,,1.0000,-11.4286,8573,0.44,1.52,18166.0000,0.00,0.6750,0.9867,284623.6,3492048.0,142312
rhcr_pbs,warehouse_single_dock,zone_50t,random,40,20000,true,0.2240,112,0.0057,0.4974,1.0000,,0.00,0.00,,,1.0000,0.0000,0,0.00,0.00,0.0000,0.00,0.0000,1.0000,168787.0,2764438.0,84396
rhcr_pbs,warehouse_single_dock,zone_50t,random,40,20000,false,0.2820,141,0.0073,0.3756,1.3766,0.0623,156.00,1.00,,279,1.0000,25.8929,1161,0.18,1.18,3820.2500,0.00,0.2750,0.9931,197229.0,2796767.0,98614
rhcr_pbs,warehouse_single_dock,zone_50t,random,40,30000,true,0.4460,223,0.0121,0.0828,1.0000,,0.00,0.00,,,1.0000,0.0000,0,0.00,0.00,0.0000,0.00,0.0000,1.0000,245539.6,3861772.0,122782
rhcr_pbs,warehouse_single_dock,zone_50t,random,40,30000,false,0.4360,218,0.0119,0.0992,0.9730,0.1421,,1.00,,,1.0000,-2.2422,3228,0.25,1.50,18925.3333,0.00,0.1500,0.9878,262006.5,3268539.0,131003
rhcr_pbs,warehouse_single_dock,zone_50t,random,40,40000,true,0.4320,216,0.0120,0.0841,1.0000,,0.00,0.00,,,1.0000,0.0000,0,0.00,0.00,0.0000,0.00,0.0000,1.0000,252891.2,3151314.0,126448
rhcr_pbs,warehouse_single_dock,zone_50t,random,40,40000,false,0.4360,218,0.0115,0.0961,1.0109,0.1621,348.00,1.00,,464,1.0000,0.9259,1890,0.00,1.00,18271.5000,0.00,0.0750,0.9881,243055.1,2915822.0,121528
rhcr_pbs,warehouse_single_dock,zone_50t,random,40,50000,true,0.4380,219,0.0114,0.0919,1.0000,,0.00,0.00,,,1.0000,0.0000,0,0.00,0.00,0.0000,0.00,0.0000,1.0000,239431.6,2656036.0,119721
rhcr_pbs,warehouse_single_dock,zone_50t,random,40,50000,false,0.4100,205,0.0107,0.1439,0.9227,0.2918,,1.00,,,1.0000,-6.3927,5838,0.06,1.06,24776.0000,0.00,0.4750,0.9890,218462.6,3107410.0,109231
rhcr_pbs,warehouse_single_dock,zone_50t,closest,40,42,true,0.4520,226,0.0124,0.0956,1.0000,,0.00,0.00,,,1.0000,0.0000,0,0.00,0.00,0.0000,0.00,0.0000,1.0000,233557.8,2881749.0,116784
rhcr_pbs,warehouse_single_dock,zone_50t,closest,40,42,false,0.4280,214,0.0123,0.1186,0.9348,0.1446,,1.00,,,1.0000,-5.3097,1316,0.00,1.00,18104.6667,0.00,0.2750,0.9877,208716.0,3157219.0,104358
rhcr_pbs,warehouse_single_dock,zone_50t,closest,40,123,true,0.4440,222,0.0120,0.0896,1.0000,,0.00,0.00,,,1.0000,0.0000,0,0.00,0.00,0.0000,0.00,0.0000,1.0000,221196.0,3437738.0,110603
rhcr_pbs,warehouse_single_dock,zone_50t,closest,40,123,false,0.4220,211,0.0112,0.1102,0.9385,0.0973,,1.00,,,1.0000,-4.9550,2408,0.00,1.00,15518.0833,0.00,0.0250,0.9888,234085.3,3450569.0,117043
rhcr_pbs,warehouse_single_dock,zone_50t,closest,40,456,true,0.4340,217,0.0114,0.1103,1.0000,,0.00,0.00,,,1.0000,0.0000,0,0.00,0.00,0.0000,0.00,0.0000,1.0000,231339.3,2898367.0,115674
rhcr_pbs,warehouse_single_dock,zone_50t,closest,40,456,false,0.4180,209,0.0109,0.1437,0.9545,0.1446,,1.00,,,1.0000,-3.6866,3508,0.08,1.08,18601.1667,0.00,0.3500,0.9890,271360.5,3069557.0,135680
rhcr_pbs,warehouse_single_dock,zone_50t,closest,40,789,true,0.4500,225,0.0122,0.0949,1.0000,,0.00,0.00,,,1.0000,0.0000,0,0.00,0.00,0.0000,0.00,0.0000,1.0000,250093.7,3552053.0,125050
rhcr_pbs,warehouse_single_dock,zone_50t,closest,40,789,false,0.4160,208,0.0112,0.1558,0.9105,0.1596,,1.00,,,1.0000,-7.5556,4729,0.00,1.00,16962.3333,56.00,0.5500,0.9884,215748.3,3456821.0,107874
rhcr_pbs,warehouse_single_dock,zone_50t,closest,40,1024,true,0.4380,219,0.0120,0.0938,1.0000,,0.00,0.00,,,1.0000,0.0000,0,0.00,0.00,0.0000,0.00,0.0000,1.0000,237336.9,3507888.0,118671
rhcr_pbs,warehouse_single_dock,zone_50t,closest,40,1024,false,0.4620,231,0.0123,0.0992,1.0667,0.1172,210.00,1.00,,349,1.0000,5.4795,527,0.00,1.00,17693.6667,0.00,0.1000,0.9873,203256.1,2867788.0,101628
rhcr_pbs,warehouse_single_dock,zone_50t,closest,40,2048,true,0.4720,236,0.0125,0.0876,1.0000,,0.00,0.00,,,1.0000,0.0000,0,0.00,0.00,0.0000,0.00,0.0000,1.0000,242109.5,3109259.0,121058
rhcr_pbs,warehouse_single_dock,zone_50t,closest,40,2048,false,0.4480,224,0.0120,0.1426,0.9368,0.1297,,1.00,,,1.0000,-5.0847,4871,0.00,1.00,18189.3333,0.00,0.3750,0.9882,286444.4,3152528.0,143222
rhcr_pbs,warehouse_single_dock,zone_50t,closest,40,3141,true,0.4540,227,0.0121,0.0943,1.0000,,0.00,0.00,,,1.0000,0.0000,0,0.00,0.00,0.0000,0.00,0.0000,1.0000,208461.8,3470884.0,104234
rhcr_pbs,warehouse_single_dock,zone_50t,closest,40,3141,false,0.4620,231,0.0122,0.1098,1.0221,0.1696,343.00,1.00,,470,1.0000,1.7621,1207,0.17,1.17,20826.3333,0.00,0.1500,0.9877,201947.1,2736446.0,100974
rhcr_pbs,warehouse_single_dock,zone_50t,closest,40,9999,true,0.4560,228,0.0117,0.0896,1.0000,,0.00,0.00,,,1.0000,0.0000,0,0.00,0.00,0.0000,0.00,0.0000,1.0000,210391.3,2986498.0,105199
rhcr_pbs,warehouse_single_dock,zone_50t,closest,40,9999,false,0.4520,226,0.0123,0.0954,0.9889,0.1122,,1.00,,,1.0000,-0.8772,254,0.00,1.00,15983.4667,0.00,0.0250,0.9878,218529.2,2505724.0,109265
rhcr_pbs,warehouse_single_dock,zone_50t,closest,40,1337,true,0.0360,18,0.0009,0.9208,1.0000,,0.00,0.00,,,1.0000,0.0000,0,0.00,0.00,0.0000,0.00,0.0000,1.0000,114492.7,1580698.0,57249
rhcr_pbs,warehouse_single_dock,zone_50t,closest,40,1337,false,0.0400,20,0.0011,0.9149,1.2857,0.0000,72.00,1.00,,240,1.0000,11.1111,72,0.00,1.00,34.0000,0.00,0.1500,0.9994,109981.7,1550048.0,54991
rhcr_pbs,warehouse_single_dock,zone_50t,closest,40,7777,true,0.4720,236,0.0129,0.0835,1.0000,,0.00,0.00,,,1.0000,0.0000,0,0.00,0.00,0.0000,0.00,0.0000,1.0000,233780.7,3069971.0,116893
rhcr_pbs,warehouse_single_dock,zone_50t,closest,40,7777,false,0.4380,219,0.0120,0.1244,0.9081,0.2618,,1.00,,,1.0000,-7.2034,5375,0.00,1.00,24695.3333,0.00,0.3250,0.9883,248501.1,3143561.0,124251
rhcr_pbs,warehouse_single_dock,zone_50t,closest,40,11,true,0.4720,236,0.0129,0.0925,1.0000,,0.00,0.00,,,1.0000,0.0000,0,0.00,0.00,0.0000,0.00,0.0000,1.0000,184158.4,2792842.0,92082
rhcr_pbs,warehouse_single_dock,zone_50t,closest,40,11,false,0.4520,226,0.0127,0.1364,0.9482,0.2868,,1.00,,,1.0000,-4.2373,2988,0.00,1.00,24468.5000,0.00,0.3000,0.9872,224623.5,2644707.0,112312
rhcr_pbs,warehouse_single_dock,zone_50t,closest,40,22,true,0.4640,232,0.0123,0.1051,1.0000,,0.00,0.00,,,1.0000,0.0000,0,0.00,0.00,0.0000,0.00,0.0000,1.0000,245883.2,3357892.0,122945
rhcr_pbs,warehouse_single_dock,zone_50t,closest,40,22,false,0.4460,223,0.0120,0.1287,0.9508,0.1297,,1.00,,,1.0000,-3.8793,3173,0.00,1.00,16036.3333,0.00,0.1750,0.9881,231407.7,2900650.0,115704
rhcr_pbs,warehouse_single_dock,zone_50t,closest,40,33,true,0.4600,230,0.0123,0.0879,1.0000,,0.00,0.00,,,1.0000,0.0000,0,0.00,0.00,0.0000,0.00,0.0000,1.0000,217229.1,2797661.0,108618
rhcr_pbs,warehouse_single_dock,zone_50t,closest,40,33,false,0.4520,226,0.0126,0.0859,0.9785,0.1895,,1.00,,,1.0000,-1.7391,796,0.00,1.00,19945.0000,0.00,0.0500,0.9872,182896.9,2815976.0,91448
rhcr_pbs,warehouse_single_dock,zone_50t,closest,40,44,true,0.4560,228,0.0123,0.0808,1.0000,,0.00,0.00,,,1.0000,0.0000,0,0.00,0.00,0.0000,0.00,0.0000,1.0000,230235.4,3811577.0,115121
rhcr_pbs,warehouse_single_dock,zone_50t,closest,40,44,false,0.4400,220,0.0120,0.1069,0.9563,0.2344,,1.00,,,1.0000,-3.5088,334,0.00,1.00,24340.1667,0.00,0.0750,0.9882,212630.0,3244030.0,106315
rhcr_pbs,warehouse_single_dock,zone_50t,closest,40,55,true,0.4500,225,0.0122,0.0988,1.0000,,0.00,0.00,,,1.0000,0.0000,0,0.00,0.00,0.0000,0.00,0.0000,1.0000,291216.2,3185572.0,145611
rhcr_pbs,warehouse_single_dock,zone_50t,closest,40,55,false,0.4680,234,0.0131,0.0965,1.0506,0.2070,70.00,1.00,,207,1.0000,4.0000,102,0.00,1.00,21592.6667,0.00,0.0250,0.9868,223984.4,2752781.0,111992
rhcr_pbs,warehouse_single_dock,zone_50t,closest,40,101,true,0.4560,228,0.0123,0.0910,1.0000,,0.00,0.00,,,1.0000,0.0000,0,0.00,0.00,0.0000,0.00,0.0000,1.0000,258254.7,3035940.0,129130
rhcr_pbs,warehouse_single_dock,zone_50t,closest,40,101,false,0.4380,219,0.0121,0.1333,0.9497,0.1322,,1.00,,,1.0000,-3.9474,6152,0.06,1.06,14897.5833,0.00,0.4250,0.9885,236737.6,3113898.0,118369
rhcr_pbs,warehouse_single_dock,zone_50t,closest,40,202,true,0.4700,235,0.0127,0.0894,1.0000,,0.00,0.00,,,1.0000,0.0000,0,0.00,0.00,0.0000,0.00,0.0000,1.0000,272996.4,3799944.0,136506
rhcr_pbs,warehouse_single_dock,zone_50t,closest,40,202,false,0.4900,245,0.0133,0.0883,1.0529,0.1297,334.00,1.00,,474,1.0000,4.2553,647,0.00,1.00,18140.3333,0.00,0.0500,0.9863,214462.0,3224787.0,107231
rhcr_pbs,warehouse_single_dock,zone_50t,closest,40,303,true,0.4600,230,0.0121,0.0904,1.0000,,0.00,0.00,,,1.0000,0.0000,0,0.00,0.00,0.0000,0.00,0.0000,1.0000,228339.5,2628314.0,114175
rhcr_pbs,warehouse_single_dock,zone_50t,closest,40,303,false,0.3580,179,0.0094,0.2822,0.7287,0.2469,,1.00,,,1.0000,-22.1739,5456,0.00,1.00,23881.3333,54.00,0.4250,0.9910,203082.2,2725519.0,101541
rhcr_pbs,warehouse_single_dock,zone_50t,closest,40,404,true,0.4560,228,0.0123,0.0841,1.0000,,0.00,0.00,,,1.0000,0.0000,0,0.00,0.00,0.0000,0.00,0.0000,1.0000,204643.8,2661440.0,102325
rhcr_pbs,warehouse_single_dock,zone_50t,closest,40,404,false,0.1100,55,0.0029,0.7515,0.0990,0.2818,,1.00,,,1.0000,-75.8772,30941,0.33,1.44,24624.5000,0.00,0.3250,0.9988,244013.4,2440782.0,122007
rhcr_pbs,warehouse_single_dock,zone_50t,closest,40,505,true,0.4580,229,0.0128,0.0897,1.0000,,0.00,0.00,,,1.0000,0.0000,0,0.00,0.00,0.0000,0.00,0.0000,1.0000,244991.7,3353974.0,122499
rhcr_pbs,warehouse_single_dock,zone_50t,closest,40,505,false,0.4460,223,0.0118,0.1333,0.9672,0.1297,,1.00,,,1.0000,-2.6201,4142,0.00,1.00,17177.7333,0.00,0.4000,0.9883,245145.1,3345119.0,122573
rhcr_pbs,warehouse_single_dock,zone_50t,closest,40,1111,true,0.4720,236,0.0126,0.0856,1.0000,,0.00,0.00,,,1.0000,0.0000,0,0.00,0.00,0.0000,0.00,0.0000,1.0000,181435.6,2482451.0,90721
rhcr_pbs,warehouse_single_dock,zone_50t,closest,40,1111,false,0.4460,223,0.0118,0.1175,0.9337,0.1421,,1.00,,,1.0000,-5.5085,3728,0.12,1.12,17428.8667,0.00,0.2250,0.9879,222595.0,3197379.0,111297
rhcr_pbs,warehouse_single_dock,zone_50t,closest,40,2222,true,0.4420,221,0.0118,0.0892,1.0000,,0.00,0.00,,,1.0000,0.0000,0,0.00,0.00,0.0000,0.00,0.0000,1.0000,205687.1,2659282.0,102849
rhcr_pbs,warehouse_single_dock,zone_50t,closest,40,2222,false,0.1480,74,0.0041,0.7078,0.2054,0.2768,,1.00,,,1.0000,-66.5158,24035,0.15,1.15,25895.0000,0.00,0.3500,0.9972,406819.9,2494527.0,203410
rhcr_pbs,warehouse_single_dock,zone_50t,closest,40,3333,true,0.4820,241,0.0131,0.0827,1.0000,,0.00,0.00,,,1.0000,0.0000,0,0.00,0.00,0.0000,0.00,0.0000,1.0000,222130.4,3485750.0,111069
rhcr_pbs,warehouse_single_dock,zone_50t,closest,40,3333,false,0.4580,229,0.0126,0.0936,0.9406,0.2045,,1.00,,,1.0000,-4.9793,2510,0.00,1.00,19228.9167,0.00,0.0750,0.9872,248825.5,3038386.0,124413
rhcr_pbs,warehouse_single_dock,zone_50t,closest,40,4444,true,0.4740,237,0.0128,0.0869,1.0000,,0.00,0.00,,,1.0000,0.0000,0,0.00,0.00,0.0000,0.00,0.0000,1.0000,221256.2,3404730.0,110631
rhcr_pbs,warehouse_single_dock,zone_50t,closest,40,4444,false,0.4280,214,0.0143,0.1329,0.8808,0.2868,,2.00,,,1.0000,-9.7046,5333,0.07,1.07,26877.1667,57.00,0.3750,0.9852,231503.3,3137921.0,115752
rhcr_pbs,warehouse_single_dock,zone_50t,closest,40,5555,true,0.4680,234,0.0124,0.0852,1.0000,,0.00,0.00,,,1.0000,0.0000,0,0.00,0.00,0.0000,0.00,0.0000,1.0000,214305.0,3156350.0,107155
rhcr_pbs,warehouse_single_dock,zone_50t,closest,40,5555,false,0.4640,232,0.0120,0.1012,0.9893,0.2918,,1.00,,,1.0000,-0.8547,2029,0.33,1.33,23556.0000,0.00,0.1500,0.9880,199474.5,3311070.0,99737
rhcr_pbs,warehouse_single_dock,zone_50t,closest,40,10000,true,0.4460,223,0.0120,0.0787,1.0000,,0.00,0.00,,,1.0000,0.0000,0,0.00,0.00,0.0000,0.00,0.0000,1.0000,227153.1,2910114.0,113580
rhcr_pbs,warehouse_single_dock,zone_50t,closest,40,10000,false,0.4200,210,0.0111,0.1392,0.9282,0.1970,,1.00,,,1.0000,-5.8296,6253,0.00,1.00,19942.1667,72.00,0.4750,0.9892,178239.2,2661784.0,89120
rhcr_pbs,warehouse_single_dock,zone_50t,closest,40,20000,true,0.4640,232,0.0130,0.0843,1.0000,,0.00,0.00,,,1.0000,0.0000,0,0.00,0.00,0.0000,0.00,0.0000,1.0000,258428.3,3470437.0,129219
rhcr_pbs,warehouse_single_dock,zone_50t,closest,40,20000,false,0.4080,204,0.0112,0.1583,0.8486,0.1247,,1.00,,,1.0000,-12.0690,9226,0.00,1.00,14693.3333,0.00,0.3750,0.9893,244669.7,3315955.0,122335
rhcr_pbs,warehouse_single_dock,zone_50t,closest,40,30000,true,0.4400,220,0.0118,0.1189,1.0000,,0.00,0.00,,,1.0000,0.0000,0,0.00,0.00,0.0000,0.00,0.0000,1.0000,233483.1,3621275.0,116746
rhcr_pbs,warehouse_single_dock,zone_50t,closest,40,30000,false,0.4520,226,0.0126,0.1059,1.0335,0.1546,350.00,1.00,,474,1.0000,2.7273,519,0.00,1.00,17266.0000,0.00,0.1250,0.9872,245652.7,3724915.0,122826
rhcr_pbs,warehouse_single_dock,zone_50t,closest,40,40000,true,0.4720,236,0.0125,0.0895,1.0000,,0.00,0.00,,,1.0000,0.0000,0,0.00,0.00,0.0000,0.00,0.0000,1.0000,310963.1,3323968.0,155484
rhcr_pbs,warehouse_single_dock,zone_50t,closest,40,40000,false,0.4640,232,0.0126,0.0896,0.9795,0.1272,,1.00,,,1.0000,-1.6949,2109,0.00,1.00,18127.6667,0.00,0.0500,0.9870,263456.3,3683838.0,131728
rhcr_pbs,warehouse_single_dock,zone_50t,closest,40,50000,true,0.4560,228,0.0121,0.1019,1.0000,,0.00,0.00,,,1.0000,0.0000,0,0.00,0.00,0.0000,0.00,0.0000,1.0000,234485.7,3199025.0,117246
rhcr_pbs,warehouse_single_dock,zone_50t,closest,40,50000,false,0.4220,211,0.0111,0.1231,0.9076,0.1521,,1.00,,,1.0000,-7.4561,4026,0.00,1.00,16465.8333,0.00,0.2000,0.9892,223508.0,3777751.0,111754
rhcr_pbs,warehouse_single_dock,intermittent_80s80m15r,random,40,42,true,0.4320,216,0.0118,0.0803,1.0000,,0.00,0.00,,,1.0000,0.0000,0,0.00,0.00,0.0000,0.00,0.0000,1.0000,247028.7,2559026.0,123517
rhcr_pbs,warehouse_single_dock,intermittent_80s80m15r,random,40,42,false,0.2600,130,0.0081,0.4351,0.5474,0.2929,,1.00,2.59,,1.0000,-39.8148,12758,0.20,1.21,26907.6667,0.00,1.0000,0.9921,234435.8,2892062.0,117219
rhcr_pbs,warehouse_single_dock,intermittent_80s80m15r,random,40,123,true,0.4120,206,0.0114,0.1031,1.0000,,0.00,0.00,,,1.0000,0.0000,0,0.00,0.00,0.0000,0.00,0.0000,1.0000,224583.8,3005329.0,112297
rhcr_pbs,warehouse_single_dock,intermittent_80s80m15r,random,40,123,false,0.3280,164,0.0089,0.2794,0.7640,0.1337,,1.00,2.55,,1.0000,-20.3883,8959,0.29,1.33,15233.8333,0.00,1.0000,0.9913,285179.6,3560650.0,142591
rhcr_pbs,warehouse_single_dock,intermittent_80s80m15r,random,40,456,true,0.4260,213,0.0118,0.0733,1.0000,,0.00,0.00,,,1.0000,0.0000,0,0.00,0.00,0.0000,0.00,0.0000,1.0000,264148.0,3712465.0,132077
rhcr_pbs,warehouse_single_dock,intermittent_80s80m15r,random,40,456,false,0.3120,156,0.0120,0.2765,0.6851,0.1751,,1.00,2.36,,1.0000,-26.7606,12950,0.26,1.29,18095.3333,0.00,1.0000,0.9880,203066.7,3271987.0,101535
rhcr_pbs,warehouse_single_dock,intermittent_80s80m15r,random,40,789,true,0.0360,18,0.0009,0.8337,1.0000,,0.00,0.00,,,1.0000,0.0000,0,0.00,0.00,0.0000,0.00,0.0000,1.0000,136583.7,1109215.0,68297
rhcr_pbs,warehouse_single_dock,intermittent_80s80m15r,random,40,789,false,0.0400,20,0.0010,0.8629,1.4000,0.0071,54.00,1.00,2.65,181,1.0000,11.1111,50,0.74,2.93,330.0000,0.00,1.0000,0.9996,147764.5,1042937.0,73884
rhcr_pbs,warehouse_single_dock,intermittent_80s80m15r,random,40,1024,true,0.4260,213,0.0114,0.0850,1.0000,,0.00,0.00,,,1.0000,0.0000,0,0.00,0.00,0.0000,0.00,0.0000,1.0000,207335.0,3198560.0,103670
rhcr_pbs,warehouse_single_dock,intermittent_80s80m15r,random,40,1024,false,0.3080,154,0.0098,0.2885,0.6974,0.1714,,1.00,2.18,,1.0000,-27.6995,12245,0.26,1.29,21707.5000,0.00,1.0000,0.9895,269491.3,3090051.0,134747
rhcr_pbs,warehouse_single_dock,intermittent_80s80m15r,random,40,2048,true,0.4340,217,0.0118,0.0868,1.0000,,0.00,0.00,,,1.0000,0.0000,0,0.00,0.00,0.0000,0.00,0.0000,1.0000,208719.3,2959119.0,104362
rhcr_pbs,warehouse_single_dock,intermittent_80s80m15r,random,40,2048,false,0.3300,165,0.0119,0.2457,0.7263,0.1762,,1.00,2.76,,1.0000,-23.9631,10639,0.26,1.32,18925.9167,0.00,1.0000,0.9877,204139.3,3206574.0,102071
rhcr_pbs,warehouse_single_dock,intermittent_80s80m15r,random,40,3141,true,0.4440,222,0.0118,0.0901,1.0000,,0.00,0.00,,,1.0000,0.0000,0,0.00,0.00,0.0000,0.00,0.0000,1.0000,189292.5,3403986.0,94650
rhcr_pbs,warehouse_single_dock,intermittent_80s80m15r,random,40,3141,false,0.3280,164,0.0099,0.2831,0.6995,0.1690,,1.00,2.95,,1.0000,-26.1261,10559,0.30,1.35,18334.0000,0.00,1.0000,0.9900,254702.7,3178044.0,127352
rhcr_pbs,warehouse_single_dock,intermittent_80s80m15r,random,40,9999,true,0.4100,205,0.0107,0.0980,1.0000,,0.00,0.00,,,1.0000,0.0000,0,0.00,0.00,0.0000,0.00,0.0000,1.0000,241189.1,3432889.0,120598
rhcr_pbs,warehouse_single_dock,intermittent_80s80m15r,random,40,9999,false,0.3140,157,0.0107,0.2993,0.7363,0.1507,,1.00,2.39,,1.0000,-23.4146,9326,0.24,1.26,17534.0833,0.00,1.0000,0.9886,247640.4,2902619.0,123821
rhcr_pbs,warehouse_single_dock,intermittent_80s80m15r,random,40,1337,true,0.4160,208,0.0113,0.0986,1.0000,,0.00,0.00,,,1.0000,0.0000,0,0.00,0.00,0.0000,0.00,0.0000,1.0000,214738.8,2804176.0,107372
rhcr_pbs,warehouse_single_dock,intermittent_80s80m15r,random,40,1337,false,0.3340,167,0.0120,0.2598,0.7772,0.1490,,1.00,2.51,,1.0000,-19.7115,8311,0.16,1.17,17572.8333,0.00,1.0000,0.9870,181642.1,2775902.0,90822
rhcr_pbs,warehouse_single_dock,intermittent_80s80m15r,random,40,7777,true,0.3900,195,0.0104,0.1793,1.0000,,0.00,0.00,,,1.0000,0.0000,0,0.00,0.00,0.0000,0.00,0.0000,1.0000,204860.2,3270708.0,102433
rhcr_pbs,warehouse_single_dock,intermittent_80s80m15r,random,40,7777,false,0.3420,171,0.0094,0.2457,0.8554,0.2339,,1.00,2.70,,1.0000,-12.3077,9054,0.18,1.19,21762.3333,0.00,1.0000,0.9909,249612.2,2718668.0,124807
rhcr_pbs,warehouse_single_dock,intermittent_80s80m15r,random,40,11,true,0.4220,211,0.0114,0.0800,1.0000,,0.00,0.00,,,1.0000,0.0000,0,0.00,0.00,0.0000,0.00,0.0000,1.0000,180626.7,2759907.0,90316
rhcr_pbs,warehouse_single_dock,intermittent_80s80m15r,random,40,11,false,0.3220,161,0.0090,0.2925,0.7253,0.2177,,1.00,2.19,,1.0000,-23.6967,11362,0.18,1.21,21760.6667,0.00,1.0000,0.9911,209968.7,2729550.0,104986
rhcr_pbs,warehouse_single_dock,intermittent_80s80m15r,random,40,22,true,0.4540,227,0.0126,0.0900,1.0000,,0.00,0.00,,,1.0000,0.0000,0,0.00,0.00,0.0000,0.00,0.0000,1.0000,248995.0,3968244.0,124500
rhcr_pbs,warehouse_single_dock,intermittent_80s80m15r,random,40,22,false,0.2620,131,0.0072,0.4828,0.5200,0.2238,,1.00,2.21,,1.0000,-42.2907,11759,0.41,1.60,24465.1667,0.00,1.0000,0.9933,161796.3,3166741.0,80900
rhcr_pbs,warehouse_single_dock,intermittent_80s80m15r,random,40,33,true,0.4140,207,0.0116,0.0868,1.0000,,0.00,0.00,,,1.0000,0.0000,0,0.00,0.00,0.0000,0.00,0.0000,1.0000,202975.6,3495508.0,101493
rhcr_pbs,warehouse_single_dock,intermittent_80s80m15r,random,40,33,false,0.3740,187,0.0114,0.2671,0.8919,0.1667,,1.00,2.70,,1.0000,-9.6618,5642,0.24,1.28,19312.6667,0.00,1.0000,0.9880,205959.5,2911726.0,102981
rhcr_pbs,warehouse_single_dock,intermittent_80s80m15r,random,40,44,true,0.2420,121,0.0070,0.4880,1.0000,,0.00,0.00,,,1.0000,0.0000,0,0.00,0.00,0.0000,0.00,0.0000,1.0000,197324.6,2422257.0,98667
rhcr_pbs,warehouse_single_dock,intermittent_80s80m15r,random,40,44,false,0.3420,171,0.0109,0.2574,1.5495,0.0837,220.00,1.00,2.59,319,1.0000,41.3223,2523,0.21,1.23,6748.0000,0.00,1.0000,0.9889,250523.2,3688116.0,125263
rhcr_pbs,warehouse_single_dock,intermittent_80s80m15r,random,40,55,true,0.4560,228,0.0129,0.0865,1.0000,,0.00,0.00,,,1.0000,0.0000,0,0.00,0.00,0.0000,0.00,0.0000,1.0000,232874.0,3353703.0,116440
rhcr_pbs,warehouse_single_dock,intermittent_80s80m15r,random,40,55,false,0.3540,177,0.0115,0.2578,0.7398,0.1690,,1.00,2.62,,1.0000,-22.3684,11615,0.16,1.17,19517.6667,0.00,1.0000,0.9883,217431.6,2833418.0,108717
rhcr_pbs,warehouse_single_dock,intermittent_80s80m15r,random,40,101,true,0.4320,216,0.0115,0.0865,1.0000,,0.00,0.00,,,1.0000,0.0000,0,0.00,0.00,0.0000,0.00,0.0000,1.0000,265982.5,3495315.0,132999
rhcr_pbs,warehouse_single_dock,intermittent_80s80m15r,random,40,101,false,0.2780,139,0.0089,0.4169,0.5969,0.2071,,1.00,2.52,,1.0000,-35.6481,12324,0.36,1.65,21938.5000,0.00,1.0000,0.9909,215210.1,2910056.0,107607
rhcr_pbs,warehouse_single_dock,intermittent_80s80m15r,random,40,202,true,0.4460,223,0.0119,0.0803,1.0000,,0.00,0.00,,,1.0000,0.0000,0,0.00,0.00,0.0000,0.00,0.0000,1.0000,229869.4,3565775.0,114938
rhcr_pbs,warehouse_single_dock,intermittent_80s80m15r,random,40,202,false,0.3380,169,0.0107,0.2711,0.7202,0.1799,,1.00,2.60,,1.0000,-24.2152,12340,0.28,1.32,20612.1667,0.00,1.0000,0.9890,265349.3,3129349.0,132676
rhcr_pbs,warehouse_single_dock,intermittent_80s80m15r,random,40,303,true,0.4280,214,0.0124,0.0860,1.0000,,0.00,0.00,,,1.0000,0.0000,0,0.00,0.00,0.0000,0.00,0.0000,1.0000,211648.8,2913172.0,105829
rhcr_pbs,warehouse_single_dock,intermittent_80s80m15r,random,40,303,false,0.3180,159,0.0093,0.2910,0.7135,0.1667,,1.00,2.70,,1.0000,-25.7009,13757,0.24,1.33,17956.2500,0.00,1.0000,0.9904,290087.6,3988220.0,145045
rhcr_pbs,warehouse_single_dock,intermittent_80s80m15r,random,40,404,true,0.4240,212,0.0115,0.0847,1.0000,,0.00,0.00,,,1.0000,0.0000,0,0.00,0.00,0.0000,0.00,0.0000,1.0000,197108.8,3455143.0,98557
rhcr_pbs,warehouse_single_dock,intermittent_80s80m15r,random,40,404,false,0.3340,167,0.0093,0.2589,0.7581,0.1398,,1.00,2.60,,1.0000,-21.2264,9310,0.17,1.21,16511.3333,0.00,1.0000,0.9904,266900.9,2988197.0,133452
rhcr_pbs,warehouse_single_dock,intermittent_80s80m15r,random,40,505,true,0.4340,217,0.0115,0.0807,1.0000,,0.00,0.00,,,1.0000,0.0000,0,0.00,0.00,0.0000,0.00,0.0000,1.0000,239388.1,3132516.0,119697
rhcr_pbs,warehouse_single_dock,intermittent_80s80m15r,random,40,505,false,0.3360,168,0.0092,0.2682,0.7351,0.1548,,1.00,2.71,,1.0000,-22.5806,8246,0.29,1.32,17603.4167,0.00,1.0000,0.9910,269334.5,3100975.0,134669
rhcr_pbs,warehouse_single_dock,intermittent_80s80m15r,random,40,1111,true,0.4080,204,0.0112,0.0914,1.0000,,0.00,0.00,,,1.0000,0.0000,0,0.00,0.00,0.0000,0.00,0.0000,1.0000,226827.3,3173289.0,113417
rhcr_pbs,warehouse_single_dock,intermittent_80s80m15r,random,40,1111,false,0.3280,164,0.0117,0.2774,0.7802,0.2167,,1.00,2.54,,1.0000,-19.6078,7935,0.19,1.22,24075.8333,0.00,1.0000,0.9876,234919.2,2754455.0,117461
rhcr_pbs,warehouse_single_dock,intermittent_80s80m15r,random,40,2222,true,0.4740,237,0.0127,0.0870,1.0000,,0.00,0.00,,,1.0000,0.0000,0,0.00,0.00,0.0000,0.00,0.0000,1.0000,283288.3,3542196.0,141647
rhcr_pbs,warehouse_single_dock,intermittent_80s80m15r,random,40,2222,false,0.3360,168,0.0104,0.2817,0.6683,0.1703,,1.00,2.34,,1.0000,-29.1139,13526,0.19,1.22,18113.6667,0.00,1.0000,0.9892,247275.8,3115945.0,123639
rhcr_pbs,warehouse_single_dock,intermittent_80s80m15r,random,40,3333,true,0.4220,211,0.0114,0.0933,1.0000,,0.00,0.00,,,1.0000,0.0000,0,0.00,0.00,0.0000,0.00,0.0000,1.0000,236899.3,3015268.0,118453
rhcr_pbs,warehouse_single_dock,intermittent_80s80m15r,random,40,3333,false,0.3340,167,0.0117,0.2720,0.7622,0.2308,,1.00,2.58,,1.0000,-20.8531,11158,0.32,1.38,22118.7500,0.00,1.0000,0.9876,200137.3,3204615.0,100070
rhcr_pbs,warehouse_single_dock,intermittent_80s80m15r,random,40,4444,true,0.4180,209,0.0107,0.1128,1.0000,,0.00,0.00,,,1.0000,0.0000,0,0.00,0.00,0.0000,0.00,0.0000,1.0000,218044.2,3346277.0,109025
rhcr_pbs,warehouse_single_dock,intermittent_80s80m15r,random,40,4444,false,0.3640,182,0.0123,0.2609,0.8556,0.1480,,1.00,2.71,,1.0000,-12.9187,4399,0.23,1.24,17532.8333,0.00,1.0000,0.9866,315821.9,3260671.0,157912
rhcr_pbs,warehouse_single_dock,intermittent_80s80m15r,random,40,5555,true,0.4460,223,0.0118,0.0771,1.0000,,0.00,0.00,,,1.0000,0.0000,0,0.00,0.00,0.0000,0.00,0.0000,1.0000,213800.1,3593427.0,106905
rhcr_pbs,warehouse_single_dock,intermittent_80s80m15r,random,40,5555,false,0.3160,158,0.0109,0.2895,0.6667,0.2153,,1.00,2.54,,1.0000,-29.1480,12034,0.24,1.28,24239.6667,0.00,1.0000,0.9888,189222.3,2779797.0,94613
rhcr_pbs,warehouse_single_dock,intermittent_80s80m15r,random,40,10000,true,0.4200,210,0.0114,0.1094,1.0000,,0.00,0.00,,,1.0000,0.0000,0,0.00,0.00,0.0000,0.00,0.0000,1.0000,307153.3,3488878.0,153580
rhcr_pbs,warehouse_single_dock,intermittent_80s80m15r,random,40,10000,false,0.3240,162,0.0092,0.2894,0.7460,0.1731,,1.00,2.34,,1.0000,-22.8571,9290,0.21,1.23,19950.1667,0.00,1.0000,0.9902,283088.4,3493686.0,141546
rhcr_pbs,warehouse_single_dock,intermittent_80s80m15r,random,40,20000,true,0.2240,112,0.0057,0.4974,1.0000,,0.00,0.00,,,1.0000,0.0000,0,0.00,0.00,0.0000,0.00,0.0000,1.0000,168787.0,2764438.0,84396
rhcr_pbs,warehouse_single_dock,intermittent_80s80m15r,random,40,20000,false,0.3480,174,0.0115,0.2591,1.7045,0.0667,222.00,1.00,2.41,321,1.0000,55.3571,2066,0.15,1.17,3908.5000,0.00,1.0000,0.9879,200488.9,2825690.0,100246
rhcr_pbs,warehouse_single_dock,intermittent_80s80m15r,random,40,30000,true,0.4460,223,0.0121,0.0828,1.0000,,0.00,0.00,,,1.0000,0.0000,0,0.00,0.00,0.0000,0.00,0.0000,1.0000,245539.6,3861772.0,122782
rhcr_pbs,warehouse_single_dock,intermittent_80s80m15r,random,40,30000,false,0.3440,172,0.0129,0.2717,0.7385,0.1627,,1.00,2.61,,1.0000,-22.8700,10134,0.21,1.25,19204.0000,0.00,1.0000,0.9865,217530.5,3910470.0,108767
rhcr_pbs,warehouse_single_dock,intermittent_80s80m15r,random,40,40000,true,0.4320,216,0.0120,0.0841,1.0000,,0.00,0.00,,,1.0000,0.0000,0,0.00,0.00,0.0000,0.00,0.0000,1.0000,252891.2,3151314.0,126448
rhcr_pbs,warehouse_single_dock,intermittent_80s80m15r,random,40,40000,false,0.3200,160,0.0102,0.2774,0.6940,0.1691,,1.00,2.38,,1.0000,-25.9259,12928,0.25,1.27,17902.0833,0.00,1.0000,0.9898,233019.2,2660898.0,116511
rhcr_pbs,warehouse_single_dock,intermittent_80s80m15r,random,40,50000,true,0.4380,219,0.0114,0.0919,1.0000,,0.00,0.00,,,1.0000,0.0000,0,0.00,0.00,0.0000,0.00,0.0000,1.0000,239431.6,2656036.0,119721
rhcr_pbs,warehouse_single_dock,intermittent_80s80m15r,random,40,50000,false,0.3360,168,0.0115,0.2637,0.7273,0.1643,,1.00,2.78,,1.0000,-23.2877,10665,0.26,1.30,18296.3333,0.00,1.0000,0.9883,181146.8,2435857.0,90575
rhcr_pbs,warehouse_single_dock,intermittent_80s80m15r,closest,40,42,true,0.4520,226,0.0124,0.0956,1.0000,,0.00,0.00,,,1.0000,0.0000,0,0.00,0.00,0.0000,0.00,0.0000,1.0000,233557.8,2881749.0,116784
rhcr_pbs,warehouse_single_dock,intermittent_80s80m15r,closest,40,42,false,0.3200,160,0.0109,0.3167,0.6580,0.1905,,1.00,2.59,,1.0000,-29.2035,9708,0.21,1.29,21987.7500,25.00,1.0000,0.9895,281243.0,3316291.0,140623
rhcr_pbs,warehouse_single_dock,intermittent_80s80m15r,closest,40,123,true,0.4440,222,0.0120,0.0896,1.0000,,0.00,0.00,,,1.0000,0.0000,0,0.00,0.00,0.0000,0.00,0.0000,1.0000,221196.0,3437738.0,110603
rhcr_pbs,warehouse_single_dock,intermittent_80s80m15r,closest,40,123,false,0.3600,180,0.0130,0.2736,0.7717,0.1527,,1.00,2.55,,1.0000,-18.9189,6884,0.21,1.24,20163.6667,0.00,1.0000,0.9868,259066.2,3445566.0,129534
rhcr_pbs,warehouse_single_dock,intermittent_80s80m15r,closest,40,456,true,0.4340,217,0.0114,0.1103,1.0000,,0.00,0.00,,,1.0000,0.0000,0,0.00,0.00,0.0000,0.00,0.0000,1.0000,231339.3,2898367.0,115674
rhcr_pbs,warehouse_single_dock,intermittent_80s80m15r,closest,40,456,false,0.3580,179,0.0117,0.2959,0.7889,0.1655,,1.00,2.36,,1.0000,-17.5115,7307,0.25,1.29,18276.3333,0.00,1.0000,0.9882,895125.5,332892994.0,447564
rhcr_pbs,warehouse_single_dock,intermittent_80s80m15r,closest,40,789,true,0.4500,225,0.0122,0.0949,1.0000,,0.00,0.00,,,1.0000,0.0000,0,0.00,0.00,0.0000,0.00,0.0000,1.0000,250093.7,3552053.0,125050
rhcr_pbs,warehouse_single_dock,intermittent_80s80m15r,closest,40,789,false,0.3140,157,0.0112,0.2937,0.6548,0.1619,,1.00,2.65,,1.0000,-30.2222,11227,0.29,1.34,19671.1000,0.00,1.0000,0.9884,174150.8,2742438.0,87077
rhcr_pbs,warehouse_single_dock,intermittent_80s80m15r,closest,40,1024,true,0.4380,219,0.0120,0.0938,1.0000,,0.00,0.00,,,1.0000,0.0000,0,0.00,0.00,0.0000,0.00,0.0000,1.0000,237336.9,3507888.0,118671
rhcr_pbs,warehouse_single_dock,intermittent_80s80m15r,closest,40,1024,false,0.3380,169,0.0096,0.3015,0.7283,0.1714,,1.00,2.18,,1.0000,-22.8311,11366,0.25,1.29,20327.5000,0.00,1.0000,0.9908,190815.4,3295759.0,95409
rhcr_pbs,warehouse_single_dock,intermittent_80s80m15r,closest,40,2048,true,0.4720,236,0.0125,0.0876,1.0000,,0.00,0.00,,,1.0000,0.0000,0,0.00,0.00,0.0000,0.00,0.0000,1.0000,242109.5,3109259.0,121058
rhcr_pbs,warehouse_single_dock,intermittent_80s80m15r,closest,40,2048,false,0.3720,186,0.0117,0.2607,0.7449,0.1595,,1.00,2.76,,1.0000,-21.1864,9619,0.29,1.33,19080.9167,0.00,1.0000,0.9886,244702.8,3186651.0,122353
rhcr_pbs,warehouse_single_dock,intermittent_80s80m15r,closest,40,3141,true,0.4540,227,0.0121,0.0943,1.0000,,0.00,0.00,,,1.0000,0.0000,0,0.00,0.00,0.0000,0.00,0.0000,1.0000,208461.8,3470884.0,104234
rhcr_pbs,warehouse_single_dock,intermittent_80s80m15r,closest,40,3141,false,0.2180,109,0.0056,0.5737,0.3690,0.2190,,1.00,2.95,,1.0000,-51.9824,19136,0.17,1.21,23546.3333,0.00,1.0000,0.9958,252142.7,1688780.0,126072
rhcr_pbs,warehouse_single_dock,intermittent_80s80m15r,closest,40,9999,true,0.4560,228,0.0117,0.0896,1.0000,,0.00,0.00,,,1.0000,0.0000,0,0.00,0.00,0.0000,0.00,0.0000,1.0000,210391.3,2986498.0,105199
rhcr_pbs,warehouse_single_dock,intermittent_80s80m15r,closest,40,9999,false,0.3660,183,0.0103,0.2795,0.7632,0.1316,,1.00,2.39,,1.0000,-19.7368,7436,0.19,1.23,18265.3333,0.00,1.0000,0.9901,232609.7,3752641.0,116306
rhcr_pbs,warehouse_single_dock,intermittent_80s80m15r,closest,40,1337,true,0.0360,18,0.0009,0.9208,1.0000,,0.00,0.00,,,1.0000,0.0000,0,0.00,0.00,0.0000,0.00,0.0000,1.0000,114492.7,1580698.0,57249
rhcr_pbs,warehouse_single_dock,intermittent_80s80m15r,closest,40,1337,false,0.0320,16,0.0009,0.9253,0.7500,0.0096,,1.00,2.51,,1.0000,-11.1111,750,0.80,2.66,296.0000,1.00,1.0000,0.9996,253507.5,3013968.0,126755
rhcr_pbs,warehouse_single_dock,intermittent_80s80m15r,closest,40,7777,true,0.4720,236,0.0129,0.0835,1.0000,,0.00,0.00,,,1.0000,0.0000,0,0.00,0.00,0.0000,0.00,0.0000,1.0000,233780.7,3069971.0,116893
rhcr_pbs,warehouse_single_dock,intermittent_80s80m15r,closest,40,7777,false,0.2240,112,0.0057,0.5485,0.3608,0.2697,,1.00,2.70,,1.0000,-52.5424,18527,0.48,1.73,27327.0000,0.00,1.0000,0.9958,169793.8,3272947.0,84898
rhcr_pbs,warehouse_single_dock,intermittent_80s80m15r,closest,40,11,true,0.4720,236,0.0129,0.0925,1.0000,,0.00,0.00,,,1.0000,0.0000,0,0.00,0.00,0.0000,0.00,0.0000,1.0000,184158.4,2792842.0,92082
rhcr_pbs,warehouse_single_dock,intermittent_80s80m15r,closest,40,11,false,0.3200,160,0.0092,0.3180,0.6200,0.1699,,1.00,2.19,,1.0000,-32.2034,13777,0.19,1.22,19805.5000,0.00,1.0000,0.9913,218480.2,3510229.0,109242
rhcr_pbs,warehouse_single_dock,intermittent_80s80m15r,closest,40,22,true,0.4640,232,0.0123,0.1051,1.0000,,0.00,0.00,,,1.0000,0.0000,0,0.00,0.00,0.0000,0.00,0.0000,1.0000,245883.2,3357892.0,122945
rhcr_pbs,warehouse_single_dock,intermittent_80s80m15r,closest,40,22,false,0.3360,168,0.0109,0.3077,0.6718,0.2524,,1.00,2.21,,1.0000,-27.5862,11632,0.24,1.27,24745.0000,0.00,1.0000,0.9892,259130.6,2716559.0,129567
rhcr_pbs,warehouse_single_dock,intermittent_80s80m15r,closest,40,33,true,0.4600,230,0.0123,0.0879,1.0000,,0.00,0.00,,,1.0000,0.0000,0,0.00,0.00,0.0000,0.00,0.0000,1.0000,217229.1,2797661.0,108618
rhcr_pbs,warehouse_single_dock,intermittent_80s80m15r,closest,40,33,false,0.3600,180,0.0127,0.2655,0.7487,0.1500,,1.00,2.70,,1.0000,-21.7391,9214,0.25,1.26,17324.3333,25.00,0.9750,0.9868,214428.0,3290475.0,107215
rhcr_pbs,warehouse_single_dock,intermittent_80s80m15r,closest,40,44,true,0.4560,228,0.0123,0.0808,1.0000,,0.00,0.00,,,1.0000,0.0000,0,0.00,0.00,0.0000,0.00,0.0000,1.0000,230235.4,3811577.0,115121
rhcr_pbs,warehouse_single_dock,intermittent_80s80m15r,closest,40,44,false,0.3520,176,0.0094,0.2749,0.7263,0.1531,,1.00,2.59,,1.0000,-22.8070,8777,0.27,1.30,20422.2500,0.00,1.0000,0.9913,221531.5,3484846.0,110767
rhcr_pbs,warehouse_single_dock,intermittent_80s80m15r,closest,40,55,true,0.4500,225,0.0122,0.0988,1.0000,,0.00,0.00,,,1.0000,0.0000,0,0.00,0.00,0.0000,0.00,0.0000,1.0000,291216.2,3185572.0,145611
rhcr_pbs,warehouse_single_dock,intermittent_80s80m15r,closest,40,55,false,0.1460,73,0.0046,0.7034,0.1872,0.2381,,1.00,2.62,,1.0000,-67.5556,26333,0.16,1.18,24189.0000,0.00,1.0000,0.9969,121607.3,3506061.0,60806
rhcr_pbs,warehouse_single_dock,intermittent_80s80m15r,closest,40,101,true,0.4560,228,0.0123,0.0910,1.0000,,0.00,0.00,,,1.0000,0.0000,0,0.00,0.00,0.0000,0.00,0.0000,1.0000,258254.7,3035940.0,129130
rhcr_pbs,warehouse_single_dock,intermittent_80s80m15r,closest,40,101,false,0.3760,188,0.0116,0.2447,0.7849,0.1333,,1.00,2.52,,1.0000,-17.5439,8631,0.17,1.20,16696.3333,0.00,1.0000,0.9891,258464.7,3880968.0,129234
rhcr_pbs,warehouse_single_dock,intermittent_80s80m15r,closest,40,202,true,0.4700,235,0.0127,0.0894,1.0000,,0.00,0.00,,,1.0000,0.0000,0,0.00,0.00,0.0000,0.00,0.0000,1.0000,272996.4,3799944.0,136506
rhcr_pbs,warehouse_single_dock,intermittent_80s80m15r,closest,40,202,false,0.3680,184,0.0127,0.2719,0.7398,0.1655,,1.00,2.60,,1.0000,-21.7021,14283,0.26,1.34,17166.0000,0.00,1.0000,0.9871,290428.0,2758273.0,145215
rhcr_pbs,warehouse_single_dock,intermittent_80s80m15r,closest,40,303,true,0.4600,230,0.0121,0.0904,1.0000,,0.00,0.00,,,1.0000,0.0000,0,0.00,0.00,0.0000,0.00,0.0000,1.0000,228339.5,2628314.0,114175
rhcr_pbs,warehouse_single_dock,intermittent_80s80m15r,closest,40,303,false,0.3700,185,0.0111,0.2553,0.7668,0.2357,,1.00,2.70,,1.0000,-19.5652,8891,0.22,1.24,25807.5000,0.00,1.0000,0.9892,236880.0,2758351.0,118441
rhcr_pbs,warehouse_single_dock,intermittent_80s80m15r,closest,40,404,true,0.4560,228,0.0123,0.0841,1.0000,,0.00,0.00,,,1.0000,0.0000,0,0.00,0.00,0.0000,0.00,0.0000,1.0000,204643.8,2661440.0,102325
rhcr_pbs,warehouse_single_dock,intermittent_80s80m15r,closest,40,404,false,0.3620,181,0.0135,0.2684,0.7626,0.1855,,1.00,2.60,,1.0000,-20.6140,9221,0.20,1.21,22945.0000,10.00,1.0000,0.9856,234093.1,3247017.0,117048
rhcr_pbs,warehouse_single_dock,intermittent_80s80m15r,closest,40,505,true,0.4580,229,0.0128,0.0897,1.0000,,0.00,0.00,,,1.0000,0.0000,0,0.00,0.00,0.0000,0.00,0.0000,1.0000,244991.7,3353974.0,122499
rhcr_pbs,warehouse_single_dock,intermittent_80s80m15r,closest,40,505,false,0.3860,193,0.0101,0.2466,0.8095,0.1524,,1.00,2.71,,1.0000,-15.7205,8042,0.21,1.22,19174.2167,0.00,1.0000,0.9905,292011.7,3019242.0,146007
rhcr_pbs,warehouse_single_dock,intermittent_80s80m15r,closest,40,1111,true,0.4720,236,0.0126,0.0856,1.0000,,0.00,0.00,,,1.0000,0.0000,0,0.00,0.00,0.0000,0.00,0.0000,1.0000,181435.6,2482451.0,90721
rhcr_pbs,warehouse_single_dock,intermittent_80s80m15r,closest,40,1111,false,0.3520,176,0.0118,0.2816,0.7015,0.1762,,1.00,2.54,,1.0000,-25.4237,12645,0.20,1.21,19575.4000,0.00,1.0000,0.9881,192686.3,3001993.0,96344
rhcr_pbs,warehouse_single_dock,intermittent_80s80m15r,closest,40,2222,true,0.4420,221,0.0118,0.0892,1.0000,,0.00,0.00,,,1.0000,0.0000,0,0.00,0.00,0.0000,0.00,0.0000,1.0000,205687.1,2659282.0,102849
rhcr_pbs,warehouse_single_dock,intermittent_80s80m15r,closest,40,2222,false,0.3340,167,0.0097,0.2960,0.7128,0.1463,,1.00,2.34,,1.0000,-24.4344,10990,0.25,1.29,18849.3333,0.00,1.0000,0.9903,219645.3,3314753.0,109824
rhcr_pbs,warehouse_single_dock,intermittent_80s80m15r,closest,40,3333,true,0.4820,241,0.0131,0.0827,1.0000,,0.00,0.00,,,1.0000,0.0000,0,0.00,0.00,0.0000,0.00,0.0000,1.0000,222130.4,3485750.0,111069
rhcr_pbs,warehouse_single_dock,intermittent_80s80m15r,closest,40,3333,false,0.3660,183,0.0124,0.2747,0.7238,0.2692,,1.00,2.58,,1.0000,-24.0664,12059,0.26,1.28,26985.6667,0.00,1.0000,0.9874,227335.4,2941571.0,113669
rhcr_pbs,warehouse_single_dock,intermittent_80s80m15r,closest,40,4444,true,0.4740,237,0.0128,0.0869,1.0000,,0.00,0.00,,,1.0000,0.0000,0,0.00,0.00,0.0000,0.00,0.0000,1.0000,221256.2,3404730.0,110631
rhcr_pbs,warehouse_single_dock,intermittent_80s80m15r,closest,40,4444,false,0.3380,169,0.0115,0.2650,0.6583,0.1814,,1.00,2.71,,1.0000,-28.6920,12722,0.28,1.32,21731.6667,0.00,1.0000,0.9887,246144.5,3597623.0,123074
rhcr_pbs,warehouse_single_dock,intermittent_80s80m15r,closest,40,5555,true,0.4680,234,0.0124,0.0852,1.0000,,0.00,0.00,,,1.0000,0.0000,0,0.00,0.00,0.0000,0.00,0.0000,1.0000,214305.0,3156350.0,107155
rhcr_pbs,warehouse_single_dock,intermittent_80s80m15r,closest,40,5555,false,0.3520,176,0.0113,0.2893,0.6979,0.2871,,1.00,2.54,,1.0000,-24.7863,14298,0.18,1.21,25959.0000,0.00,1.0000,0.9890,258072.0,2674966.0,129037
rhcr_pbs,warehouse_single_dock,intermittent_80s80m15r,closest,40,10000,true,0.4460,223,0.0120,0.0787,1.0000,,0.00,0.00,,,1.0000,0.0000,0,0.00,0.00,0.0000,0.00,0.0000,1.0000,227153.1,2910114.0,113580
rhcr_pbs,warehouse_single_dock,intermittent_80s80m15r,closest,40,10000,false,0.3560,178,0.0103,0.2792,0.7581,0.2043,,1.00,2.34,,1.0000,-20.1794,9113,0.18,1.20,21896.5833,0.00,1.0000,0.9903,231575.8,3409815.0,115789
rhcr_pbs,warehouse_single_dock,intermittent_80s80m15r,closest,40,20000,true,0.4640,232,0.0130,0.0843,1.0000,,0.00,0.00,,,1.0000,0.0000,0,0.00,0.00,0.0000,0.00,0.0000,1.0000,258428.3,3470437.0,129219
rhcr_pbs,warehouse_single_dock,intermittent_80s80m15r,closest,40,20000,false,0.3620,181,0.0111,0.3019,0.7358,0.1643,,1.00,2.41,,1.0000,-21.9828,11564,0.24,1.30,19148.3500,0.00,1.0000,0.9893,260256.3,3392043.0,130130
rhcr_pbs,warehouse_single_dock,intermittent_80s80m15r,closest,40,30000,true,0.4400,220,0.0118,0.1189,1.0000,,0.00,0.00,,,1.0000,0.0000,0,0.00,0.00,0.0000,0.00,0.0000,1.0000,233483.1,3621275.0,116746
rhcr_pbs,warehouse_single_dock,intermittent_80s80m15r,closest,40,30000,false,0.3300,165,0.0102,0.2806,0.7043,0.1699,,1.00,2.61,,1.0000,-25.0000,9989,0.20,1.22,19491.8333,0.00,1.0000,0.9901,205209.6,3575719.0,102606
rhcr_pbs,warehouse_single_dock,intermittent_80s80m15r,closest,40,40000,true,0.4720,236,0.0125,0.0895,1.0000,,0.00,0.00,,,1.0000,0.0000,0,0.00,0.00,0.0000,0.00,0.0000,1.0000,310963.1,3323968.0,155484
rhcr_pbs,warehouse_single_dock,intermittent_80s80m15r,closest,40,40000,false,0.3520,176,0.0140,0.3007,0.7015,0.1593,,1.00,2.38,,1.0000,-25.4237,12265,0.25,1.30,19508.9167,0.00,1.0000,0.9850,253578.1,3281926.0,126790
rhcr_pbs,warehouse_single_dock,intermittent_80s80m15r,closest,40,50000,true,0.4560,228,0.0121,0.1019,1.0000,,0.00,0.00,,,1.0000,0.0000,0,0.00,0.00,0.0000,0.00,0.0000,1.0000,234485.7,3199025.0,117246
rhcr_pbs,warehouse_single_dock,intermittent_80s80m15r,closest,40,50000,false,0.3760,188,0.0139,0.2585,0.7927,0.1452,,1.00,2.78,,1.0000,-17.5439,6477,0.24,1.27,19610.5000,0.00,1.0000,0.9857,201167.6,2638075.0,100585
token_passing,warehouse_single_dock,burst_20pct,random,40,42,true,0.2300,115,0.0057,0.4902,1.0000,,0.00,0.00,,,1.0000,0.0000,0,0.00,0.00,0.0000,0.00,0.0000,1.0000,14359.9,51295.0,7185
token_passing,warehouse_single_dock,burst_20pct,random,40,42,false,0.2160,108,0.0054,0.4268,0.9205,0.1571,,2.00,,,0.8000,-6.0870,3976,0.00,1.00,8889.1667,62.00,0.2000,0.7950,10249.9,37904.0,5125
token_passing,warehouse_single_dock,burst_20pct,random,40,123,true,0.3680,184,0.0092,0.2485,1.0000,,0.00,0.00,,,1.0000,0.0000,0,0.00,0.00,0.0000,0.00,0.0000,1.0000,6967.9,23927.0,3487
token_passing,warehouse_single_dock,burst_20pct,random,40,123,false,0.3000,150,0.0075,0.2755,0.7748,0.2170,,1.00,,,0.8000,-18.4783,5906,0.00,1.00,19275.3333,0.00,0.2000,0.7927,6457.2,23121.0,3229
token_passing,warehouse_single_dock,burst_20pct,random,40,456,true,0.2260,113,0.0056,0.5146,1.0000,,0.00,0.00,,,1.0000,0.0000,0,0.00,0.00,0.0000,0.00,0.0000,1.0000,15598.5,44807.0,7802
token_passing,warehouse_single_dock,burst_20pct,random,40,456,false,0.2600,130,0.0065,0.3617,1.2237,0.1097,202.00,1.00,,310,0.8000,15.0442,997,0.00,1.00,5968.6667,0.00,0.2000,0.7942,8719.3,54463.0,4360
token_passing,warehouse_single_dock,burst_20pct,random,40,789,true,0.3660,183,0.0092,0.2867,1.0000,,0.00,0.00,,,1.0000,0.0000,0,0.00,0.00,0.0000,0.00,0.0000,1.0000,8203.6,36544.0,4106
token_passing,warehouse_single_dock,burst_20pct,random,40,789,false,0.1040,52,0.0026,0.6871,0.1709,0.2993,,1.00,,,0.8000,-71.5847,20269,0.00,1.00,27429.0000,0.00,0.2000,0.7983,17276.1,35544.0,8638
token_passing,warehouse_single_dock,burst_20pct,random,40,1024,true,0.3940,197,0.0098,0.2041,1.0000,,0.00,0.00,,,1.0000,0.0000,0,0.00,0.00,0.0000,0.00,0.0000,1.0000,5543.5,15626.0,2775
token_passing,warehouse_single_dock,burst_20pct,random,40,1024,false,0.3020,151,0.0076,0.2105,0.7195,0.2519,,1.00,,,0.8000,-23.3503,6949,0.00,1.00,22635.0000,0.00,0.2000,0.7926,4766.4,16252.0,2383
token_passing,warehouse_single_dock,burst_20pct,random,40,2048,true,0.4060,203,0.0101,0.1845,1.0000,,0.00,0.00,,,1.0000,0.0000,0,0.00,0.00,0.0000,0.00,0.0000,1.0000,4848.7,15410.0,2427
token_passing,warehouse_single_dock,burst_20pct,random,40,2048,false,0.2940,147,0.0073,0.3187,0.6585,0.2618,,1.00,,,0.8000,-27.5862,8120,0.00,1.00,23111.0000,0.00,0.2000,0.7933,6835.4,25734.0,3418
token_passing,warehouse_single_dock,burst_20pct,random,40,3141,true,0.3960,198,0.0099,0.1970,1.0000,,0.00,0.00,,,1.0000,0.0000,0,0.00,0.00,0.0000,0.00,0.0000,1.0000,5436.5,43015.0,2721
token_passing,warehouse_single_dock,burst_20pct,random,40,3141,false,0.2300,115,0.0057,0.3911,0.4908,0.2693,,1.00,,,0.8000,-41.9192,13413,0.00,1.00,24234.1667,0.00,0.2000,0.7950,8943.1,29492.0,4472
token_passing,warehouse_single_dock,burst_20pct,random,40,9999,true,0.3800,190,0.0095,0.2347,1.0000,,0.00,0.00,,,1.0000,0.0000,0,0.00,0.00,0.0000,0.00,0.0000,1.0000,6843.0,26821.0,3425
token_passing,warehouse_single_dock,burst_20pct,random,40,9999,false,0.2680,134,0.0067,0.2987,0.6543,0.2594,,1.00,,,0.8000,-29.4737,9433,0.00,1.00,23011.5000,52.00,0.2000,0.7934,6253.3,25351.0,3127
token_passing,warehouse_single_dock,burst_20pct,random,40,1337,true,0.4040,202,0.0101,0.1675,1.0000,,0.00,0.00,,,1.0000,0.0000,0,0.00,0.00,0.0000,0.00,0.0000,1.0000,4616.0,15350.0,2311
token_passing,warehouse_single_dock,burst_20pct,random,40,1337,false,0.1440,72,0.0036,0.5647,0.2353,0.3167,,1.00,,,0.8000,-64.3564,21941,0.00,1.00,26964.0000,125.00,0.2000,0.7975,12710.6,36509.0,6355
token_passing,warehouse_single_dock,burst_20pct,random,40,7777,true,0.3520,176,0.0088,0.2875,1.0000,,0.00,0.00,,,1.0000,0.0000,0,0.00,0.00,0.0000,0.00,0.0000,1.0000,8303.8,32740.0,4155
token_passing,warehouse_single_dock,burst_20pct,random,40,7777,false,0.2100,105,0.0053,0.4765,0.4929,0.2369,,2.00,,,0.8000,-40.3409,16631,0.00,1.00,16733.0000,0.00,0.2000,0.7957,11737.6,33372.0,5869
token_passing,warehouse_single_dock,burst_20pct,random,40,11,true,0.2200,110,0.0055,0.5314,1.0000,,0.00,0.00,,,1.0000,0.0000,0,0.00,0.00,0.0000,0.00,0.0000,1.0000,16143.8,38366.0,8075
token_passing,warehouse_single_dock,burst_20pct,random,40,11,false,0.2020,101,0.0050,0.4994,0.8800,0.1197,,1.00,,,0.8000,-8.1818,1639,0.00,1.00,8177.0000,0.00,0.2000,0.7959,8542.4,26855.0,4271
token_passing,warehouse_single_dock,burst_20pct,random,40,22,true,0.4060,203,0.0101,0.1937,1.0000,,0.00,0.00,,,1.0000,0.0000,0,0.00,0.00,0.0000,0.00,0.0000,1.0000,5294.6,17573.0,2650
token_passing,warehouse_single_dock,burst_20pct,random,40,22,false,0.3240,162,0.0081,0.1833,0.7602,0.2718,,1.00,,,0.8000,-20.1970,5806,0.00,1.00,24698.0000,0.00,0.2000,0.7919,4149.4,16018.0,2075
token_passing,warehouse_single_dock,burst_20pct,random,40,33,true,0.1240,62,0.0031,0.7247,1.0000,,0.00,0.00,,,1.0000,0.0000,0,0.00,0.00,0.0000,0.00,0.0000,1.0000,23112.3,68908.0,11559
token_passing,warehouse_single_dock,burst_20pct,random,40,33,false,0.1120,56,0.0028,0.6972,0.8235,0.0574,,1.00,,,0.8000,-9.6774,1724,0.00,1.00,2110.0000,21.00,0.2000,0.7983,13181.8,31394.0,6591
token_passing,warehouse_single_dock,burst_20pct,random,40,44,true,0.3740,187,0.0094,0.2641,1.0000,,0.00,0.00,,,1.0000,0.0000,0,0.00,0.00,0.0000,0.00,0.0000,1.0000,7805.7,28112.0,3906
token_passing,warehouse_single_dock,burst_20pct,random,40,44,false,0.2300,115,0.0057,0.4083,0.5200,0.2618,,1.00,,,0.8000,-38.5027,13370,0.00,1.00,22124.6667,0.00,0.2000,0.7951,9106.5,31574.0,4553
token_passing,warehouse_single_dock,burst_20pct,random,40,55,true,0.3880,194,0.0097,0.2058,1.0000,,0.00,0.00,,,1.0000,0.0000,0,0.00,0.00,0.0000,0.00,0.0000,1.0000,6066.9,17950.0,3036
token_passing,warehouse_single_dock,burst_20pct,random,40,55,false,0.3160,158,0.0079,0.2166,0.7722,0.2469,,1.00,,,0.8000,-18.5567,7754,0.00,1.00,21992.5000,107.00,0.2000,0.7924,4815.6,15805.0,2408
token_passing,warehouse_single_dock,burst_20pct,random,40,101,true,0.4320,216,0.0108,0.1877,1.0000,,0.00,0.00,,,1.0000,0.0000,0,0.00,0.00,0.0000,0.00,0.0000,1.0000,4999.9,22086.0,2504
token_passing,warehouse_single_dock,burst_20pct,random,40,101,false,0.2660,133,0.0066,0.3405,0.5389,0.3092,,1.00,,,0.8000,-38.4259,14310,0.00,1.00,26725.8333,8.00,0.2000,0.7940,7752.7,24418.0,3876
token_passing,warehouse_single_dock,burst_20pct,random,40,202,true,0.3980,199,0.0100,0.2070,1.0000,,0.00,0.00,,,1.0000,0.0000,0,0.00,0.00,0.0000,0.00,0.0000,1.0000,5935.9,33076.0,2971
token_passing,warehouse_single_dock,burst_20pct,random,40,202,false,0.2560,128,0.0064,0.3275,0.5644,0.2793,,1.00,,,0.8000,-35.6784,10872,0.00,1.00,24766.5000,0.00,0.2000,0.7943,7163.8,30716.0,3582
token_passing,warehouse_single_dock,burst_20pct,random,40,303,true,0.3900,195,0.0097,0.2077,1.0000,,0.00,0.00,,,1.0000,0.0000,0,0.00,0.00,0.0000,0.00,0.0000,1.0000,5854.4,85001.0,2933
token_passing,warehouse_single_dock,burst_20pct,random,40,303,false,0.3020,151,0.0076,0.2459,0.7250,0.2269,,1.00,,,0.8000,-22.5641,9488,0.00,1.00,18766.5000,0.00,0.2000,0.7928,5501.1,18612.0,2751
token_passing,warehouse_single_dock,burst_20pct,random,40,404,true,0.4120,206,0.0103,0.1891,1.0000,,0.00,0.00,,,1.0000,0.0000,0,0.00,0.00,0.0000,0.00,0.0000,1.0000,4988.7,19994.0,2497
token_passing,warehouse_single_dock,burst_20pct,random,40,404,false,0.3160,158,0.0079,0.2411,0.7303,0.2618,,1.00,,,0.8000,-23.3010,8316,0.00,1.00,21881.8333,0.00,0.2000,0.7919,5688.2,22589.0,2844
token_passing,warehouse_single_dock,burst_20pct,random,40,505,true,0.3820,191,0.0095,0.2548,1.0000,,0.00,0.00,,,1.0000,0.0000,0,0.00,0.00,0.0000,0.00,0.0000,1.0000,7217.0,59048.0,3611
token_passing,warehouse_single_dock,burst_20pct,random,40,505,false,0.2320,116,0.0058,0.4376,0.5098,0.2718,,1.00,,,0.8000,-39.2670,13926,0.00,1.00,20335.0000,22.00,0.2000,0.7951,10068.5,47414.0,5034
token_passing,warehouse_single_dock,burst_20pct,random,40,1111,true,0.3260,163,0.0081,0.3701,1.0000,,0.00,0.00,,,1.0000,0.0000,0,0.00,0.00,0.0000,0.00,0.0000,1.0000,10836.6,35033.0,5421
token_passing,warehouse_single_dock,burst_20pct,random,40,1111,false,0.3640,182,0.0091,0.1588,1.1450,0.1970,245.00,1.00,,347,0.8000,11.6564,1110,0.00,1.00,16716.0000,45.00,0.2000,0.7906,3559.8,47150.0,1780
token_passing,warehouse_single_dock,burst_20pct,random,40,2222,true,0.3760,188,0.0094,0.2558,1.0000,,0.00,0.00,,,1.0000,0.0000,0,0.00,0.00,0.0000,0.00,0.0000,1.0000,7297.4,19600.0,3652
token_passing,warehouse_single_dock,burst_20pct,random,40,2222,false,0.3360,168,0.0084,0.1890,0.8726,0.2469,,1.00,,,0.8000,-10.6383,5762,0.00,1.00,20368.5000,0.00,0.2000,0.7915,4181.2,16764.0,2091
token_passing,warehouse_single_dock,burst_20pct,random,40,3333,true,0.3280,164,0.0082,0.2949,1.0000,,0.00,0.00,,,1.0000,0.0000,0,0.00,0.00,0.0000,0.00,0.0000,1.0000,8106.1,27795.0,4057
token_passing,warehouse_single_dock,burst_20pct,random,40,3333,false,0.2440,122,0.0061,0.3950,0.6842,0.2145,,1.00,,,0.8000,-25.6098,8143,0.00,1.00,17241.7500,47.00,0.2000,0.7943,8811.8,31468.0,4406
token_passing,warehouse_single_dock,burst_20pct,random,40,4444,true,0.3780,189,0.0095,0.2493,1.0000,,0.00,0.00,,,1.0000,0.0000,0,0.00,0.00,0.0000,0.00,0.0000,1.0000,7430.1,27780.0,3718
token_passing,warehouse_single_dock,burst_20pct,random,40,4444,false,0.2020,101,0.0050,0.4859,0.4133,0.2594,,1.00,,,0.8000,-46.5608,16015,0.00,1.00,21563.0000,0.00,0.2000,0.7961,11238.1,32434.0,5619
token_passing,warehouse_single_dock,burst_20pct,random,40,5555,true,0.3860,193,0.0097,0.2210,1.0000,,0.00,0.00,,,1.0000,0.0000,0,0.00,0.00,0.0000,0.00,0.0000,1.0000,6308.8,18435.0,3157
token_passing,warehouse_single_dock,burst_20pct,random,40,5555,false,0.3080,154,0.0077,0.2595,0.7562,0.2718,,1.00,,,0.8000,-20.2073,8548,0.00,1.00,21798.6667,14.00,0.2000,0.7925,6312.9,72513.0,3156
token_passing,warehouse_single_dock,burst_20pct,random,40,10000,true,0.3980,199,0.0100,0.2116,1.0000,,0.00,0.00,,,1.0000,0.0000,0,0.00,0.00,0.0000,0.00,0.0000,1.0000,6022.1,18457.0,3014
token_passing,warehouse_single_dock,burst_20pct,random,40,10000,false,0.3320,166,0.0083,0.1890,0.8036,0.2519,,1.00,,,0.8000,-16.5829,8067,0.00,1.00,20711.0000,0.00,0.2000,0.7916,4455.3,15979.0,2228
token_passing,warehouse_single_dock,burst_20pct,random,40,20000,true,0.3860,193,0.0097,0.2083,1.0000,,0.00,0.00,,,1.0000,0.0000,0,0.00,0.00,0.0000,0.00,0.0000,1.0000,5756.9,28629.0,2881
token_passing,warehouse_single_dock,burst_20pct,random,40,20000,false,0.2260,113,0.0056,0.3776,0.5092,0.2618,,1.00,,,0.8000,-41.4508,12606,0.00,1.00,23396.8333,0.00,0.2000,0.7948,8070.7,23643.0,4035
token_passing,warehouse_single_dock,burst_20pct,random,40,30000,true,0.3920,196,0.0098,0.2152,1.0000,,0.00,0.00,,,1.0000,0.0000,0,0.00,0.00,0.0000,0.00,0.0000,1.0000,5947.3,18937.0,2976
token_passing,warehouse_single_dock,burst_20pct,random,40,30000,false,0.2020,101,0.0050,0.4562,0.4277,0.2868,,1.00,,,0.8000,-48.4694,14580,0.00,1.00,25345.0000,0.00,0.2000,0.7956,5926.0,22219.0,2964
token_passing,warehouse_single_dock,burst_20pct,random,40,40000,true,0.4320,216,0.0108,0.1809,1.0000,,0.00,0.00,,,1.0000,0.0000,0,0.00,0.00,0.0000,0.00,0.0000,1.0000,4707.7,14047.0,2357
token_passing,warehouse_single_dock,burst_20pct,random,40,40000,false,0.2000,100,0.0050,0.5009,0.3661,0.3192,,2.00,,,0.8000,-53.7037,19999,0.00,1.00,27671.0000,0.00,0.2000,0.7958,10545.8,42178.0,5273
token_passing,warehouse_single_dock,burst_20pct,random,40,50000,true,0.3980,199,0.0100,0.1921,1.0000,,0.00,0.00,,,1.0000,0.0000,0,0.00,0.00,0.0000,0.00,0.0000,1.0000,5372.7,16588.0,2689
token_passing,warehouse_single_dock,burst_20pct,random,40,50000,false,0.1260,63,0.0032,0.6164,0.1953,0.2943,,1.00,,,0.8000,-68.3417,23941,0.00,1.00,25658.5000,0.00,0.2000,0.7979,14060.9,87884.0,7030
token_passing,warehouse_single_dock,burst_20pct,closest,40,42,true,0.3940,197,0.0098,0.2453,1.0000,,0.00,0.00,,,1.0000,0.0000,0,0.00,0.00,0.0000,0.00,0.0000,1.0000,7257.0,54916.0,3631
token_passing,warehouse_single_dock,burst_20pct,closest,40,42,false,0.3540,177,0.0089,0.1930,0.8726,0.2244,,1.00,,,0.8000,-10.1523,4821,0.00,1.00,19326.0000,0.00,0.2000,0.7915,4259.5,12753.0,2130
token_passing,warehouse_single_dock,burst_20pct,closest,40,123,true,0.4440,222,0.0111,0.1882,1.0000,,0.00,0.00,,,1.0000,0.0000,0,0.00,0.00,0.0000,0.00,0.0000,1.0000,5038.4,23192.0,2525
token_passing,warehouse_single_dock,burst_20pct,closest,40,123,false,0.2620,131,0.0066,0.4166,0.4944,0.2818,,1.00,,,0.8000,-40.9910,11705,0.00,1.00,26484.5000,0.00,0.2000,0.7945,4734.7,18978.0,2367
token_passing,warehouse_single_dock,burst_20pct,closest,40,456,true,0.4260,213,0.0106,0.2081,1.0000,,0.00,0.00,,,1.0000,0.0000,0,0.00,0.00,0.0000,0.00,0.0000,1.0000,5818.3,24640.0,2912
token_passing,warehouse_single_dock,burst_20pct,closest,40,456,false,0.2960,148,0.0074,0.3507,0.6307,0.2718,,1.00,,,0.8000,-30.5164,11422,0.00,1.00,24077.5000,26.00,0.2000,0.7931,7544.4,20437.0,3772
token_passing,warehouse_single_dock,burst_20pct,closest,40,789,true,0.4000,200,0.0100,0.2041,1.0000,,0.00,0.00,,,1.0000,0.0000,0,0.00,0.00,0.0000,0.00,0.0000,1.0000,5497.7,16803.0,2752
token_passing,warehouse_single_dock,burst_20pct,closest,40,789,false,0.2320,116,0.0058,0.4273,0.4970,0.2743,,1.00,,,0.8000,-42.0000,16503,0.00,1.00,22337.0000,98.00,0.2000,0.7948,5851.6,21672.0,2926
token_passing,warehouse_single_dock,burst_20pct,closest,40,1024,true,0.2060,103,0.0052,0.5541,1.0000,,0.00,0.00,,,1.0000,0.0000,0,0.00,0.00,0.0000,0.00,0.0000,1.0000,16653.1,43925.0,8330
token_passing,warehouse_single_dock,burst_20pct,closest,40,1024,false,0.2020,101,0.0050,0.4910,0.9683,0.1072,,1.00,,,0.8000,-1.9417,1623,0.00,1.00,6612.0000,0.00,0.2000,0.7962,11739.1,31022.0,5870
token_passing,warehouse_single_dock,burst_20pct,closest,40,2048,true,0.3960,198,0.0099,0.2648,1.0000,,0.00,0.00,,,1.0000,0.0000,0,0.00,0.00,0.0000,0.00,0.0000,1.0000,6949.2,22567.0,3478
token_passing,warehouse_single_dock,burst_20pct,closest,40,2048,false,0.2920,146,0.0073,0.3365,0.6579,0.2618,,2.00,,,0.8000,-26.2626,9761,0.00,1.00,21425.8333,48.00,0.2000,0.7938,6621.9,19201.0,3311
token_passing,warehouse_single_dock,burst_20pct,closest,40,3141,true,0.4100,205,0.0103,0.1944,1.0000,,0.00,0.00,,,1.0000,0.0000,0,0.00,0.00,0.0000,0.00,0.0000,1.0000,5447.0,18891.0,2727
token_passing,warehouse_single_dock,burst_20pct,closest,40,3141,false,0.3580,179,0.0089,0.1528,0.8405,0.2145,,1.00,,,0.8000,-12.6829,6020,0.00,1.00,19616.0000,0.00,0.2000,0.7915,3392.8,11065.0,1696
token_passing,warehouse_single_dock,burst_20pct,closest,40,9999,true,0.4040,202,0.0101,0.2078,1.0000,,0.00,0.00,,,1.0000,0.0000,0,0.00,0.00,0.0000,0.00,0.0000,1.0000,6245.0,71553.0,3130
token_passing,warehouse_single_dock,burst_20pct,closest,40,9999,false,0.3440,172,0.0086,0.1787,0.8137,0.2544,,1.00,,,0.8000,-14.8515,8181,0.00,1.00,20469.2500,46.00,0.2000,0.7918,4149.2,23521.0,2075
token_passing,warehouse_single_dock,burst_20pct,closest,40,1337,true,0.4240,212,0.0106,0.1946,1.0000,,0.00,0.00,,,1.0000,0.0000,0,0.00,0.00,0.0000,0.00,0.0000,1.0000,5340.1,20680.0,2673
token_passing,warehouse_single_dock,burst_20pct,closest,40,1337,false,0.2400,120,0.0060,0.4011,0.4831,0.3167,,1.00,,,0.8000,-43.3962,13695,0.00,1.00,27812.0000,0.00,0.2000,0.7946,9187.7,29664.0,4594
token_passing,warehouse_single_dock,burst_20pct,closest,40,7777,true,0.3840,192,0.0096,0.3004,1.0000,,0.00,0.00,,,1.0000,0.0000,0,0.00,0.00,0.0000,0.00,0.0000,1.0000,8300.7,26494.0,4153
token_passing,warehouse_single_dock,burst_20pct,closest,40,7777,false,0.3800,190,0.0095,0.1903,0.9859,0.1995,,1.00,,,0.8000,-1.0417,4541,0.00,1.00,15072.1667,4.00,0.2000,0.7913,4355.1,17586.0,2178
token_passing,warehouse_single_dock,burst_20pct,closest,40,11,true,0.1820,91,0.0046,0.6349,1.0000,,0.00,0.00,,,1.0000,0.0000,0,0.00,0.00,0.0000,0.00,0.0000,1.0000,18093.6,73764.0,9054
token_passing,warehouse_single_dock,burst_20pct,closest,40,11,false,0.1620,81,0.0040,0.6030,0.8148,0.1047,,1.00,,,0.8000,-10.9890,2150,0.00,1.00,7544.5000,0.00,0.2000,0.7973,15352.1,36718.0,7676
token_passing,warehouse_single_dock,burst_20pct,closest,40,22,true,0.3960,198,0.0099,0.2698,1.0000,,0.00,0.00,,,1.0000,0.0000,0,0.00,0.00,0.0000,0.00,0.0000,1.0000,7842.4,27009.0,3924
token_passing,warehouse_single_dock,burst_20pct,closest,40,22,false,0.3380,169,0.0084,0.2567,0.8054,0.2469,,1.00,,,0.8000,-14.6465,7326,0.00,1.00,21196.5000,0.00,0.2000,0.7925,5699.2,25153.0,2850
token_passing,warehouse_single_dock,burst_20pct,closest,40,33,true,0.2520,126,0.0063,0.5187,1.0000,,0.00,0.00,,,1.0000,0.0000,0,0.00,0.00,0.0000,0.00,0.0000,1.0000,15214.3,42939.0,7611
token_passing,warehouse_single_dock,burst_20pct,closest,40,33,false,0.2420,121,0.0060,0.4439,0.9457,0.1521,,1.00,,,0.8000,-3.9683,2984,0.00,1.00,10682.0000,0.00,0.2000,0.7946,9827.7,41252.0,4914
token_passing,warehouse_single_dock,burst_20pct,closest,40,44,true,0.3860,193,0.0097,0.2580,1.0000,,0.00,0.00,,,1.0000,0.0000,0,0.00,0.00,0.0000,0.00,0.0000,1.0000,7642.5,35891.0,3827
token_passing,warehouse_single_dock,burst_20pct,closest,40,44,false,0.3320,166,0.0083,0.2466,0.8212,0.2045,,1.00,,,0.8000,-13.9896,6551,0.00,1.00,19133.8333,0.00,0.2000,0.7923,5053.0,15068.0,2527
token_passing,warehouse_single_dock,burst_20pct,closest,40,55,true,0.3980,199,0.0100,0.2380,1.0000,,0.00,0.00,,,1.0000,0.0000,0,0.00,0.00,0.0000,0.00,0.0000,1.0000,6837.1,17917.0,3422
token_passing,warehouse_single_dock,burst_20pct,closest,40,55,false,0.2080,104,0.0052,0.5170,0.3949,0.2693,,1.00,,,0.8000,-47.7387,16330,0.00,1.00,23894.8333,0.00,0.2000,0.7961,12694.9,31661.0,6347
token_passing,warehouse_single_dock,burst_20pct,closest,40,101,true,0.4220,211,0.0106,0.2269,1.0000,,0.00,0.00,,,1.0000,0.0000,0,0.00,0.00,0.0000,0.00,0.0000,1.0000,6564.2,26857.0,3288
token_passing,warehouse_single_dock,burst_20pct,closest,40,101,false,0.3320,166,0.0083,0.2448,0.7321,0.2219,,1.00,,,0.8000,-21.3270,7134,0.00,1.00,19765.0000,0.00,0.2000,0.7923,5680.8,22909.0,2840
token_passing,warehouse_single_dock,burst_20pct,closest,40,202,true,0.4340,217,0.0109,0.1583,1.0000,,0.00,0.00,,,1.0000,0.0000,0,0.00,0.00,0.0000,0.00,0.0000,1.0000,4514.2,31807.0,2262
token_passing,warehouse_single_dock,burst_20pct,closest,40,202,false,0.2740,137,0.0069,0.3520,0.5429,0.2918,,1.00,,,0.8000,-36.8664,14554,0.00,1.00,25358.6667,0.00,0.2000,0.7941,7828.0,25451.0,3914
token_passing,warehouse_single_dock,burst_20pct,closest,40,303,true,0.3440,172,0.0086,0.3534,1.0000,,0.00,0.00,,,1.0000,0.0000,0,0.00,0.00,0.0000,0.00,0.0000,1.0000,11003.4,30246.0,5505
token_passing,warehouse_single_dock,burst_20pct,closest,40,303,false,0.3820,191,0.0095,0.1566,1.1439,0.2020,271.00,1.00,,373,0.8000,11.0465,1330,0.00,1.00,16614.3333,0.00,0.2000,0.7906,3478.4,12141.0,1739
token_passing,warehouse_single_dock,burst_20pct,closest,40,404,true,0.4180,209,0.0104,0.1986,1.0000,,0.00,0.00,,,1.0000,0.0000,0,0.00,0.00,0.0000,0.00,0.0000,1.0000,5795.3,15520.0,2901
token_passing,warehouse_single_dock,burst_20pct,closest,40,404,false,0.2340,117,0.0059,0.4010,0.4743,0.2793,,1.00,,,0.8000,-44.0191,14199,0.00,1.00,25627.0000,0.00,0.2000,0.7948,9635.1,32215.0,4818
token_passing,warehouse_single_dock,burst_20pct,closest,40,505,true,0.4600,230,0.0115,0.1775,1.0000,,0.00,0.00,,,1.0000,0.0000,0,0.00,0.00,0.0000,0.00,0.0000,1.0000,4907.8,19790.0,2458
token_passing,warehouse_single_dock,burst_20pct,closest,40,505,false,0.2120,106,0.0053,0.5177,0.3333,0.3092,,1.00,,,0.8000,-53.9130,21200,0.00,1.00,26837.5000,,0.2000,0.7961,9269.8,30806.0,4635
token_passing,warehouse_single_dock,burst_20pct,closest,40,1111,true,0.4280,214,0.0107,0.1961,1.0000,,0.00,0.00,,,1.0000,0.0000,0,0.00,0.00,0.0000,0.00,0.0000,1.0000,5477.0,18084.0,2742
token_passing,warehouse_single_dock,burst_20pct,closest,40,1111,false,0.1500,75,0.0037,0.6158,0.2191,0.3392,,1.00,,,0.8000,-64.9533,23827,0.00,1.00,29232.0000,34.00,0.2000,0.7976,13092.3,29333.0,6546
token_passing,warehouse_single_dock,burst_20pct,closest,40,2222,true,0.2340,117,0.0059,0.5284,1.0000,,0.00,0.00,,,1.0000,0.0000,0,0.00,0.00,0.0000,0.00,0.0000,1.0000,16787.8,45809.0,8397
token_passing,warehouse_single_dock,burst_20pct,closest,40,2222,false,0.2620,131,0.0066,0.3970,1.1772,0.1197,83.00,1.00,,195,0.8000,11.9658,262,0.00,1.00,8303.0000,0.00,0.2000,0.7942,9001.4,46709.0,4501
token_passing,warehouse_single_dock,burst_20pct,closest,40,3333,true,0.2880,144,0.0072,0.4135,1.0000,,0.00,0.00,,,1.0000,0.0000,0,0.00,0.00,0.0000,0.00,0.0000,1.0000,11246.1,29496.0,5626
token_passing,warehouse_single_dock,burst_20pct,closest,40,3333,false,0.2440,122,0.0061,0.4088,0.8000,0.1945,,1.00,,,0.8000,-15.2778,4620,0.00,1.00,14442.3333,46.00,0.2000,0.7945,9787.7,31337.0,4894
token_passing,warehouse_single_dock,burst_20pct,closest,40,4444,true,0.3700,185,0.0092,0.3043,1.0000,,0.00,0.00,,,1.0000,0.0000,0,0.00,0.00,0.0000,0.00,0.0000,1.0000,9245.2,26245.0,4628
token_passing,warehouse_single_dock,burst_20pct,closest,40,4444,false,0.3640,182,0.0091,0.1900,0.9778,0.1845,,1.00,,,0.8000,-1.6216,4542,0.00,1.00,15348.5000,0.00,0.2000,0.7918,4432.1,17827.0,2216
token_passing,warehouse_single_dock,burst_20pct,closest,40,5555,true,0.3100,155,0.0077,0.4187,1.0000,,0.00,0.00,,,1.0000,0.0000,0,0.00,0.00,0.0000,0.00,0.0000,1.0000,12964.8,39020.0,6485
token_passing,warehouse_single_dock,burst_20pct,closest,40,5555,false,0.2560,128,0.0064,0.3982,0.7611,0.1671,,1.00,,,0.8000,-17.4194,6423,0.00,1.00,11569.6667,54.00,0.2000,0.7946,8732.2,35639.0,4366
token_passing,warehouse_single_dock,burst_20pct,closest,40,10000,true,0.4240,212,0.0106,0.2081,1.0000,,0.00,0.00,,,1.0000,0.0000,0,0.00,0.00,0.0000,0.00,0.0000,1.0000,6044.4,20120.0,3026
token_passing,warehouse_single_dock,burst_20pct,closest,40,10000,false,0.3340,167,0.0083,0.2443,0.7414,0.2469,,1.00,,,0.8000,-21.2264,8311,0.00,1.00,20699.1667,0.00,0.2000,0.7920,5563.4,18904.0,2782
token_passing,warehouse_single_dock,burst_20pct,closest,40,20000,true,0.3980,199,0.0100,0.2005,1.0000,,0.00,0.00,,,1.0000,0.0000,0,0.00,0.00,0.0000,0.00,0.0000,1.0000,5817.6,17430.0,2912
token_passing,warehouse_single_dock,burst_20pct,closest,40,20000,false,0.3520,176,0.0088,0.1525,0.8571,0.2469,,2.00,,,0.8000,-11.5578,5129,0.00,1.00,22379.3333,62.00,0.2000,0.7914,3365.9,12385.0,1683
token_passing,warehouse_single_dock,burst_20pct,closest,40,30000,true,0.3480,174,0.0087,0.3087,1.0000,,0.00,0.00,,,1.0000,0.0000,0,0.00,0.00,0.0000,0.00,0.0000,1.0000,9626.2,35146.0,4816
token_passing,warehouse_single_dock,burst_20pct,closest,40,30000,false,0.2040,102,0.0051,0.4696,0.4894,0.2469,,1.00,,,0.8000,-41.3793,10915,0.00,1.00,20722.3333,0.00,0.2000,0.7957,10880.4,28825.0,5440
token_passing,warehouse_single_dock,burst_20pct,closest,40,40000,true,0.4220,211,0.0106,0.1840,1.0000,,0.00,0.00,,,1.0000,0.0000,0,0.00,0.00,0.0000,0.00,0.0000,1.0000,5276.8,13551.0,2644
token_passing,warehouse_single_dock,burst_20pct,closest,40,40000,false,0.2040,102,0.0051,0.4930,0.3876,0.2768,,1.00,,,0.8000,-51.6588,17700,0.00,1.00,23664.5000,0.00,0.2000,0.7957,11761.2,32830.0,5881
token_passing,warehouse_single_dock,burst_20pct,closest,40,50000,true,0.3520,176,0.0088,0.3180,1.0000,,0.00,0.00,,,1.0000,0.0000,0,0.00,0.00,0.0000,0.00,0.0000,1.0000,10019.3,34930.0,5013
token_passing,warehouse_single_dock,burst_20pct,closest,40,50000,false,0.2600,130,0.0065,0.3990,0.6541,0.2020,,1.00,,,0.8000,-26.1364,9113,0.00,1.00,15555.5000,0.00,0.2000,0.7946,9400.3,28616.0,4700
token_passing,warehouse_single_dock,burst_50pct,random,40,42,true,0.2300,115,0.0057,0.4902,1.0000,,0.00,0.00,,,1.0000,0.0000,0,0.00,0.00,0.0000,0.00,0.0000,1.0000,14359.9,51295.0,7185
token_passing,warehouse_single_dock,burst_50pct,random,40,42,false,0.1780,89,0.0044,0.3378,0.7045,0.1696,,2.00,,,0.5000,-22.6087,9903,0.00,1.00,8875.5000,65.00,0.5000,0.4961,5422.8,22928.0,2711
token_passing,warehouse_single_dock,burst_50pct,random,40,123,true,0.3680,184,0.0092,0.2485,1.0000,,0.00,0.00,,,1.0000,0.0000,0,0.00,0.00,0.0000,0.00,0.0000,1.0000,6967.9,23927.0,3487
token_passing,warehouse_single_dock,burst_50pct,random,40,123,false,0.2180,109,0.0054,0.2357,0.5033,0.2569,,1.00,,,0.5000,-40.7609,16600,0.00,1.00,20458.0000,0.00,0.5000,0.4953,3469.6,12665.0,1735
token_passing,warehouse_single_dock,burst_50pct,random,40,456,true,0.2260,113,0.0056,0.5146,1.0000,,0.00,0.00,,,1.0000,0.0000,0,0.00,0.00,0.0000,0.00,0.0000,1.0000,15598.5,44807.0,7802
token_passing,warehouse_single_dock,burst_50pct,random,40,456,false,0.1840,92,0.0046,0.3422,0.7237,0.1322,,1.00,,,0.5000,-18.5841,8198,0.00,1.00,6580.6667,0.00,0.5000,0.4966,3714.8,17966.0,1857
token_passing,warehouse_single_dock,burst_50pct,random,40,789,true,0.3660,183,0.0092,0.2867,1.0000,,0.00,0.00,,,1.0000,0.0000,0,0.00,0.00,0.0000,0.00,0.0000,1.0000,8203.6,36544.0,4106
token_passing,warehouse_single_dock,burst_50pct,random,40,789,false,0.0860,43,0.0022,0.6258,0.1139,0.3067,,1.00,,,0.5000,-76.5027,23676,0.00,1.00,27305.0000,0.00,0.5000,0.4989,10666.4,36775.0,5333
token_passing,warehouse_single_dock,burst_50pct,random,40,1024,true,0.3940,197,0.0098,0.2041,1.0000,,0.00,0.00,,,1.0000,0.0000,0,0.00,0.00,0.0000,0.00,0.0000,1.0000,5543.5,15626.0,2775
token_passing,warehouse_single_dock,burst_50pct,random,40,1024,false,0.1920,96,0.0048,0.2192,0.3841,0.2943,,1.00,,,0.5000,-51.2690,18416,0.00,1.00,24423.0000,133.00,0.5000,0.4961,2340.3,11283.0,1170
token_passing,warehouse_single_dock,burst_50pct,random,40,2048,true,0.4060,203,0.0101,0.1845,1.0000,,0.00,0.00,,,1.0000,0.0000,0,0.00,0.00,0.0000,0.00,0.0000,1.0000,4848.7,15410.0,2427
token_passing,warehouse_single_dock,burst_50pct,random,40,2048,false,0.2460,123,0.0062,0.2007,0.5122,0.2718,,1.00,,,0.5000,-39.4089,15291,0.00,1.00,22553.0000,0.00,0.5000,0.4948,2405.1,10657.0,1202
token_passing,warehouse_single_dock,burst_50pct,random,40,3141,true,0.3960,198,0.0099,0.1970,1.0000,,0.00,0.00,,,1.0000,0.0000,0,0.00,0.00,0.0000,0.00,0.0000,1.0000,5436.5,43015.0,2721
token_passing,warehouse_single_dock,burst_50pct,random,40,3141,false,0.1660,83,0.0042,0.3526,0.2945,0.3042,,1.00,,,0.5000,-58.0808,21550,0.00,1.00,25870.6667,0.00,0.5000,0.4970,5249.1,19466.0,2625
token_passing,warehouse_single_dock,burst_50pct,random,40,9999,true,0.3800,190,0.0095,0.2347,1.0000,,0.00,0.00,,,1.0000,0.0000,0,0.00,0.00,0.0000,0.00,0.0000,1.0000,6843.0,26821.0,3425
token_passing,warehouse_single_dock,burst_50pct,random,40,9999,false,0.1680,84,0.0042,0.3506,0.3457,0.2868,,1.00,,,0.5000,-55.7895,19885,0.00,1.00,24917.5000,,0.5000,0.4965,5227.2,16056.0,2614
token_passing,warehouse_single_dock,burst_50pct,random,40,1337,true,0.4040,202,0.0101,0.1675,1.0000,,0.00,0.00,,,1.0000,0.0000,0,0.00,0.00,0.0000,0.00,0.0000,1.0000,4616.0,15350.0,2311
token_passing,warehouse_single_dock,burst_50pct,random,40,1337,false,0.1260,63,0.0032,0.4708,0.1824,0.3142,,1.00,,,0.5000,-68.8119,25273,0.00,1.00,26471.0000,,0.5000,0.4981,6899.6,20963.0,3450
token_passing,warehouse_single_dock,burst_50pct,random,40,7777,true,0.3520,176,0.0088,0.2875,1.0000,,0.00,0.00,,,1.0000,0.0000,0,0.00,0.00,0.0000,0.00,0.0000,1.0000,8303.8,32740.0,4155
token_passing,warehouse_single_dock,burst_50pct,random,40,7777,false,0.1260,63,0.0032,0.5452,0.1929,0.2793,,2.00,,,0.5000,-64.2045,25718,0.00,1.00,19021.5000,,0.5000,0.4983,8687.6,24504.0,4344
token_passing,warehouse_single_dock,burst_50pct,random,40,11,true,0.2200,110,0.0055,0.5314,1.0000,,0.00,0.00,,,1.0000,0.0000,0,0.00,0.00,0.0000,0.00,0.0000,1.0000,16143.8,38366.0,8075
token_passing,warehouse_single_dock,burst_50pct,random,40,11,false,0.1260,63,0.0032,0.5316,0.3733,0.1471,,1.00,,,0.5000,-42.7273,11926,0.00,1.00,8739.5000,0.00,0.5000,0.4983,7804.4,18956.0,3902
token_passing,warehouse_single_dock,burst_50pct,random,40,22,true,0.4060,203,0.0101,0.1937,1.0000,,0.00,0.00,,,1.0000,0.0000,0,0.00,0.00,0.0000,0.00,0.0000,1.0000,5294.6,17573.0,2650
token_passing,warehouse_single_dock,burst_50pct,random,40,22,false,0.2160,108,0.0054,0.2262,0.4444,0.3042,,1.00,,,0.5000,-46.7980,16389,0.00,1.00,25911.8333,271.00,0.5000,0.4953,3493.7,17019.0,1747
token_passing,warehouse_single_dock,burst_50pct,random,40,33,true,0.1240,62,0.0031,0.7247,1.0000,,0.00,0.00,,,1.0000,0.0000,0,0.00,0.00,0.0000,0.00,0.0000,1.0000,23112.3,68908.0,11559
token_passing,warehouse_single_dock,burst_50pct,random,40,33,false,0.0980,49,0.0024,0.6202,0.6176,0.0698,,1.00,,,0.5000,-20.9677,5192,0.00,1.00,2226.0000,139.00,0.5000,0.4987,6941.5,25554.0,3471
token_passing,warehouse_single_dock,burst_50pct,random,40,44,true,0.3740,187,0.0094,0.2641,1.0000,,0.00,0.00,,,1.0000,0.0000,0,0.00,0.00,0.0000,0.00,0.0000,1.0000,7805.7,28112.0,3906
token_passing,warehouse_single_dock,burst_50pct,random,40,44,false,0.1780,89,0.0044,0.3431,0.3467,0.2993,,1.00,,,0.5000,-52.4064,20848,0.00,1.00,23634.5000,385.00,0.5000,0.4968,4885.0,15516.0,2442
token_passing,warehouse_single_dock,burst_50pct,random,40,55,true,0.3880,194,0.0097,0.2058,1.0000,,0.00,0.00,,,1.0000,0.0000,0,0.00,0.00,0.0000,0.00,0.0000,1.0000,6066.9,17950.0,3036
token_passing,warehouse_single_dock,burst_50pct,random,40,55,false,0.1660,83,0.0042,0.4031,0.2975,0.2993,,1.00,,,0.5000,-57.2165,20937,0.00,1.00,23965.0000,,0.5000,0.4971,4947.6,15900.0,2474
token_passing,warehouse_single_dock,burst_50pct,random,40,101,true,0.4320,216,0.0108,0.1877,1.0000,,0.00,0.00,,,1.0000,0.0000,0,0.00,0.00,0.0000,0.00,0.0000,1.0000,4999.9,22086.0,2504
token_passing,warehouse_single_dock,burst_50pct,random,40,101,false,0.1580,79,0.0040,0.4150,0.2389,0.3342,,1.00,,,0.5000,-63.4259,24074,0.00,1.00,28436.0000,,0.5000,0.4973,3509.5,16794.0,1755
token_passing,warehouse_single_dock,burst_50pct,random,40,202,true,0.3980,199,0.0100,0.2070,1.0000,,0.00,0.00,,,1.0000,0.0000,0,0.00,0.00,0.0000,0.00,0.0000,1.0000,5935.9,33076.0,2971
token_passing,warehouse_single_dock,burst_50pct,random,40,202,false,0.1880,94,0.0047,0.3013,0.3558,0.3117,,1.00,,,0.5000,-52.7638,20986,0.00,1.00,25138.8333,0.00,0.5000,0.4964,1692.4,7988.0,846
token_passing,warehouse_single_dock,burst_50pct,random,40,303,true,0.3900,195,0.0097,0.2077,1.0000,,0.00,0.00,,,1.0000,0.0000,0,0.00,0.00,0.0000,0.00,0.0000,1.0000,5854.4,85001.0,2933
token_passing,warehouse_single_dock,burst_50pct,random,40,303,false,0.2080,104,0.0052,0.2450,0.4312,0.2718,,1.00,,,0.5000,-46.6667,19618,0.00,1.00,21182.5000,0.00,0.5000,0.4957,1727.3,12441.0,864
token_passing,warehouse_single_dock,burst_50pct,random,40,404,true,0.4120,206,0.0103,0.1891,1.0000,,0.00,0.00,,,1.0000,0.0000,0,0.00,0.00,0.0000,0.00,0.0000,1.0000,4988.7,19994.0,2497
token_passing,warehouse_single_dock,burst_50pct,random,40,404,false,0.1160,58,0.0029,0.5119,0.1685,0.3416,,1.00,,,0.5000,-71.8447,26882,0.00,1.00,27977.6667,155.00,0.5000,0.4981,7586.8,22589.0,3793
token_passing,warehouse_single_dock,burst_50pct,random,40,505,true,0.3820,191,0.0095,0.2548,1.0000,,0.00,0.00,,,1.0000,0.0000,0,0.00,0.00,0.0000,0.00,0.0000,1.0000,7217.0,59048.0,3611
token_passing,warehouse_single_dock,burst_50pct,random,40,505,false,0.1600,80,0.0040,0.4346,0.2745,0.2868,,1.00,,,0.5000,-58.1152,23185,0.00,1.00,21398.5000,311.00,0.5000,0.4974,7140.3,50158.0,3570
token_passing,warehouse_single_dock,burst_50pct,random,40,1111,true,0.3260,163,0.0081,0.3701,1.0000,,0.00,0.00,,,1.0000,0.0000,0,0.00,0.00,0.0000,0.00,0.0000,1.0000,10836.6,35033.0,5421
token_passing,warehouse_single_dock,burst_50pct,random,40,1111,false,0.2040,102,0.0051,0.2265,0.5344,0.2294,,1.00,,,0.5000,-37.4233,12377,0.00,1.00,18266.5000,59.00,0.5000,0.4956,3816.0,15770.0,1908
token_passing,warehouse_single_dock,burst_50pct,random,40,2222,true,0.3760,188,0.0094,0.2558,1.0000,,0.00,0.00,,,1.0000,0.0000,0,0.00,0.00,0.0000,0.00,0.0000,1.0000,7297.4,19600.0,3652
token_passing,warehouse_single_dock,burst_50pct,random,40,2222,false,0.0920,46,0.0023,0.6301,0.0955,0.3342,,1.00,,,0.5000,-75.5319,27300,0.00,1.00,26410.0000,0.00,0.5000,0.4991,9620.1,22472.0,4810
token_passing,warehouse_single_dock,burst_50pct,random,40,3333,true,0.3280,164,0.0082,0.2949,1.0000,,0.00,0.00,,,1.0000,0.0000,0,0.00,0.00,0.0000,0.00,0.0000,1.0000,8106.1,27795.0,4057
token_passing,warehouse_single_dock,burst_50pct,random,40,3333,false,0.1860,93,0.0046,0.3143,0.4662,0.2344,,1.00,,,0.5000,-43.2927,16005,0.00,1.00,17616.5000,91.00,0.5000,0.4961,4106.3,12792.0,2053
token_passing,warehouse_single_dock,burst_50pct,random,40,4444,true,0.3780,189,0.0095,0.2493,1.0000,,0.00,0.00,,,1.0000,0.0000,0,0.00,0.00,0.0000,0.00,0.0000,1.0000,7430.1,27780.0,3718
token_passing,warehouse_single_dock,burst_50pct,random,40,4444,false,0.1240,62,0.0031,0.5340,0.1533,0.2943,,1.00,,,0.5000,-67.1958,25424,0.00,1.00,22997.0000,0.00,0.5000,0.4986,7916.8,35587.0,3958
token_passing,warehouse_single_dock,burst_50pct,random,40,5555,true,0.3860,193,0.0097,0.2210,1.0000,,0.00,0.00,,,1.0000,0.0000,0,0.00,0.00,0.0000,0.00,0.0000,1.0000,6308.8,18435.0,3157
token_passing,warehouse_single_dock,burst_50pct,random,40,5555,false,0.1420,71,0.0036,0.4618,0.2375,0.3342,,1.00,,,0.5000,-63.2124,22450,0.00,1.00,27385.5000,158.00,0.5000,0.4976,6758.8,18901.0,3379
token_passing,warehouse_single_dock,burst_50pct,random,40,10000,true,0.3980,199,0.0100,0.2116,1.0000,,0.00,0.00,,,1.0000,0.0000,0,0.00,0.00,0.0000,0.00,0.0000,1.0000,6022.1,18457.0,3014
token_passing,warehouse_single_dock,burst_50pct,random,40,10000,false,0.1440,72,0.0036,0.4783,0.2440,0.3142,,1.00,,,0.5000,-63.8191,25865,0.00,1.00,24404.0000,,0.5000,0.4974,4193.5,13989.0,2097
token_passing,warehouse_single_dock,burst_50pct,random,40,20000,true,0.3860,193,0.0097,0.2083,1.0000,,0.00,0.00,,,1.0000,0.0000,0,0.00,0.00,0.0000,0.00,0.0000,1.0000,5756.9,28629.0,2881
token_passing,warehouse_single_dock,burst_50pct,random,40,20000,false,0.1100,55,0.0027,0.5258,0.1534,0.3067,,1.00,,,0.5000,-71.5026,25339,0.00,1.00,26027.0000,0.00,0.5000,0.4984,8457.1,22993.0,4229
token_passing,warehouse_single_dock,burst_50pct,random,40,30000,true,0.3920,196,0.0098,0.2152,1.0000,,0.00,0.00,,,1.0000,0.0000,0,0.00,0.00,0.0000,0.00,0.0000,1.0000,5947.3,18937.0,2976
token_passing,warehouse_single_dock,burst_50pct,random,40,30000,false,0.1720,86,0.0043,0.3495,0.3373,0.2768,,1.00,,,0.5000,-56.1224,19697,0.00,1.00,23495.0000,0.00,0.5000,0.4965,2829.2,25215.0,1415
token_passing,warehouse_single_dock,burst_50pct,random,40,40000,true,0.4320,216,0.0108,0.1809,1.0000,,0.00,0.00,,,1.0000,0.0000,0,0.00,0.00,0.0000,0.00,0.0000,1.0000,4707.7,14047.0,2357
token_passing,warehouse_single_dock,burst_50pct,random,40,40000,false,0.1300,65,0.0032,0.4964,0.1749,0.3491,,2.00,,,0.5000,-69.9074,29042,0.00,1.00,28793.0000,0.00,0.5000,0.4980,7298.2,20545.0,3649
token_passing,warehouse_single_dock,burst_50pct,random,40,50000,true,0.3980,199,0.0100,0.1921,1.0000,,0.00,0.00,,,1.0000,0.0000,0,0.00,0.00,0.0000,0.00,0.0000,1.0000,5372.7,16588.0,2689
token_passing,warehouse_single_dock,burst_50pct,random,40,50000,false,0.1180,59,0.0029,0.5274,0.1716,0.3067,,1.00,,,0.5000,-70.3518,26215,0.00,1.00,26016.0000,0.00,0.5000,0.4982,7084.3,18562.0,3542
token_passing,warehouse_single_dock,burst_50pct,closest,40,42,true,0.3940,197,0.0098,0.2453,1.0000,,0.00,0.00,,,1.0000,0.0000,0,0.00,0.00,0.0000,0.00,0.0000,1.0000,7257.0,54916.0,3631
token_passing,warehouse_single_dock,burst_50pct,closest,40,42,false,0.2300,115,0.0057,0.2610,0.4777,0.2618,,1.00,,,0.5000,-41.6244,16317,0.00,1.00,22500.5000,0.00,0.5000,0.4953,3594.2,10411.0,1797
token_passing,warehouse_single_dock,burst_50pct,closest,40,123,true,0.4440,222,0.0111,0.1882,1.0000,,0.00,0.00,,,1.0000,0.0000,0,0.00,0.00,0.0000,0.00,0.0000,1.0000,5038.4,23192.0,2525
token_passing,warehouse_single_dock,burst_50pct,closest,40,123,false,0.1740,87,0.0043,0.4417,0.2500,0.3092,,1.00,,,0.5000,-60.8108,23726,0.00,1.00,27118.5000,,0.5000,0.4972,1052.4,13786.0,526
token_passing,warehouse_single_dock,burst_50pct,closest,40,456,true,0.4260,213,0.0106,0.2081,1.0000,,0.00,0.00,,,1.0000,0.0000,0,0.00,0.00,0.0000,0.00,0.0000,1.0000,5818.3,24640.0,2912
token_passing,warehouse_single_dock,burst_50pct,closest,40,456,false,0.1540,77,0.0039,0.4962,0.2273,0.2993,,1.00,,,0.5000,-63.8498,25215,0.00,1.00,25890.5000,,0.5000,0.4975,7362.8,25444.0,3681
token_passing,warehouse_single_dock,burst_50pct,closest,40,789,true,0.4000,200,0.0100,0.2041,1.0000,,0.00,0.00,,,1.0000,0.0000,0,0.00,0.00,0.0000,0.00,0.0000,1.0000,5497.7,16803.0,2752
token_passing,warehouse_single_dock,burst_50pct,closest,40,789,false,0.0920,46,0.0023,0.6399,0.0778,0.3392,,1.00,,,0.5000,-77.0000,29786,0.00,1.00,27235.0000,,0.5000,0.4992,5535.7,14895.0,2768
token_passing,warehouse_single_dock,burst_50pct,closest,40,1024,true,0.2060,103,0.0052,0.5541,1.0000,,0.00,0.00,,,1.0000,0.0000,0,0.00,0.00,0.0000,0.00,0.0000,1.0000,16653.1,43925.0,8330
token_passing,warehouse_single_dock,burst_50pct,closest,40,1024,false,0.1860,93,0.0046,0.3375,0.8413,0.1147,,1.00,,,0.5000,-9.7087,5994,0.00,1.00,6417.0000,49.00,0.5000,0.4967,5562.8,15891.0,2781
token_passing,warehouse_single_dock,burst_50pct,closest,40,2048,true,0.3960,198,0.0099,0.2648,1.0000,,0.00,0.00,,,1.0000,0.0000,0,0.00,0.00,0.0000,0.00,0.0000,1.0000,6949.2,22567.0,3478
token_passing,warehouse_single_dock,burst_50pct,closest,40,2048,false,0.2000,100,0.0050,0.3376,0.3553,0.2743,,2.00,,,0.5000,-49.4949,19465,0.00,1.00,21778.0000,131.00,0.5000,0.4966,2219.2,14024.0,1110
token_passing,warehouse_single_dock,burst_50pct,closest,40,3141,true,0.4100,205,0.0103,0.1944,1.0000,,0.00,0.00,,,1.0000,0.0000,0,0.00,0.00,0.0000,0.00,0.0000,1.0000,5447.0,18891.0,2727
token_passing,warehouse_single_dock,burst_50pct,closest,40,3141,false,0.1600,80,0.0040,0.4455,0.2331,0.3042,,1.00,,,0.5000,-60.9756,23085,0.00,1.00,25814.0000,0.00,0.5000,0.4976,6303.7,18587.0,3152
token_passing,warehouse_single_dock,burst_50pct,closest,40,9999,true,0.4040,202,0.0101,0.2078,1.0000,,0.00,0.00,,,1.0000,0.0000,0,0.00,0.00,0.0000,0.00,0.0000,1.0000,6245.0,71553.0,3130
token_passing,warehouse_single_dock,burst_50pct,closest,40,9999,false,0.1860,93,0.0046,0.3540,0.3230,0.2893,,1.00,,,0.5000,-53.9604,23033,0.00,1.00,22442.0833,,0.5000,0.4968,5739.2,20472.0,2870
token_passing,warehouse_single_dock,burst_50pct,closest,40,1337,true,0.4240,212,0.0106,0.1946,1.0000,,0.00,0.00,,,1.0000,0.0000,0,0.00,0.00,0.0000,0.00,0.0000,1.0000,5340.1,20680.0,2673
token_passing,warehouse_single_dock,burst_50pct,closest,40,1337,false,0.2020,101,0.0050,0.2801,0.3764,0.3192,,2.00,,,0.5000,-52.3585,20426,0.00,1.00,26582.5000,141.00,0.5000,0.4958,3608.8,14526.0,1804
token_passing,warehouse_single_dock,burst_50pct,closest,40,7777,true,0.3840,192,0.0096,0.3004,1.0000,,0.00,0.00,,,1.0000,0.0000,0,0.00,0.00,0.0000,0.00,0.0000,1.0000,8300.7,26494.0,4153
token_passing,warehouse_single_dock,burst_50pct,closest,40,7777,false,0.1480,74,0.0037,0.5456,0.1690,0.2569,,1.00,,,0.5000,-61.4583,25580,0.00,1.00,19139.0000,4.00,0.5000,0.4985,8197.1,22782.0,4099
token_passing,warehouse_single_dock,burst_50pct,closest,40,11,true,0.1820,91,0.0046,0.6349,1.0000,,0.00,0.00,,,1.0000,0.0000,0,0.00,0.00,0.0000,0.00,0.0000,1.0000,18093.6,73764.0,9054
token_passing,warehouse_single_dock,burst_50pct,closest,40,11,false,0.1180,59,0.0029,0.5832,0.4074,0.1197,,1.00,,,0.5000,-35.1648,7388,0.00,1.00,7687.0000,0.00,0.5000,0.4986,9751.3,24458.0,4876
token_passing,warehouse_single_dock,burst_50pct,closest,40,22,true,0.3960,198,0.0099,0.2698,1.0000,,0.00,0.00,,,1.0000,0.0000,0,0.00,0.00,0.0000,0.00,0.0000,1.0000,7842.4,27009.0,3924
token_passing,warehouse_single_dock,burst_50pct,closest,40,22,false,0.2040,102,0.0051,0.3598,0.3557,0.2893,,2.00,,,0.5000,-48.4848,20678,0.00,1.00,22780.0000,264.00,0.5000,0.4967,4633.4,16753.0,2317
token_passing,warehouse_single_dock,burst_50pct,closest,40,33,true,0.2520,126,0.0063,0.5187,1.0000,,0.00,0.00,,,1.0000,0.0000,0,0.00,0.00,0.0000,0.00,0.0000,1.0000,15214.3,42939.0,7611
token_passing,warehouse_single_dock,burst_50pct,closest,40,33,false,0.1520,76,0.0038,0.5254,0.4565,0.1796,,1.00,,,0.5000,-39.6825,13220,0.00,1.00,11388.5000,0.00,0.5000,0.4974,6072.2,22164.0,3036
token_passing,warehouse_single_dock,burst_50pct,closest,40,44,true,0.3860,193,0.0097,0.2580,1.0000,,0.00,0.00,,,1.0000,0.0000,0,0.00,0.00,0.0000,0.00,0.0000,1.0000,7642.5,35891.0,3827
token_passing,warehouse_single_dock,burst_50pct,closest,40,44,false,0.2000,100,0.0050,0.2806,0.3841,0.2569,,1.00,,,0.5000,-48.1865,19750,0.00,1.00,21072.5000,0.00,0.5000,0.4964,3710.9,13029.0,1855
token_passing,warehouse_single_dock,burst_50pct,closest,40,55,true,0.3980,199,0.0100,0.2380,1.0000,,0.00,0.00,,,1.0000,0.0000,0,0.00,0.00,0.0000,0.00,0.0000,1.0000,6837.1,17917.0,3422
token_passing,warehouse_single_dock,burst_50pct,closest,40,55,false,0.1440,72,0.0036,0.5398,0.1911,0.3017,,1.00,,,0.5000,-63.8191,24035,0.00,1.00,24537.0000,0.00,0.5000,0.4981,7535.2,19931.0,3768
token_passing,warehouse_single_dock,burst_50pct,closest,40,101,true,0.4220,211,0.0106,0.2269,1.0000,,0.00,0.00,,,1.0000,0.0000,0,0.00,0.00,0.0000,0.00,0.0000,1.0000,6564.2,26857.0,3288
token_passing,warehouse_single_dock,burst_50pct,closest,40,101,false,0.2700,135,0.0067,0.1313,0.5476,0.2594,,1.00,,,0.5000,-36.0190,16891,0.00,1.00,21087.0000,294.00,0.5000,0.4943,1915.8,10094.0,958
token_passing,warehouse_single_dock,burst_50pct,closest,40,202,true,0.4340,217,0.0109,0.1583,1.0000,,0.00,0.00,,,1.0000,0.0000,0,0.00,0.00,0.0000,0.00,0.0000,1.0000,4514.2,31807.0,2262
token_passing,warehouse_single_dock,burst_50pct,closest,40,202,false,0.1780,89,0.0044,0.4054,0.2686,0.3142,,1.00,,,0.5000,-58.9862,25013,0.00,1.00,25457.0000,57.00,0.5000,0.4971,5155.2,15609.0,2578
token_passing,warehouse_single_dock,burst_50pct,closest,40,303,true,0.3440,172,0.0086,0.3534,1.0000,,0.00,0.00,,,1.0000,0.0000,0,0.00,0.00,0.0000,0.00,0.0000,1.0000,11003.4,30246.0,5505
token_passing,warehouse_single_dock,burst_50pct,closest,40,303,false,0.1700,85,0.0043,0.4175,0.3409,0.2319,,1.00,,,0.5000,-50.5814,16842,0.00,1.00,18911.3333,61.00,0.5000,0.4972,5894.8,20363.0,2947
token_passing,warehouse_single_dock,burst_50pct,closest,40,404,true,0.4180,209,0.0104,0.1986,1.0000,,0.00,0.00,,,1.0000,0.0000,0,0.00,0.00,0.0000,0.00,0.0000,1.0000,5795.3,15520.0,2901
token_passing,warehouse_single_dock,burst_50pct,closest,40,404,false,0.1520,76,0.0038,0.4293,0.2400,0.3167,,1.00,,,0.5000,-63.6364,22653,0.00,1.00,28339.5000,0.00,0.5000,0.4974,7063.1,19860.0,3531
token_passing,warehouse_single_dock,burst_50pct,closest,40,505,true,0.4600,230,0.0115,0.1775,1.0000,,0.00,0.00,,,1.0000,0.0000,0,0.00,0.00,0.0000,0.00,0.0000,1.0000,4907.8,19790.0,2458
token_passing,warehouse_single_dock,burst_50pct,closest,40,505,false,0.1700,85,0.0043,0.4500,0.2204,0.3342,,1.00,,,0.5000,-63.0435,27849,0.00,1.00,27818.0000,,0.5000,0.4974,6093.8,18350.0,3047
token_passing,warehouse_single_dock,burst_50pct,closest,40,1111,true,0.4280,214,0.0107,0.1961,1.0000,,0.00,0.00,,,1.0000,0.0000,0,0.00,0.00,0.0000,0.00,0.0000,1.0000,5477.0,18084.0,2742
token_passing,warehouse_single_dock,burst_50pct,closest,40,1111,false,0.1760,88,0.0044,0.3850,0.2921,0.3342,,1.00,,,0.5000,-58.8785,23082,0.00,1.00,28011.0000,265.00,0.5000,0.4968,3043.5,19341.0,1522
token_passing,warehouse_single_dock,burst_50pct,closest,40,2222,true,0.2340,117,0.0059,0.5284,1.0000,,0.00,0.00,,,1.0000,0.0000,0,0.00,0.00,0.0000,0.00,0.0000,1.0000,16787.8,45809.0,8397
token_passing,warehouse_single_dock,burst_50pct,closest,40,2222,false,0.1940,97,0.0049,0.3383,0.7468,0.1496,,2.00,,,0.5000,-17.0940,6617,0.00,1.00,9079.5000,0.00,0.5000,0.4963,5095.5,21254.0,2548
token_passing,warehouse_single_dock,burst_50pct,closest,40,3333,true,0.2880,144,0.0072,0.4135,1.0000,,0.00,0.00,,,1.0000,0.0000,0,0.00,0.00,0.0000,0.00,0.0000,1.0000,11246.1,29496.0,5626
token_passing,warehouse_single_dock,burst_50pct,closest,40,3333,false,0.1060,53,0.0027,0.6039,0.1727,0.2319,,1.00,,,0.5000,-63.1944,20221,0.00,1.00,16384.0000,,0.5000,0.4988,9288.3,66360.0,4644
token_passing,warehouse_single_dock,burst_50pct,closest,40,4444,true,0.3700,185,0.0092,0.3043,1.0000,,0.00,0.00,,,1.0000,0.0000,0,0.00,0.00,0.0000,0.00,0.0000,1.0000,9245.2,26245.0,4628
token_passing,warehouse_single_dock,burst_50pct,closest,40,4444,false,0.2180,109,0.0054,0.2961,0.4370,0.2419,,1.00,,,0.5000,-41.0811,15848,0.00,1.00,19205.5000,0.00,0.5000,0.4963,4350.8,24267.0,2175
token_passing,warehouse_single_dock,burst_50pct,closest,40,5555,true,0.3100,155,0.0077,0.4187,1.0000,,0.00,0.00,,,1.0000,0.0000,0,0.00,0.00,0.0000,0.00,0.0000,1.0000,12964.8,39020.0,6485
token_passing,warehouse_single_dock,burst_50pct,closest,40,5555,false,0.1860,93,0.0046,0.3897,0.4513,0.1970,,1.00,,,0.5000,-40.0000,17191,0.00,1.00,12083.0000,278.00,0.5000,0.4968,4415.2,13645.0,2208
token_passing,warehouse_single_dock,burst_50pct,closest,40,10000,true,0.4240,212,0.0106,0.2081,1.0000,,0.00,0.00,,,1.0000,0.0000,0,0.00,0.00,0.0000,0.00,0.0000,1.0000,6044.4,20120.0,3026
token_passing,warehouse_single_dock,burst_50pct,closest,40,10000,false,0.2240,112,0.0056,0.2590,0.4253,0.2968,,2.00,,,0.5000,-47.1698,21451,0.00,1.00,24257.8333,,0.5000,0.4954,2818.3,12260.0,1409
token_passing,warehouse_single_dock,burst_50pct,closest,40,20000,true,0.3980,199,0.0100,0.2005,1.0000,,0.00,0.00,,,1.0000,0.0000,0,0.00,0.00,0.0000,0.00,0.0000,1.0000,5817.6,17430.0,2912
token_passing,warehouse_single_dock,burst_50pct,closest,40,20000,false,0.1880,94,0.0047,0.3134,0.3478,0.2968,,2.00,,,0.5000,-52.7638,19954,0.00,1.00,25166.3333,,0.5000,0.4965,3525.9,13771.0,1763
token_passing,warehouse_single_dock,burst_50pct,closest,40,30000,true,0.3480,174,0.0087,0.3087,1.0000,,0.00,0.00,,,1.0000,0.0000,0,0.00,0.00,0.0000,0.00,0.0000,1.0000,9626.2,35146.0,4816
token_passing,warehouse_single_dock,burst_50pct,closest,40,30000,false,0.1560,78,0.0039,0.4390,0.3191,0.2718,,2.00,,,0.5000,-55.1724,17420,0.00,1.00,22293.5000,64.00,0.5000,0.4972,6278.0,19862.0,3139
token_passing,warehouse_single_dock,burst_50pct,closest,40,40000,true,0.4220,211,0.0106,0.1840,1.0000,,0.00,0.00,,,1.0000,0.0000,0,0.00,0.00,0.0000,0.00,0.0000,1.0000,5276.8,13551.0,2644
token_passing,warehouse_single_dock,burst_50pct,closest,40,40000,false,0.1980,99,0.0050,0.3555,0.3708,0.2818,,2.00,,,0.5000,-53.0806,21692,0.00,1.00,23928.5000,54.00,0.5000,0.4959,2998.6,14135.0,1499
token_passing,warehouse_single_dock,burst_50pct,closest,40,50000,true,0.3520,176,0.0088,0.3180,1.0000,,0.00,0.00,,,1.0000,0.0000,0,0.00,0.00,0.0000,0.00,0.0000,1.0000,10019.3,34930.0,5013
token_passing,warehouse_single_dock,burst_50pct,closest,40,50000,false,0.1880,94,0.0047,0.3907,0.3835,0.2494,,1.00,,,0.5000,-46.5909,17382,0.00,1.00,17940.0000,0.00,0.5000,0.4968,6486.1,32136.0,3243
token_passing,warehouse_single_dock,wear_medium,random,40,42,true,0.2300,115,0.0057,0.4902,1.0000,,0.00,0.00,,,1.0000,0.0000,0,0.00,0.00,0.0000,0.00,0.0000,1.0000,14359.9,51295.0,7185
token_passing,warehouse_single_dock,wear_medium,random,40,42,false,0.1620,81,0.0040,0.5370,0.6634,0.1655,,1.00,48.22,,0.7500,-29.5652,7815,0.00,1.00,12324.5000,0.00,0.2500,0.8267,8728.4,140677.0,4364
token_passing,warehouse_single_dock,wear_medium,random,40,123,true,0.3680,184,0.0092,0.2485,1.0000,,0.00,0.00,,,1.0000,0.0000,0,0.00,0.00,0.0000,0.00,0.0000,1.0000,6967.9,23927.0,3487
token_passing,warehouse_single_dock,wear_medium,random,40,123,false,0.3440,172,0.0086,0.1578,0.9137,0.1952,,1.00,21.41,,0.5500,-6.5217,1858,0.00,1.00,15586.6667,0.00,0.4500,0.8146,3817.7,18379.0,1909
token_passing,warehouse_single_dock,wear_medium,random,40,456,true,0.2260,113,0.0056,0.5146,1.0000,,0.00,0.00,,,1.0000,0.0000,0,0.00,0.00,0.0000,0.00,0.0000,1.0000,15598.5,44807.0,7802
token_passing,warehouse_single_dock,wear_medium,random,40,456,false,0.2080,104,0.0052,0.5126,0.7907,0.0892,,1.00,45.80,,0.8500,-7.9646,2712,0.00,1.00,2451.5000,0.00,0.1500,0.8850,14155.4,43384.0,7078
token_passing,warehouse_single_dock,wear_medium,random,40,789,true,0.3660,183,0.0092,0.2867,1.0000,,0.00,0.00,,,1.0000,0.0000,0,0.00,0.00,0.0000,0.00,0.0000,1.0000,8203.6,36544.0,4106
token_passing,warehouse_single_dock,wear_medium,random,40,789,false,0.1080,54,0.0027,0.6920,0.2037,0.2885,,1.00,89.50,,0.8750,-70.4918,20620,0.00,1.00,28961.0000,24.00,0.1250,0.9252,19627.3,36107.0,9814
token_passing,warehouse_single_dock,wear_medium,random,40,1024,true,0.3940,197,0.0098,0.2041,1.0000,,0.00,0.00,,,1.0000,0.0000,0,0.00,0.00,0.0000,0.00,0.0000,1.0000,5543.5,15626.0,2775
token_passing,warehouse_single_dock,wear_medium,random,40,1024,false,0.2420,121,0.0060,0.3284,0.6062,0.2532,,1.00,34.08,,0.6750,-38.5787,10673,0.00,1.00,31427.0000,0.00,0.3250,0.8167,7390.0,65381.0,3695
token_passing,warehouse_single_dock,wear_medium,random,40,2048,true,0.4060,203,0.0101,0.1845,1.0000,,0.00,0.00,,,1.0000,0.0000,0,0.00,0.00,0.0000,0.00,0.0000,1.0000,4848.7,15410.0,2427
token_passing,warehouse_single_dock,wear_medium,random,40,2048,false,0.2560,128,0.0064,0.3906,0.5833,0.2850,,1.00,43.89,,0.7500,-36.9458,10841,0.00,1.00,28204.8333,0.00,0.2500,0.8651,9070.5,56747.0,4535
token_passing,warehouse_single_dock,wear_medium,random,40,3141,true,0.3960,198,0.0099,0.1970,1.0000,,0.00,0.00,,,1.0000,0.0000,0,0.00,0.00,0.0000,0.00,0.0000,1.0000,5436.5,43015.0,2721
token_passing,warehouse_single_dock,wear_medium,random,40,3141,false,0.2420,121,0.0060,0.4081,0.5276,0.2544,,1.00,52.71,,0.8000,-38.8889,10318,0.00,1.00,24010.8333,0.00,0.2000,0.8752,10157.8,55508.0,5079
token_passing,warehouse_single_dock,wear_medium,random,40,9999,true,0.3800,190,0.0095,0.2347,1.0000,,0.00,0.00,,,1.0000,0.0000,0,0.00,0.00,0.0000,0.00,0.0000,1.0000,6843.0,26821.0,3425
token_passing,warehouse_single_dock,wear_medium,random,40,9999,false,0.2980,149,0.0074,0.2193,0.7092,0.2299,,1.00,17.47,,0.5000,-21.5789,3963,0.00,1.00,16606.0000,6.00,0.5000,0.7533,4651.6,23391.0,2326
token_passing,warehouse_single_dock,wear_medium,random,40,1337,true,0.4040,202,0.0101,0.1675,1.0000,,0.00,0.00,,,1.0000,0.0000,0,0.00,0.00,0.0000,0.00,0.0000,1.0000,4616.0,15350.0,2311
token_passing,warehouse_single_dock,wear_medium,random,40,1337,false,0.2880,144,0.0072,0.3113,0.5766,0.2500,,1.00,33.78,,0.7500,-28.7129,5529,0.00,1.00,15411.5000,0.00,0.2500,0.8549,7893.6,55800.0,3947
token_passing,warehouse_single_dock,wear_medium,random,40,7777,true,0.3520,176,0.0088,0.2875,1.0000,,0.00,0.00,,,1.0000,0.0000,0,0.00,0.00,0.0000,0.00,0.0000,1.0000,8303.8,32740.0,4155
token_passing,warehouse_single_dock,wear_medium,random,40,7777,false,0.3360,168,0.0084,0.2099,0.9385,0.1859,,1.00,25.54,,0.6500,-4.5455,3724,0.00,1.00,13699.5000,0.00,0.3500,0.8133,5042.8,15540.0,2521
token_passing,warehouse_single_dock,wear_medium,random,40,11,true,0.2200,110,0.0055,0.5314,1.0000,,0.00,0.00,,,1.0000,0.0000,0,0.00,0.00,0.0000,0.00,0.0000,1.0000,16143.8,38366.0,8075
token_passing,warehouse_single_dock,wear_medium,random,40,11,false,0.1600,80,0.0040,0.5741,0.5082,0.1293,,1.00,9.14,,0.8000,-27.2727,6097,0.00,1.00,5979.0000,0.00,0.2000,0.8152,14686.9,39375.0,7344
token_passing,warehouse_single_dock,wear_medium,random,40,22,true,0.4060,203,0.0101,0.1937,1.0000,,0.00,0.00,,,1.0000,0.0000,0,0.00,0.00,0.0000,0.00,0.0000,1.0000,5294.6,17573.0,2650
token_passing,warehouse_single_dock,wear_medium,random,40,22,false,0.2760,138,0.0069,0.2498,0.5423,0.2853,,1.00,18.72,,0.5000,-32.0197,7051,0.00,1.00,19884.8333,0.00,0.5000,0.7187,5520.8,27600.0,2760
token_passing,warehouse_single_dock,wear_medium,random,40,33,true,0.1240,62,0.0031,0.7247,1.0000,,0.00,0.00,,,1.0000,0.0000,0,0.00,0.00,0.0000,0.00,0.0000,1.0000,23112.3,68908.0,11559
token_passing,warehouse_single_dock,wear_medium,random,40,33,false,0.1460,73,0.0037,0.6646,1.2895,0.0581,131.00,1.00,79.50,228,0.8750,17.7419,136,0.00,1.00,2419.5000,0.00,0.1250,0.9119,18343.5,44071.0,9172
token_passing,warehouse_single_dock,wear_medium,random,40,44,true,0.3740,187,0.0094,0.2641,1.0000,,0.00,0.00,,,1.0000,0.0000,0,0.00,0.00,0.0000,0.00,0.0000,1.0000,7805.7,28112.0,3906
token_passing,warehouse_single_dock,wear_medium,random,40,44,false,0.3340,167,0.0083,0.1770,0.8400,0.2252,,1.00,21.33,,0.5500,-10.6952,2516,0.00,1.00,14372.6667,0.00,0.4500,0.7751,4015.3,25126.0,2008
token_passing,warehouse_single_dock,wear_medium,random,40,55,true,0.3880,194,0.0097,0.2058,1.0000,,0.00,0.00,,,1.0000,0.0000,0,0.00,0.00,0.0000,0.00,0.0000,1.0000,6066.9,17950.0,3036
token_passing,warehouse_single_dock,wear_medium,random,40,55,false,0.3060,153,0.0076,0.1642,0.7602,0.2365,,1.00,22.89,,0.5250,-21.1340,6544,0.00,1.00,23050.0000,0.00,0.4750,0.7619,3612.0,19816.0,1806
token_passing,warehouse_single_dock,wear_medium,random,40,101,true,0.4320,216,0.0108,0.1877,1.0000,,0.00,0.00,,,1.0000,0.0000,0,0.00,0.00,0.0000,0.00,0.0000,1.0000,4999.9,22086.0,2504
token_passing,warehouse_single_dock,wear_medium,random,40,101,false,0.2840,142,0.0071,0.2489,0.6022,0.2723,,1.00,25.69,,0.5750,-34.2593,11651,0.00,1.00,26830.0000,0.00,0.4250,0.7927,5704.1,17954.0,2852
token_passing,warehouse_single_dock,wear_medium,random,40,202,true,0.3980,199,0.0100,0.2070,1.0000,,0.00,0.00,,,1.0000,0.0000,0,0.00,0.00,0.0000,0.00,0.0000,1.0000,5935.9,33076.0,2971
token_passing,warehouse_single_dock,wear_medium,random,40,202,false,0.3060,153,0.0076,0.2142,0.6102,0.2644,,1.00,13.95,,0.4500,-23.1156,5123,0.00,1.00,12934.1667,0.00,0.5500,0.7227,4970.9,16671.0,2486
token_passing,warehouse_single_dock,wear_medium,random,40,303,true,0.3900,195,0.0097,0.2077,1.0000,,0.00,0.00,,,1.0000,0.0000,0,0.00,0.00,0.0000,0.00,0.0000,1.0000,5854.4,85001.0,2933
token_passing,warehouse_single_dock,wear_medium,random,40,303,false,0.3200,160,0.0080,0.2067,0.8168,0.2363,,1.00,27.69,,0.5750,-17.9487,6386,0.00,1.00,26321.3333,0.00,0.4250,0.8412,4238.0,19466.0,2119
token_passing,warehouse_single_dock,wear_medium,random,40,404,true,0.4120,206,0.0103,0.1891,1.0000,,0.00,0.00,,,1.0000,0.0000,0,0.00,0.00,0.0000,0.00,0.0000,1.0000,4988.7,19994.0,2497
token_passing,warehouse_single_dock,wear_medium,random,40,404,false,0.3020,151,0.0076,0.2209,0.6259,0.2646,,1.00,17.82,,0.5500,-26.6990,5377,0.00,1.00,16057.0000,0.00,0.4500,0.7678,4954.6,15943.0,2477
token_passing,warehouse_single_dock,wear_medium,random,40,505,true,0.3820,191,0.0095,0.2548,1.0000,,0.00,0.00,,,1.0000,0.0000,0,0.00,0.00,0.0000,0.00,0.0000,1.0000,7217.0,59048.0,3611
token_passing,warehouse_single_dock,wear_medium,random,40,505,false,0.2060,103,0.0052,0.5194,0.5393,0.2458,,1.00,48.62,,0.7750,-46.0733,16826,0.00,1.00,29025.0000,6.00,0.2250,0.8909,13220.6,41377.0,6610
token_passing,warehouse_single_dock,wear_medium,random,40,1111,true,0.3260,163,0.0081,0.3701,1.0000,,0.00,0.00,,,1.0000,0.0000,0,0.00,0.00,0.0000,0.00,0.0000,1.0000,10836.6,35033.0,5421
token_passing,warehouse_single_dock,wear_medium,random,40,1111,false,0.1920,96,0.0047,0.5232,0.4806,0.2284,,1.00,52.67,,0.8250,-41.1043,9256,0.00,1.00,19500.0000,7.00,0.1750,0.8839,13945.7,31311.0,6973
token_passing,warehouse_single_dock,wear_medium,random,40,2222,true,0.3760,188,0.0094,0.2558,1.0000,,0.00,0.00,,,1.0000,0.0000,0,0.00,0.00,0.0000,0.00,0.0000,1.0000,7297.4,19600.0,3652
token_passing,warehouse_single_dock,wear_medium,random,40,2222,false,0.2980,149,0.0074,0.2620,0.6455,0.2535,,1.00,15.50,,0.5250,-20.7447,4150,0.00,1.00,11260.5000,101.00,0.4750,0.7552,6288.3,16883.0,3144
token_passing,warehouse_single_dock,wear_medium,random,40,3333,true,0.3280,164,0.0082,0.2949,1.0000,,0.00,0.00,,,1.0000,0.0000,0,0.00,0.00,0.0000,0.00,0.0000,1.0000,8106.1,27795.0,4057
token_passing,warehouse_single_dock,wear_medium,random,40,3333,false,0.2820,141,0.0070,0.2842,0.7604,0.1899,,1.00,22.25,,0.6250,-14.0244,2526,0.00,1.00,9662.0000,0.00,0.3750,0.7687,6684.7,18337.0,3342
token_passing,warehouse_single_dock,wear_medium,random,40,4444,true,0.3780,189,0.0095,0.2493,1.0000,,0.00,0.00,,,1.0000,0.0000,0,0.00,0.00,0.0000,0.00,0.0000,1.0000,7430.1,27780.0,3718
token_passing,warehouse_single_dock,wear_medium,random,40,4444,false,0.3500,175,0.0088,0.1526,0.8993,0.2064,,1.00,22.81,,0.5500,-7.4074,1956,0.00,1.00,15459.5000,0.00,0.4500,0.8170,3054.3,10631.0,1527
token_passing,warehouse_single_dock,wear_medium,random,40,5555,true,0.3860,193,0.0097,0.2210,1.0000,,0.00,0.00,,,1.0000,0.0000,0,0.00,0.00,0.0000,0.00,0.0000,1.0000,6308.8,18435.0,3157
token_passing,warehouse_single_dock,wear_medium,random,40,5555,false,0.2720,136,0.0068,0.3337,0.6014,0.2849,,1.00,29.50,,0.6750,-29.5337,7008,0.00,1.00,20013.5000,0.00,0.3250,0.8216,4378.6,14687.0,2189
token_passing,warehouse_single_dock,wear_medium,random,40,10000,true,0.3980,199,0.0100,0.2116,1.0000,,0.00,0.00,,,1.0000,0.0000,0,0.00,0.00,0.0000,0.00,0.0000,1.0000,6022.1,18457.0,3014
token_passing,warehouse_single_dock,wear_medium,random,40,10000,false,0.2960,148,0.0074,0.3062,0.6222,0.2619,,1.00,21.43,,0.6250,-25.6281,6393,0.00,1.00,15808.0000,0.00,0.3750,0.8196,7892.6,33776.0,3946
token_passing,warehouse_single_dock,wear_medium,random,40,20000,true,0.3860,193,0.0097,0.2083,1.0000,,0.00,0.00,,,1.0000,0.0000,0,0.00,0.00,0.0000,0.00,0.0000,1.0000,5756.9,28629.0,2881
token_passing,warehouse_single_dock,wear_medium,random,40,20000,false,0.2700,135,0.0067,0.3076,0.6995,0.2259,,1.00,38.92,,0.6750,-30.0518,5161,0.00,1.00,34663.5000,3.00,0.3250,0.8661,5852.8,16010.0,2926
token_passing,warehouse_single_dock,wear_medium,random,40,30000,true,0.3920,196,0.0098,0.2152,1.0000,,0.00,0.00,,,1.0000,0.0000,0,0.00,0.00,0.0000,0.00,0.0000,1.0000,5947.3,18937.0,2976
token_passing,warehouse_single_dock,wear_medium,random,40,30000,false,0.2520,126,0.0063,0.3857,0.5070,0.2456,,1.00,34.11,,0.7500,-35.7143,8447,0.00,1.00,15659.0000,0.00,0.2500,0.8527,9792.4,25625.0,4896
token_passing,warehouse_single_dock,wear_medium,random,40,40000,true,0.4320,216,0.0108,0.1809,1.0000,,0.00,0.00,,,1.0000,0.0000,0,0.00,0.00,0.0000,0.00,0.0000,1.0000,4707.7,14047.0,2357
token_passing,warehouse_single_dock,wear_medium,random,40,40000,false,0.3720,186,0.0093,0.2001,0.7273,0.2746,,1.00,19.36,,0.6500,-13.8889,2563,0.00,1.00,9230.5000,0.00,0.3500,0.8256,5045.4,45504.0,2523
token_passing,warehouse_single_dock,wear_medium,random,40,50000,true,0.3980,199,0.0100,0.1921,1.0000,,0.00,0.00,,,1.0000,0.0000,0,0.00,0.00,0.0000,0.00,0.0000,1.0000,5372.7,16588.0,2689
token_passing,warehouse_single_dock,wear_medium,random,40,50000,false,0.2640,132,0.0066,0.3271,0.6492,0.2383,,1.00,33.85,,0.6500,-33.6683,7917,0.00,1.00,28010.5000,0.00,0.3500,0.8248,5723.7,14909.0,2862
token_passing,warehouse_single_dock,wear_medium,closest,40,42,true,0.3940,197,0.0098,0.2453,1.0000,,0.00,0.00,,,1.0000,0.0000,0,0.00,0.00,0.0000,0.00,0.0000,1.0000,7257.0,54916.0,3631
token_passing,warehouse_single_dock,wear_medium,closest,40,42,false,0.1900,95,0.0047,0.5718,0.3544,0.2635,,1.00,34.33,,0.8000,-51.7766,18264,0.00,1.00,23775.0000,0.00,0.2000,0.8390,13544.3,30870.0,6772
token_passing,warehouse_single_dock,wear_medium,closest,40,123,true,0.4440,222,0.0111,0.1882,1.0000,,0.00,0.00,,,1.0000,0.0000,0,0.00,0.00,0.0000,0.00,0.0000,1.0000,5038.4,23192.0,2525
token_passing,warehouse_single_dock,wear_medium,closest,40,123,false,0.3340,167,0.0083,0.3144,0.6726,0.2649,,1.00,37.00,,0.7000,-24.7748,5663,0.00,1.00,21148.8333,0.00,0.3000,0.8818,7950.8,32574.0,3975
token_passing,warehouse_single_dock,wear_medium,closest,40,456,true,0.4260,213,0.0106,0.2081,1.0000,,0.00,0.00,,,1.0000,0.0000,0,0.00,0.00,0.0000,0.00,0.0000,1.0000,5818.3,24640.0,2912
token_passing,warehouse_single_dock,wear_medium,closest,40,456,false,0.3420,171,0.0086,0.2082,0.6934,0.2484,,1.00,15.10,,0.4750,-19.7183,4625,0.00,1.00,13138.5000,0.00,0.5250,0.7587,4845.8,17681.0,2423
token_passing,warehouse_single_dock,wear_medium,closest,40,789,true,0.4000,200,0.0100,0.2041,1.0000,,0.00,0.00,,,1.0000,0.0000,0,0.00,0.00,0.0000,0.00,0.0000,1.0000,5497.7,16803.0,2752
token_passing,warehouse_single_dock,wear_medium,closest,40,789,false,0.3080,154,0.0077,0.2874,0.7125,0.2375,,1.00,38.22,,0.7500,-23.0000,5772,0.00,1.00,19623.8333,0.00,0.2500,0.8331,7008.0,21959.0,3504
token_passing,warehouse_single_dock,wear_medium,closest,40,1024,true,0.2060,103,0.0052,0.5541,1.0000,,0.00,0.00,,,1.0000,0.0000,0,0.00,0.00,0.0000,0.00,0.0000,1.0000,16653.1,43925.0,8330
token_passing,warehouse_single_dock,wear_medium,closest,40,1024,false,0.2400,120,0.0060,0.3721,1.1789,0.1145,160.00,1.00,27.00,203,0.5500,16.5049,226,0.00,1.00,10779.0000,0.00,0.4500,0.7735,8025.2,17701.0,4013
token_passing,warehouse_single_dock,wear_medium,closest,40,2048,true,0.3960,198,0.0099,0.2648,1.0000,,0.00,0.00,,,1.0000,0.0000,0,0.00,0.00,0.0000,0.00,0.0000,1.0000,6949.2,22567.0,3478
token_passing,warehouse_single_dock,wear_medium,closest,40,2048,false,0.3540,177,0.0089,0.2078,0.8696,0.2233,,1.00,29.21,,0.6250,-10.6061,1605,0.00,1.00,22483.8333,0.00,0.3750,0.8266,4863.9,14752.0,2432
token_passing,warehouse_single_dock,wear_medium,closest,40,3141,true,0.4100,205,0.0103,0.1944,1.0000,,0.00,0.00,,,1.0000,0.0000,0,0.00,0.00,0.0000,0.00,0.0000,1.0000,5447.0,18891.0,2727
token_passing,warehouse_single_dock,wear_medium,closest,40,3141,false,0.2880,144,0.0072,0.3291,0.5850,0.2670,,1.00,29.75,,0.6750,-29.7561,8221,0.00,1.00,19782.5000,0.00,0.3250,0.8281,7472.1,44377.0,3736
token_passing,warehouse_single_dock,wear_medium,closest,40,9999,true,0.4040,202,0.0101,0.2078,1.0000,,0.00,0.00,,,1.0000,0.0000,0,0.00,0.00,0.0000,0.00,0.0000,1.0000,6245.0,71553.0,3130
token_passing,warehouse_single_dock,wear_medium,closest,40,9999,false,0.3280,164,0.0082,0.1534,0.6984,0.2177,,1.00,14.50,,0.4500,-18.8119,4964,0.00,1.00,11683.3333,0.00,0.5500,0.7088,3297.6,13126.0,1649
token_passing,warehouse_single_dock,wear_medium,closest,40,1337,true,0.4240,212,0.0106,0.1946,1.0000,,0.00,0.00,,,1.0000,0.0000,0,0.00,0.00,0.0000,0.00,0.0000,1.0000,5340.1,20680.0,2673
token_passing,warehouse_single_dock,wear_medium,closest,40,1337,false,0.3540,177,0.0089,0.1876,0.7518,0.2660,,1.00,13.80,,0.4750,-16.5094,3440,0.00,1.00,13775.5000,11.00,0.5250,0.7922,4298.2,19616.0,2149
token_passing,warehouse_single_dock,wear_medium,closest,40,7777,true,0.3840,192,0.0096,0.3004,1.0000,,0.00,0.00,,,1.0000,0.0000,0,0.00,0.00,0.0000,0.00,0.0000,1.0000,8300.7,26494.0,4153
token_passing,warehouse_single_dock,wear_medium,closest,40,7777,false,0.3540,177,0.0089,0.2400,0.8855,0.1840,,1.00,28.58,,0.6750,-7.8125,4119,0.00,1.00,13113.6667,0.00,0.3250,0.8274,5010.0,18831.0,2505
token_passing,warehouse_single_dock,wear_medium,closest,40,11,true,0.1820,91,0.0046,0.6349,1.0000,,0.00,0.00,,,1.0000,0.0000,0,0.00,0.00,0.0000,0.00,0.0000,1.0000,18093.6,73764.0,9054
token_passing,warehouse_single_dock,wear_medium,closest,40,11,false,0.1520,76,0.0038,0.6649,0.5714,0.0875,,1.00,41.57,,0.8000,-16.4835,2728,0.00,1.00,4056.0000,0.00,0.2000,0.8698,15649.3,40389.0,7825
token_passing,warehouse_single_dock,wear_medium,closest,40,22,true,0.3960,198,0.0099,0.2698,1.0000,,0.00,0.00,,,1.0000,0.0000,0,0.00,0.00,0.0000,0.00,0.0000,1.0000,7842.4,27009.0,3924
token_passing,warehouse_single_dock,wear_medium,closest,40,22,false,0.2980,149,0.0075,0.3030,0.6711,0.2618,,1.00,24.93,,0.5750,-24.7475,9131,0.00,1.00,22422.1667,49.00,0.4250,0.8085,7079.1,23909.0,3540
token_passing,warehouse_single_dock,wear_medium,closest,40,33,true,0.2520,126,0.0063,0.5187,1.0000,,0.00,0.00,,,1.0000,0.0000,0,0.00,0.00,0.0000,0.00,0.0000,1.0000,15214.3,42939.0,7611
token_passing,warehouse_single_dock,wear_medium,closest,40,33,false,0.2480,124,0.0062,0.4794,0.9767,0.1321,,1.00,34.62,,0.7750,-1.5873,1191,0.00,1.00,7730.0000,0.00,0.2250,0.8647,12130.8,30347.0,6065
token_passing,warehouse_single_dock,wear_medium,closest,40,44,true,0.3860,193,0.0097,0.2580,1.0000,,0.00,0.00,,,1.0000,0.0000,0,0.00,0.00,0.0000,0.00,0.0000,1.0000,7642.5,35891.0,3827
token_passing,warehouse_single_dock,wear_medium,closest,40,44,false,0.3240,162,0.0080,0.2539,0.7652,0.2529,,1.00,26.91,,0.7000,-16.0622,4230,0.00,1.00,16022.0000,0.00,0.3000,0.8336,6024.2,23991.0,3012
token_passing,warehouse_single_dock,wear_medium,closest,40,55,true,0.3980,199,0.0100,0.2380,1.0000,,0.00,0.00,,,1.0000,0.0000,0,0.00,0.00,0.0000,0.00,0.0000,1.0000,6837.1,17917.0,3422
token_passing,warehouse_single_dock,wear_medium,closest,40,55,false,0.2300,115,0.0057,0.4855,0.4940,0.2682,,1.00,33.88,,0.7500,-42.2111,10666,0.00,1.00,26371.5000,0.00,0.2500,0.8270,10108.1,26427.0,5054
token_passing,warehouse_single_dock,wear_medium,closest,40,101,true,0.4220,211,0.0106,0.2269,1.0000,,0.00,0.00,,,1.0000,0.0000,0,0.00,0.00,0.0000,0.00,0.0000,1.0000,6564.2,26857.0,3288
token_passing,warehouse_single_dock,wear_medium,closest,40,101,false,0.2860,143,0.0072,0.3227,0.6047,0.2475,,2.00,26.92,,0.6750,-32.2275,9975,0.00,1.00,23905.0000,21.00,0.3250,0.8199,4402.1,15575.0,2201
token_passing,warehouse_single_dock,wear_medium,closest,40,202,true,0.4340,217,0.0109,0.1583,1.0000,,0.00,0.00,,,1.0000,0.0000,0,0.00,0.00,0.0000,0.00,0.0000,1.0000,4514.2,31807.0,2262
token_passing,warehouse_single_dock,wear_medium,closest,40,202,false,0.3320,166,0.0083,0.2186,0.5984,0.2809,,1.00,16.06,,0.4750,-23.5023,5653,0.00,1.00,14147.5000,0.00,0.5250,0.7265,4974.3,15138.0,2487
token_passing,warehouse_single_dock,wear_medium,closest,40,303,true,0.3440,172,0.0086,0.3534,1.0000,,0.00,0.00,,,1.0000,0.0000,0,0.00,0.00,0.0000,0.00,0.0000,1.0000,11003.4,30246.0,5505
token_passing,warehouse_single_dock,wear_medium,closest,40,303,false,0.2820,141,0.0070,0.3498,0.7862,0.1972,,1.00,47.00,,0.7500,-18.0233,3849,0.00,1.00,20583.6667,0.00,0.2500,0.8872,9104.0,25599.0,4552
token_passing,warehouse_single_dock,wear_medium,closest,40,404,true,0.4180,209,0.0104,0.1986,1.0000,,0.00,0.00,,,1.0000,0.0000,0,0.00,0.00,0.0000,0.00,0.0000,1.0000,5795.3,15520.0,2901
token_passing,warehouse_single_dock,wear_medium,closest,40,404,false,0.3160,158,0.0078,0.2414,0.6222,0.2787,,1.00,18.53,,0.5750,-24.4019,4829,0.00,1.00,15127.3333,0.00,0.4250,0.7684,5707.8,17965.0,2854
token_passing,warehouse_single_dock,wear_medium,closest,40,505,true,0.4600,230,0.0115,0.1775,1.0000,,0.00,0.00,,,1.0000,0.0000,0,0.00,0.00,0.0000,0.00,0.0000,1.0000,4907.8,19790.0,2458
token_passing,warehouse_single_dock,wear_medium,closest,40,505,false,0.2440,122,0.0061,0.4888,0.5068,0.2762,,1.00,81.00,,0.8500,-46.9565,16584,0.00,1.00,34685.0000,0.00,0.1500,0.9134,10874.3,28445.0,5437
token_passing,warehouse_single_dock,wear_medium,closest,40,1111,true,0.4280,214,0.0107,0.1961,1.0000,,0.00,0.00,,,1.0000,0.0000,0,0.00,0.00,0.0000,0.00,0.0000,1.0000,5477.0,18084.0,2742
token_passing,warehouse_single_dock,wear_medium,closest,40,1111,false,0.2920,146,0.0073,0.3229,0.6000,0.2763,,1.00,25.20,,0.6000,-31.7757,10116,0.00,1.00,22995.0000,0.00,0.4000,0.8357,7508.0,17602.0,3754
token_passing,warehouse_single_dock,wear_medium,closest,40,2222,true,0.2340,117,0.0059,0.5284,1.0000,,0.00,0.00,,,1.0000,0.0000,0,0.00,0.00,0.0000,0.00,0.0000,1.0000,16787.8,45809.0,8397
token_passing,warehouse_single_dock,wear_medium,closest,40,2222,false,0.2360,118,0.0059,0.4854,1.0227,0.0952,162.00,1.00,34.11,377,0.7500,0.8547,89,0.00,1.00,4319.5000,0.00,0.2500,0.8774,13895.2,65801.0,6948
token_passing,warehouse_single_dock,wear_medium,closest,40,3333,true,0.2880,144,0.0072,0.4135,1.0000,,0.00,0.00,,,1.0000,0.0000,0,0.00,0.00,0.0000,0.00,0.0000,1.0000,11246.1,29496.0,5626
token_passing,warehouse_single_dock,wear_medium,closest,40,3333,false,0.2420,121,0.0060,0.4195,0.6974,0.1688,,1.00,24.18,,0.6750,-15.9722,4082,0.00,1.00,7959.5000,0.00,0.3250,0.7902,9963.5,29985.0,4982
token_passing,warehouse_single_dock,wear_medium,closest,40,4444,true,0.3700,185,0.0092,0.3043,1.0000,,0.00,0.00,,,1.0000,0.0000,0,0.00,0.00,0.0000,0.00,0.0000,1.0000,9245.2,26245.0,4628
token_passing,warehouse_single_dock,wear_medium,closest,40,4444,false,0.3100,155,0.0077,0.3545,0.7656,0.1995,,1.00,39.22,,0.7500,-16.2162,3296,0.00,1.00,15834.5000,0.00,0.2500,0.8727,9204.8,42383.0,4602
token_passing,warehouse_single_dock,wear_medium,closest,40,5555,true,0.3100,155,0.0077,0.4187,1.0000,,0.00,0.00,,,1.0000,0.0000,0,0.00,0.00,0.0000,0.00,0.0000,1.0000,12964.8,39020.0,6485
token_passing,warehouse_single_dock,wear_medium,closest,40,5555,false,0.3640,182,0.0091,0.1784,1.3068,0.1473,94.00,1.00,18.11,247,0.4750,17.4194,98,0.00,1.00,7993.3333,0.00,0.5250,0.7663,4149.9,16795.0,2075
token_passing,warehouse_single_dock,wear_medium,closest,40,10000,true,0.4240,212,0.0106,0.2081,1.0000,,0.00,0.00,,,1.0000,0.0000,0,0.00,0.00,0.0000,0.00,0.0000,1.0000,6044.4,20120.0,3026
token_passing,warehouse_single_dock,wear_medium,closest,40,10000,false,0.3700,185,0.0092,0.1643,0.7874,0.2427,,1.00,16.89,,0.5250,-12.7358,3377,0.00,1.00,11846.5000,0.00,0.4750,0.7695,3821.4,12386.0,1911
token_passing,warehouse_single_dock,wear_medium,closest,40,20000,true,0.3980,199,0.0100,0.2005,1.0000,,0.00,0.00,,,1.0000,0.0000,0,0.00,0.00,0.0000,0.00,0.0000,1.0000,5817.6,17430.0,2912
token_passing,warehouse_single_dock,wear_medium,closest,40,20000,false,0.2980,149,0.0075,0.2975,0.7326,0.2566,,1.00,31.57,,0.6250,-25.1256,5504,0.00,1.00,30312.0000,0.00,0.3750,0.8560,7423.2,21758.0,3712
token_passing,warehouse_single_dock,wear_medium,closest,40,30000,true,0.3480,174,0.0087,0.3087,1.0000,,0.00,0.00,,,1.0000,0.0000,0,0.00,0.00,0.0000,0.00,0.0000,1.0000,9626.2,35146.0,4816
token_passing,warehouse_single_dock,wear_medium,closest,40,30000,false,0.2940,147,0.0073,0.3007,0.7874,0.1994,,1.00,34.75,,0.7750,-15.5172,2110,0.00,1.00,15009.1667,0.00,0.2250,0.8484,7400.8,25627.0,3700
token_passing,warehouse_single_dock,wear_medium,closest,40,40000,true,0.4220,211,0.0106,0.1840,1.0000,,0.00,0.00,,,1.0000,0.0000,0,0.00,0.00,0.0000,0.00,0.0000,1.0000,5276.8,13551.0,2644
token_passing,warehouse_single_dock,wear_medium,closest,40,40000,false,0.3620,181,0.0091,0.2142,0.7030,0.2311,,1.00,18.58,,0.6500,-14.2180,2660,0.00,1.00,6105.0000,0.00,0.3500,0.8058,4894.9,12651.0,2447
token_passing,warehouse_single_dock,wear_medium,closest,40,50000,true,0.3520,176,0.0088,0.3180,1.0000,,0.00,0.00,,,1.0000,0.0000,0,0.00,0.00,0.0000,0.00,0.0000,1.0000,10019.3,34930.0,5013
token_passing,warehouse_single_dock,wear_medium,closest,40,50000,false,0.2880,144,0.0072,0.3002,0.7975,0.2049,,1.00,27.80,,0.5750,-18.1818,6457,0.00,1.00,20563.0000,0.00,0.4250,0.7967,6618.2,17782.0,3309
token_passing,warehouse_single_dock,wear_high,random,40,42,true,0.2300,115,0.0057,0.4902,1.0000,,0.00,0.00,,,1.0000,0.0000,0,0.00,0.00,0.0000,0.00,0.0000,1.0000,14359.9,51295.0,7185
token_passing,warehouse_single_dock,wear_high,random,40,42,false,0.0980,49,0.0024,0.1670,0.4107,0.1781,,1.00,7.44,,0.0000,-57.3913,17039,0.00,1.00,15254.5000,0.00,1.0000,0.2433,1404.1,12865.0,702
token_passing,warehouse_single_dock,wear_high,random,40,123,true,0.3680,184,0.0092,0.2485,1.0000,,0.00,0.00,,,1.0000,0.0000,0,0.00,0.00,0.0000,0.00,0.0000,1.0000,6967.9,23927.0,3487
token_passing,warehouse_single_dock,wear_high,random,40,123,false,0.1080,54,0.0027,0.4035,0.2353,0.2815,,1.00,5.96,,0.2250,-70.6522,24918,0.00,1.00,29467.5000,0.00,0.7750,0.3866,3622.7,12421.0,1811
token_passing,warehouse_single_dock,wear_high,random,40,456,true,0.2260,113,0.0056,0.5146,1.0000,,0.00,0.00,,,1.0000,0.0000,0,0.00,0.00,0.0000,0.00,0.0000,1.0000,15598.5,44807.0,7802
token_passing,warehouse_single_dock,wear_high,random,40,456,false,0.1000,50,0.0024,0.4068,0.3571,0.1491,,1.00,5.93,,0.1750,-55.7522,17537,0.00,1.00,9563.5000,0.00,0.8250,0.3269,3274.0,14070.0,1637
token_passing,warehouse_single_dock,wear_high,random,40,789,true,0.3660,183,0.0092,0.2867,1.0000,,0.00,0.00,,,1.0000,0.0000,0,0.00,0.00,0.0000,0.00,0.0000,1.0000,8203.6,36544.0,4106
token_passing,warehouse_single_dock,wear_high,random,40,789,false,0.0840,42,0.0021,0.6266,0.2167,0.2964,,1.00,9.05,,0.4500,-77.0492,22881,0.00,1.00,37207.5000,0.00,0.5500,0.5641,10338.9,21036.0,5169
token_passing,warehouse_single_dock,wear_high,random,40,1024,true,0.3940,197,0.0098,0.2041,1.0000,,0.00,0.00,,,1.0000,0.0000,0,0.00,0.00,0.0000,0.00,0.0000,1.0000,5543.5,15626.0,2775
token_passing,warehouse_single_dock,wear_high,random,40,1024,false,0.0780,39,0.0019,0.1968,0.1980,0.3088,,1.00,6.42,,0.0250,-80.2030,30597,0.00,1.00,38293.0000,10.00,0.9750,0.2502,1127.7,12193.0,564
token_passing,warehouse_single_dock,wear_high,random,40,2048,true,0.4060,203,0.0101,0.1845,1.0000,,0.00,0.00,,,1.0000,0.0000,0,0.00,0.00,0.0000,0.00,0.0000,1.0000,4848.7,15410.0,2427
token_passing,warehouse_single_dock,wear_high,random,40,2048,false,0.1060,53,0.0027,0.3893,0.2500,0.3095,,1.00,7.39,,0.1750,-73.8916,28876,0.00,1.00,35497.0000,0.00,0.8250,0.3621,4158.2,9580.0,2079
token_passing,warehouse_single_dock,wear_high,random,40,3141,true,0.3960,198,0.0099,0.1970,1.0000,,0.00,0.00,,,1.0000,0.0000,0,0.00,0.00,0.0000,0.00,0.0000,1.0000,5436.5,43015.0,2721
token_passing,warehouse_single_dock,wear_high,random,40,3141,false,0.0860,43,0.0022,0.6380,0.1885,0.3128,,1.00,8.55,,0.4750,-78.2828,29974,0.00,1.00,34759.0000,0.00,0.5250,0.5726,9324.7,72083.0,4662
token_passing,warehouse_single_dock,wear_high,random,40,9999,true,0.3800,190,0.0095,0.2347,1.0000,,0.00,0.00,,,1.0000,0.0000,0,0.00,0.00,0.0000,0.00,0.0000,1.0000,6843.0,26821.0,3425
token_passing,warehouse_single_dock,wear_high,random,40,9999,false,0.0880,44,0.0022,0.1932,0.1561,0.3131,,1.00,7.09,,0.0000,-76.8421,27228,0.00,1.00,31072.5000,7.00,1.0000,0.2009,1806.0,15828.0,903
token_passing,warehouse_single_dock,wear_high,random,40,1337,true,0.4040,202,0.0101,0.1675,1.0000,,0.00,0.00,,,1.0000,0.0000,0,0.00,0.00,0.0000,0.00,0.0000,1.0000,4616.0,15350.0,2311
token_passing,warehouse_single_dock,wear_high,random,40,1337,false,0.0880,44,0.0022,0.3802,0.1173,0.3278,,1.00,5.41,,0.1750,-78.2178,29126,0.00,1.00,30570.0000,0.00,0.8250,0.3074,1637.9,11894.0,819
token_passing,warehouse_single_dock,wear_high,random,40,7777,true,0.3520,176,0.0088,0.2875,1.0000,,0.00,0.00,,,1.0000,0.0000,0,0.00,0.00,0.0000,0.00,0.0000,1.0000,8303.8,32740.0,4155
token_passing,warehouse_single_dock,wear_high,random,40,7777,false,0.1160,58,0.0029,0.3850,0.2805,0.2719,,1.00,8.41,,0.2000,-67.0455,25804,0.00,1.00,24746.3333,0.00,0.8000,0.3622,3514.3,14718.0,1757
token_passing,warehouse_single_dock,wear_high,random,40,11,true,0.2200,110,0.0055,0.5314,1.0000,,0.00,0.00,,,1.0000,0.0000,0,0.00,0.00,0.0000,0.00,0.0000,1.0000,16143.8,38366.0,8075
token_passing,warehouse_single_dock,wear_high,random,40,11,false,0.0960,48,0.0024,0.2544,0.3474,0.1602,,1.00,6.34,,0.0500,-56.3636,15224,0.00,1.00,11616.0000,0.00,0.9500,0.2228,1923.5,14537.0,962
token_passing,warehouse_single_dock,wear_high,random,40,22,true,0.4060,203,0.0101,0.1937,1.0000,,0.00,0.00,,,1.0000,0.0000,0,0.00,0.00,0.0000,0.00,0.0000,1.0000,5294.6,17573.0,2650
token_passing,warehouse_single_dock,wear_high,random,40,22,false,0.1000,50,0.0025,0.3681,0.1685,0.3425,,1.00,7.83,,0.1000,-75.3695,27171,0.00,1.00,36003.5000,0.00,0.9000,0.2700,1434.6,14662.0,717
token_passing,warehouse_single_dock,wear_high,random,40,33,true,0.1240,62,0.0031,0.7247,1.0000,,0.00,0.00,,,1.0000,0.0000,0,0.00,0.00,0.0000,0.00,0.0000,1.0000,23112.3,68908.0,11559
token_passing,warehouse_single_dock,wear_high,random,40,33,false,0.0940,47,0.0024,0.3778,0.7321,0.0853,,1.00,10.65,,0.0000,-24.1935,5709,0.00,1.00,4061.0000,0.00,1.0000,0.3600,4845.5,28836.0,2423
token_passing,warehouse_single_dock,wear_high,random,40,44,true,0.3740,187,0.0094,0.2641,1.0000,,0.00,0.00,,,1.0000,0.0000,0,0.00,0.00,0.0000,0.00,0.0000,1.0000,7805.7,28112.0,3906
token_passing,warehouse_single_dock,wear_high,random,40,44,false,0.0920,46,0.0022,0.4984,0.1706,0.3107,,1.00,6.65,,0.2750,-75.4011,28614,0.00,1.00,30527.1667,0.00,0.7250,0.4017,4164.8,25471.0,2082
token_passing,warehouse_single_dock,wear_high,random,40,55,true,0.3880,194,0.0097,0.2058,1.0000,,0.00,0.00,,,1.0000,0.0000,0,0.00,0.00,0.0000,0.00,0.0000,1.0000,6066.9,17950.0,3036
token_passing,warehouse_single_dock,wear_high,random,40,55,false,0.0780,39,0.0019,0.5818,0.1842,0.3132,,1.00,7.08,,0.3500,-79.8969,32345,0.00,1.00,35073.6667,0.00,0.6500,0.4696,6168.3,22317.0,3084
token_passing,warehouse_single_dock,wear_high,random,40,101,true,0.4320,216,0.0108,0.1877,1.0000,,0.00,0.00,,,1.0000,0.0000,0,0.00,0.00,0.0000,0.00,0.0000,1.0000,4999.9,22086.0,2504
token_passing,warehouse_single_dock,wear_high,random,40,101,false,0.0920,46,0.0023,0.4315,0.1707,0.3289,,1.00,5.48,,0.2250,-78.7037,32517,0.00,1.00,38410.5000,0.00,0.7750,0.3736,5152.9,15917.0,2576
token_passing,warehouse_single_dock,wear_high,random,40,202,true,0.3980,199,0.0100,0.2070,1.0000,,0.00,0.00,,,1.0000,0.0000,0,0.00,0.00,0.0000,0.00,0.0000,1.0000,5935.9,33076.0,2971
token_passing,warehouse_single_dock,wear_high,random,40,202,false,0.0900,45,0.0022,0.2904,0.1397,0.3349,,1.00,5.44,,0.1000,-77.3869,30641,0.00,1.00,32214.0000,0.00,0.9000,0.2416,890.3,9084.0,445
token_passing,warehouse_single_dock,wear_high,random,40,303,true,0.3900,195,0.0097,0.2077,1.0000,,0.00,0.00,,,1.0000,0.0000,0,0.00,0.00,0.0000,0.00,0.0000,1.0000,5854.4,85001.0,2933
token_passing,warehouse_single_dock,wear_high,random,40,303,false,0.1020,51,0.0026,0.4523,0.2539,0.2890,,1.00,8.66,,0.2500,-73.8462,28649,0.00,1.00,34128.5000,0.00,0.7500,0.4490,5927.1,13515.0,2964
token_passing,warehouse_single_dock,wear_high,random,40,404,true,0.4120,206,0.0103,0.1891,1.0000,,0.00,0.00,,,1.0000,0.0000,0,0.00,0.00,0.0000,0.00,0.0000,1.0000,4988.7,19994.0,2497
token_passing,warehouse_single_dock,wear_high,random,40,404,false,0.0980,49,0.0024,0.4398,0.1693,0.3302,,1.00,8.00,,0.2000,-76.2136,28193,0.00,1.00,32634.5000,0.00,0.8000,0.3545,5201.4,20353.0,2601
token_passing,warehouse_single_dock,wear_high,random,40,505,true,0.3820,191,0.0095,0.2548,1.0000,,0.00,0.00,,,1.0000,0.0000,0,0.00,0.00,0.0000,0.00,0.0000,1.0000,7217.0,59048.0,3611
token_passing,warehouse_single_dock,wear_high,random,40,505,false,0.1160,58,0.0029,0.4783,0.3037,0.2763,,1.00,9.92,,0.3000,-69.6335,28325,0.00,1.00,33475.0000,11.00,0.7000,0.4665,5727.5,26748.0,2864
token_passing,warehouse_single_dock,wear_high,random,40,1111,true,0.3260,163,0.0081,0.3701,1.0000,,0.00,0.00,,,1.0000,0.0000,0,0.00,0.00,0.0000,0.00,0.0000,1.0000,10836.6,35033.0,5421
token_passing,warehouse_single_dock,wear_high,random,40,1111,false,0.1160,58,0.0029,0.2079,0.2953,0.2545,,1.00,5.55,,0.0250,-64.4172,18742,0.00,1.00,26979.0000,0.00,0.9750,0.2479,1302.2,16307.0,651
token_passing,warehouse_single_dock,wear_high,random,40,2222,true,0.3760,188,0.0094,0.2558,1.0000,,0.00,0.00,,,1.0000,0.0000,0,0.00,0.00,0.0000,0.00,0.0000,1.0000,7297.4,19600.0,3652
token_passing,warehouse_single_dock,wear_high,random,40,2222,false,0.0920,46,0.0023,0.5358,0.1792,0.3257,,1.00,7.38,,0.3000,-75.5319,27130,0.00,1.00,31441.5000,0.00,0.7000,0.4381,7298.7,52391.0,3649
token_passing,warehouse_single_dock,wear_high,random,40,3333,true,0.3280,164,0.0082,0.2949,1.0000,,0.00,0.00,,,1.0000,0.0000,0,0.00,0.00,0.0000,0.00,0.0000,1.0000,8106.1,27795.0,4057
token_passing,warehouse_single_dock,wear_high,random,40,3333,false,0.1020,51,0.0026,0.3790,0.2153,0.2577,,1.00,5.42,,0.1500,-68.9024,23574,0.00,1.00,22022.0000,0.00,0.8500,0.2924,2176.7,10257.0,1088
token_passing,warehouse_single_dock,wear_high,random,40,4444,true,0.3780,189,0.0095,0.2493,1.0000,,0.00,0.00,,,1.0000,0.0000,0,0.00,0.00,0.0000,0.00,0.0000,1.0000,7430.1,27780.0,3718
token_passing,warehouse_single_dock,wear_high,random,40,4444,false,0.1260,63,0.0032,0.3600,0.2881,0.2787,,1.00,6.25,,0.1500,-66.6667,23800,0.00,1.00,28309.0000,0.00,0.8500,0.3467,1911.8,10082.0,956
token_passing,warehouse_single_dock,wear_high,random,40,5555,true,0.3860,193,0.0097,0.2210,1.0000,,0.00,0.00,,,1.0000,0.0000,0,0.00,0.00,0.0000,0.00,0.0000,1.0000,6308.8,18435.0,3157
token_passing,warehouse_single_dock,wear_high,random,40,5555,false,0.0980,49,0.0024,0.5390,0.1955,0.3280,,1.00,6.78,,0.2750,-74.6114,26891,0.00,1.00,34370.0000,0.00,0.7250,0.4136,4749.2,15490.0,2375
token_passing,warehouse_single_dock,wear_high,random,40,10000,true,0.3980,199,0.0100,0.2116,1.0000,,0.00,0.00,,,1.0000,0.0000,0,0.00,0.00,0.0000,0.00,0.0000,1.0000,6022.1,18457.0,3014
token_passing,warehouse_single_dock,wear_high,random,40,10000,false,0.1100,55,0.0027,0.2393,0.2174,0.3218,,1.00,6.88,,0.0500,-72.3618,27573,0.00,1.00,30818.0000,0.00,0.9500,0.2447,1764.6,10613.0,882
token_passing,warehouse_single_dock,wear_high,random,40,20000,true,0.3860,193,0.0097,0.2083,1.0000,,0.00,0.00,,,1.0000,0.0000,0,0.00,0.00,0.0000,0.00,0.0000,1.0000,5756.9,28629.0,2881
token_passing,warehouse_single_dock,wear_high,random,40,20000,false,0.1000,50,0.0025,0.1162,0.2591,0.2863,,1.00,7.03,,0.0000,-74.0933,25008,0.00,1.00,39390.0000,5.00,1.0000,0.2931,956.2,16090.0,478
token_passing,warehouse_single_dock,wear_high,random,40,30000,true,0.3920,196,0.0098,0.2152,1.0000,,0.00,0.00,,,1.0000,0.0000,0,0.00,0.00,0.0000,0.00,0.0000,1.0000,5947.3,18937.0,2976
token_passing,warehouse_single_dock,wear_high,random,40,30000,false,0.1000,50,0.0024,0.2472,0.1889,0.3056,,1.00,7.67,,0.0250,-74.4898,26272,0.00,1.00,30777.0000,0.00,0.9750,0.2559,1955.2,14627.0,978
token_passing,warehouse_single_dock,wear_high,random,40,40000,true,0.4320,216,0.0108,0.1809,1.0000,,0.00,0.00,,,1.0000,0.0000,0,0.00,0.00,0.0000,0.00,0.0000,1.0000,4707.7,14047.0,2357
token_passing,warehouse_single_dock,wear_high,random,40,40000,false,0.1160,58,0.0029,0.4754,0.1596,0.3514,,1.00,4.16,,0.2750,-73.1481,28487,0.00,1.00,31086.5000,0.00,0.7250,0.3879,4618.4,13453.0,2309
token_passing,warehouse_single_dock,wear_high,random,40,50000,true,0.3980,199,0.0100,0.1921,1.0000,,0.00,0.00,,,1.0000,0.0000,0,0.00,0.00,0.0000,0.00,0.0000,1.0000,5372.7,16588.0,2689
token_passing,warehouse_single_dock,wear_high,random,40,50000,false,0.0900,45,0.0022,0.4991,0.2143,0.2909,,1.00,7.96,,0.2750,-77.3869,28944,0.00,1.00,35826.5000,0.00,0.7250,0.4460,4498.5,14803.0,2249
token_passing,warehouse_single_dock,wear_high,closest,40,42,true,0.3940,197,0.0098,0.2453,1.0000,,0.00,0.00,,,1.0000,0.0000,0,0.00,0.00,0.0000,0.00,0.0000,1.0000,7257.0,54916.0,3631
token_passing,warehouse_single_dock,wear_high,closest,40,42,false,0.1160,58,0.0029,0.2449,0.1965,0.3032,,1.00,7.89,,0.0500,-70.5584,27796,0.00,1.00,30452.0000,0.00,0.9500,0.2318,1790.0,10858.0,895
token_passing,warehouse_single_dock,wear_high,closest,40,123,true,0.4440,222,0.0111,0.1882,1.0000,,0.00,0.00,,,1.0000,0.0000,0,0.00,0.00,0.0000,0.00,0.0000,1.0000,5038.4,23192.0,2525
token_passing,warehouse_single_dock,wear_high,closest,40,123,false,0.1360,68,0.0034,0.1639,0.2261,0.3379,,1.00,5.03,,0.0250,-69.3694,25228,0.00,1.00,35071.3333,0.00,0.9750,0.2463,1337.4,14698.0,669
token_passing,warehouse_single_dock,wear_high,closest,40,456,true,0.4260,213,0.0106,0.2081,1.0000,,0.00,0.00,,,1.0000,0.0000,0,0.00,0.00,0.0000,0.00,0.0000,1.0000,5818.3,24640.0,2912
token_passing,warehouse_single_dock,wear_high,closest,40,456,false,0.1300,65,0.0032,0.2173,0.2169,0.3005,,1.00,7.68,,0.0000,-69.4836,25703,0.00,1.00,31959.0000,0.00,1.0000,0.2337,2023.1,17385.0,1011
token_passing,warehouse_single_dock,wear_high,closest,40,789,true,0.4000,200,0.0100,0.2041,1.0000,,0.00,0.00,,,1.0000,0.0000,0,0.00,0.00,0.0000,0.00,0.0000,1.0000,5497.7,16803.0,2752
token_passing,warehouse_single_dock,wear_high,closest,40,789,false,0.0840,42,0.0021,0.6747,0.1684,0.3305,,1.00,9.35,,0.4750,-79.0000,31001,0.00,1.00,37857.6667,0.00,0.5250,0.5948,9437.9,19044.0,4719
token_passing,warehouse_single_dock,wear_high,closest,40,1024,true,0.2060,103,0.0052,0.5541,1.0000,,0.00,0.00,,,1.0000,0.0000,0,0.00,0.00,0.0000,0.00,0.0000,1.0000,16653.1,43925.0,8330
token_passing,warehouse_single_dock,wear_high,closest,40,1024,false,0.1020,51,0.0026,0.2824,0.4694,0.1408,,1.00,5.76,,0.0750,-50.4854,13792,0.00,1.00,12022.3333,0.00,0.9250,0.2838,1528.2,10290.0,764
token_passing,warehouse_single_dock,wear_high,closest,40,2048,true,0.3960,198,0.0099,0.2648,1.0000,,0.00,0.00,,,1.0000,0.0000,0,0.00,0.00,0.0000,0.00,0.0000,1.0000,6949.2,22567.0,3478
token_passing,warehouse_single_dock,wear_high,closest,40,2048,false,0.1500,75,0.0037,0.2205,0.3204,0.2941,,1.00,8.32,,0.0250,-62.1212,21730,0.00,1.00,33190.8333,0.00,0.9750,0.2756,1586.0,11287.0,793
token_passing,warehouse_single_dock,wear_high,closest,40,3141,true,0.4100,205,0.0103,0.1944,1.0000,,0.00,0.00,,,1.0000,0.0000,0,0.00,0.00,0.0000,0.00,0.0000,1.0000,5447.0,18891.0,2727
token_passing,warehouse_single_dock,wear_high,closest,40,3141,false,0.1200,60,0.0030,0.2375,0.2077,0.3139,,1.00,5.55,,0.0750,-70.7317,27191,0.00,1.00,33143.0000,0.00,0.9250,0.2586,1856.0,9221.0,928
token_passing,warehouse_single_dock,wear_high,closest,40,9999,true,0.4040,202,0.0101,0.2078,1.0000,,0.00,0.00,,,1.0000,0.0000,0,0.00,0.00,0.0000,0.00,0.0000,1.0000,6245.0,71553.0,3130
token_passing,warehouse_single_dock,wear_high,closest,40,9999,false,0.1080,54,0.0027,0.4547,0.1345,0.3106,,1.00,7.00,,0.2000,-73.2673,29350,0.00,1.00,28012.0000,0.00,0.8000,0.3287,1005.0,8671.0,502
token_passing,warehouse_single_dock,wear_high,closest,40,1337,true,0.4240,212,0.0106,0.1946,1.0000,,0.00,0.00,,,1.0000,0.0000,0,0.00,0.00,0.0000,0.00,0.0000,1.0000,5340.1,20680.0,2673
token_passing,warehouse_single_dock,wear_high,closest,40,1337,false,0.1160,58,0.0029,0.2760,0.1765,0.3512,,1.00,6.27,,0.0500,-72.6415,25591,0.00,1.00,35951.5000,0.00,0.9500,0.2646,2366.4,12874.0,1183
token_passing,warehouse_single_dock,wear_high,closest,40,7777,true,0.3840,192,0.0096,0.3004,1.0000,,0.00,0.00,,,1.0000,0.0000,0,0.00,0.00,0.0000,0.00,0.0000,1.0000,8300.7,26494.0,4153
token_passing,warehouse_single_dock,wear_high,closest,40,7777,false,0.1520,76,0.0038,0.2380,0.3012,0.2477,,1.00,5.72,,0.0750,-60.4167,23652,0.00,1.00,24305.2500,0.00,0.9250,0.2836,1949.0,8984.0,975
token_passing,warehouse_single_dock,wear_high,closest,40,11,true,0.1820,91,0.0046,0.6349,1.0000,,0.00,0.00,,,1.0000,0.0000,0,0.00,0.00,0.0000,0.00,0.0000,1.0000,18093.6,73764.0,9054
token_passing,warehouse_single_dock,wear_high,closest,40,11,false,0.0820,41,0.0021,0.6950,0.2188,0.1250,,1.00,5.40,,0.4750,-54.9451,12177,0.00,1.00,9950.5000,0.00,0.5250,0.5387,11997.7,38929.0,5999
token_passing,warehouse_single_dock,wear_high,closest,40,22,true,0.3960,198,0.0099,0.2698,1.0000,,0.00,0.00,,,1.0000,0.0000,0,0.00,0.00,0.0000,0.00,0.0000,1.0000,7842.4,27009.0,3924
token_passing,warehouse_single_dock,wear_high,closest,40,22,false,0.1320,66,0.0033,0.2168,0.2414,0.3011,,1.00,6.19,,0.0250,-66.6667,25746,0.00,1.00,31370.5000,0.00,0.9750,0.2301,1337.2,14052.0,669
token_passing,warehouse_single_dock,wear_high,closest,40,33,true,0.2520,126,0.0063,0.5187,1.0000,,0.00,0.00,,,1.0000,0.0000,0,0.00,0.00,0.0000,0.00,0.0000,1.0000,15214.3,42939.0,7611
token_passing,warehouse_single_dock,wear_high,closest,40,33,false,0.1140,57,0.0029,0.6005,0.3551,0.1765,,1.00,9.61,,0.3250,-54.7619,15719,0.00,1.00,14991.0000,0.00,0.6750,0.4888,9627.9,21155.0,4814
token_passing,warehouse_single_dock,wear_high,closest,40,44,true,0.3860,193,0.0097,0.2580,1.0000,,0.00,0.00,,,1.0000,0.0000,0,0.00,0.00,0.0000,0.00,0.0000,1.0000,7642.5,35891.0,3827
token_passing,warehouse_single_dock,wear_high,closest,40,44,false,0.1180,59,0.0029,0.3224,0.2024,0.2807,,1.00,4.35,,0.1250,-69.4301,25979,0.00,1.00,27456.5000,35.00,0.8750,0.2807,3121.0,12681.0,1561
token_passing,warehouse_single_dock,wear_high,closest,40,55,true,0.3980,199,0.0100,0.2380,1.0000,,0.00,0.00,,,1.0000,0.0000,0,0.00,0.00,0.0000,0.00,0.0000,1.0000,6837.1,17917.0,3422
token_passing,warehouse_single_dock,wear_high,closest,40,55,false,0.1160,58,0.0029,0.3678,0.2419,0.3052,,1.00,7.10,,0.1250,-70.8543,26786,0.00,1.00,34094.5000,0.00,0.8750,0.3222,3433.3,11661.0,1717
token_passing,warehouse_single_dock,wear_high,closest,40,101,true,0.4220,211,0.0106,0.2269,1.0000,,0.00,0.00,,,1.0000,0.0000,0,0.00,0.00,0.0000,0.00,0.0000,1.0000,6564.2,26857.0,3288
token_passing,warehouse_single_dock,wear_high,closest,40,101,false,0.1280,64,0.0032,0.2341,0.2462,0.3130,,1.00,7.41,,0.0500,-69.6682,28216,0.00,1.00,34408.0000,0.00,0.9500,0.2882,1912.5,12649.0,956
token_passing,warehouse_single_dock,wear_high,closest,40,202,true,0.4340,217,0.0109,0.1583,1.0000,,0.00,0.00,,,1.0000,0.0000,0,0.00,0.00,0.0000,0.00,0.0000,1.0000,4514.2,31807.0,2262
token_passing,warehouse_single_dock,wear_high,closest,40,202,false,0.1180,59,0.0029,0.3156,0.1459,0.3452,,1.00,5.00,,0.1000,-72.8111,30635,0.00,1.00,31664.3333,,0.9000,0.2424,1136.2,11055.0,568
token_passing,warehouse_single_dock,wear_high,closest,40,303,true,0.3440,172,0.0086,0.3534,1.0000,,0.00,0.00,,,1.0000,0.0000,0,0.00,0.00,0.0000,0.00,0.0000,1.0000,11003.4,30246.0,5505
token_passing,warehouse_single_dock,wear_high,closest,40,303,false,0.1260,63,0.0032,0.2933,0.2922,0.2545,,1.00,7.28,,0.1000,-63.3721,21205,0.00,1.00,26177.8333,0.00,0.9000,0.3166,1391.2,10333.0,696
token_passing,warehouse_single_dock,wear_high,closest,40,404,true,0.4180,209,0.0104,0.1986,1.0000,,0.00,0.00,,,1.0000,0.0000,0,0.00,0.00,0.0000,0.00,0.0000,1.0000,5795.3,15520.0,2901
token_passing,warehouse_single_dock,wear_high,closest,40,404,false,0.1180,59,0.0029,0.2544,0.1935,0.3333,,1.00,5.91,,0.0500,-71.7703,25454,0.00,1.00,34050.0000,6.00,0.9500,0.2353,1633.6,13535.0,817
token_passing,warehouse_single_dock,wear_high,closest,40,505,true,0.4600,230,0.0115,0.1775,1.0000,,0.00,0.00,,,1.0000,0.0000,0,0.00,0.00,0.0000,0.00,0.0000,1.0000,4907.8,19790.0,2458
token_passing,warehouse_single_dock,wear_high,closest,40,505,false,0.1420,71,0.0036,0.3020,0.3087,0.3155,,1.00,7.43,,0.0750,-69.1304,29072,0.00,1.00,40862.0000,1.00,0.9250,0.3585,2616.8,18683.0,1308
token_passing,warehouse_single_dock,wear_high,closest,40,1111,true,0.4280,214,0.0107,0.1961,1.0000,,0.00,0.00,,,1.0000,0.0000,0,0.00,0.00,0.0000,0.00,0.0000,1.0000,5477.0,18084.0,2742
token_passing,warehouse_single_dock,wear_high,closest,40,1111,false,0.1160,58,0.0029,0.2346,0.2041,0.3273,,1.00,5.94,,0.0250,-72.8972,28191,0.00,1.00,35391.0000,0.00,0.9750,0.2486,2274.0,16218.0,1137
token_passing,warehouse_single_dock,wear_high,closest,40,2222,true,0.2340,117,0.0059,0.5284,1.0000,,0.00,0.00,,,1.0000,0.0000,0,0.00,0.00,0.0000,0.00,0.0000,1.0000,16787.8,45809.0,8397
token_passing,warehouse_single_dock,wear_high,closest,40,2222,false,0.1040,52,0.0025,0.4917,0.2614,0.1604,,1.00,5.56,,0.2500,-55.5556,16368,0.00,1.00,11141.0000,0.00,0.7500,0.3575,4593.7,17196.0,2297
token_passing,warehouse_single_dock,wear_high,closest,40,3333,true,0.2880,144,0.0072,0.4135,1.0000,,0.00,0.00,,,1.0000,0.0000,0,0.00,0.00,0.0000,0.00,0.0000,1.0000,11246.1,29496.0,5626
token_passing,warehouse_single_dock,wear_high,closest,40,3333,false,0.1040,52,0.0026,0.3834,0.2397,0.2251,,1.00,6.45,,0.1500,-63.8889,19723,0.00,1.00,19542.0000,0.00,0.8500,0.3106,1448.6,13658.0,724
token_passing,warehouse_single_dock,wear_high,closest,40,4444,true,0.3700,185,0.0092,0.3043,1.0000,,0.00,0.00,,,1.0000,0.0000,0,0.00,0.00,0.0000,0.00,0.0000,1.0000,9245.2,26245.0,4628
token_passing,warehouse_single_dock,wear_high,closest,40,4444,false,0.1300,65,0.0032,0.1739,0.2547,0.2793,,1.00,5.68,,0.0250,-64.8649,24747,0.00,1.00,26792.5000,0.00,0.9750,0.2476,999.2,9417.0,500
token_passing,warehouse_single_dock,wear_high,closest,40,5555,true,0.3100,155,0.0077,0.4187,1.0000,,0.00,0.00,,,1.0000,0.0000,0,0.00,0.00,0.0000,0.00,0.0000,1.0000,12964.8,39020.0,6485
token_passing,warehouse_single_dock,wear_high,closest,40,5555,false,0.1260,63,0.0032,0.4330,0.2698,0.2055,,1.00,7.50,,0.2000,-59.3548,22173,0.00,1.00,16716.0000,0.00,0.8000,0.3546,5286.9,17088.0,2644
token_passing,warehouse_single_dock,wear_high,closest,40,10000,true,0.4240,212,0.0106,0.2081,1.0000,,0.00,0.00,,,1.0000,0.0000,0,0.00,0.00,0.0000,0.00,0.0000,1.0000,6044.4,20120.0,3026
token_passing,warehouse_single_dock,wear_high,closest,40,10000,false,0.1240,62,0.0029,0.4152,0.1848,0.3310,,1.00,5.83,,0.2000,-70.7547,29047,0.00,1.00,32008.5000,0.00,0.8000,0.3427,2867.4,11682.0,1434
token_passing,warehouse_single_dock,wear_high,closest,40,20000,true,0.3980,199,0.0100,0.2005,1.0000,,0.00,0.00,,,1.0000,0.0000,0,0.00,0.00,0.0000,0.00,0.0000,1.0000,5817.6,17430.0,2912
token_passing,warehouse_single_dock,wear_high,closest,40,20000,false,0.1200,60,0.0030,0.2902,0.2606,0.3100,,1.00,6.61,,0.1000,-69.8492,24848,0.00,1.00,35621.0000,0.00,0.9000,0.3119,2056.2,10734.0,1028
token_passing,warehouse_single_dock,wear_high,closest,40,30000,true,0.3480,174,0.0087,0.3087,1.0000,,0.00,0.00,,,1.0000,0.0000,0,0.00,0.00,0.0000,0.00,0.0000,1.0000,9626.2,35146.0,4816
token_passing,warehouse_single_dock,wear_high,closest,40,30000,false,0.1160,58,0.0029,0.3783,0.2658,0.2602,,1.00,6.97,,0.1500,-66.6667,20828,0.00,1.00,27374.8333,0.00,0.8500,0.3376,3789.7,13424.0,1895
token_passing,warehouse_single_dock,wear_high,closest,40,40000,true,0.4220,211,0.0106,0.1840,1.0000,,0.00,0.00,,,1.0000,0.0000,0,0.00,0.00,0.0000,0.00,0.0000,1.0000,5276.8,13551.0,2644
token_passing,warehouse_single_dock,wear_high,closest,40,40000,false,0.1040,52,0.0026,0.4927,0.1215,0.3210,,1.00,6.04,,0.2500,-75.3555,29656,0.00,1.00,27400.3333,0.00,0.7500,0.3706,5759.5,19217.0,2880
token_passing,warehouse_single_dock,wear_high,closest,40,50000,true,0.3520,176,0.0088,0.3180,1.0000,,0.00,0.00,,,1.0000,0.0000,0,0.00,0.00,0.0000,0.00,0.0000,1.0000,10019.3,34930.0,5013
token_passing,warehouse_single_dock,wear_high,closest,40,50000,false,0.1160,58,0.0029,0.2591,0.2976,0.2633,,1.00,6.24,,0.0500,-67.0455,26656,0.00,1.00,27167.0000,5.00,0.9500,0.2961,1515.4,12435.0,758
token_passing,warehouse_single_dock,zone_50t,random,40,42,true,0.2300,115,0.0057,0.4902,1.0000,,0.00,0.00,,,1.0000,0.0000,0,0.00,0.00,0.0000,0.00,0.0000,1.0000,14359.9,51295.0,7185
token_passing,warehouse_single_dock,zone_50t,random,40,42,false,0.3620,181,0.0091,0.2578,1.7500,0.1471,133.00,1.00,,242,1.0000,57.3913,938,0.08,1.08,8270.3333,0.00,0.3250,0.9904,6553.0,21484.0,3277
token_passing,warehouse_single_dock,zone_50t,random,40,123,true,0.3680,184,0.0092,0.2485,1.0000,,0.00,0.00,,,1.0000,0.0000,0,0.00,0.00,0.0000,0.00,0.0000,1.0000,6967.9,23927.0,3487
token_passing,warehouse_single_dock,zone_50t,random,40,123,false,0.3240,162,0.0081,0.3385,0.8543,0.1845,,1.00,,,1.0000,-11.9565,1951,0.00,1.00,20402.6667,0.00,0.0500,0.9920,9435.1,32658.0,4718
token_passing,warehouse_single_dock,zone_50t,random,40,456,true,0.2260,113,0.0056,0.5146,1.0000,,0.00,0.00,,,1.0000,0.0000,0,0.00,0.00,0.0000,0.00,0.0000,1.0000,15598.5,44807.0,7802
token_passing,warehouse_single_dock,zone_50t,random,40,456,false,0.2820,141,0.0070,0.4352,1.3684,0.1022,175.00,1.00,,292,1.0000,24.7788,854,0.11,1.11,6075.1667,0.00,0.2250,0.9935,12524.0,33755.0,6262
token_passing,warehouse_single_dock,zone_50t,random,40,789,true,0.3660,183,0.0092,0.2867,1.0000,,0.00,0.00,,,1.0000,0.0000,0,0.00,0.00,0.0000,0.00,0.0000,1.0000,8203.6,36544.0,4106
token_passing,warehouse_single_dock,zone_50t,random,40,789,false,0.1460,73,0.0037,0.6450,0.3038,0.2818,,1.00,,,1.0000,-60.1093,15567,0.20,1.20,26296.0000,0.00,0.3750,0.9970,19462.1,40472.0,9731
token_passing,warehouse_single_dock,zone_50t,random,40,1024,true,0.3940,197,0.0098,0.2041,1.0000,,0.00,0.00,,,1.0000,0.0000,0,0.00,0.00,0.0000,0.00,0.0000,1.0000,5543.5,15626.0,2775
token_passing,warehouse_single_dock,zone_50t,random,40,1024,false,0.3860,193,0.0097,0.2120,0.9756,0.2020,,1.00,,,1.0000,-2.0305,322,0.00,1.00,20578.0000,0.00,0.1000,0.9900,5742.1,15451.0,2871
token_passing,warehouse_single_dock,zone_50t,random,40,2048,true,0.4060,203,0.0101,0.1845,1.0000,,0.00,0.00,,,1.0000,0.0000,0,0.00,0.00,0.0000,0.00,0.0000,1.0000,4848.7,15410.0,2427
token_passing,warehouse_single_dock,zone_50t,random,40,2048,false,0.4120,206,0.0103,0.2112,1.0183,0.2319,363.00,1.00,,484,1.0000,1.4778,973,0.08,1.08,20620.6667,0.00,0.3250,0.9896,4873.5,13153.0,2437
token_passing,warehouse_single_dock,zone_50t,random,40,3141,true,0.3960,198,0.0099,0.1970,1.0000,,0.00,0.00,,,1.0000,0.0000,0,0.00,0.00,0.0000,0.00,0.0000,1.0000,5436.5,43015.0,2721
token_passing,warehouse_single_dock,zone_50t,random,40,3141,false,0.2280,114,0.0057,0.5024,0.4847,0.2768,,1.00,,,1.0000,-42.4242,12837,0.00,1.00,25245.8333,0.00,0.3000,0.9951,14251.9,45334.0,7126
token_passing,warehouse_single_dock,zone_50t,random,40,9999,true,0.3800,190,0.0095,0.2347,1.0000,,0.00,0.00,,,1.0000,0.0000,0,0.00,0.00,0.0000,0.00,0.0000,1.0000,6843.0,26821.0,3425
token_passing,warehouse_single_dock,zone_50t,random,40,9999,false,0.4060,203,0.0101,0.1786,1.0802,0.1521,192.00,1.00,,357,1.0000,6.8421,200,0.00,1.00,16738.8333,0.00,0.1250,0.9891,4811.0,21145.0,2405
token_passing,warehouse_single_dock,zone_50t,random,40,1337,true,0.4040,202,0.0101,0.1675,1.0000,,0.00,0.00,,,1.0000,0.0000,0,0.00,0.00,0.0000,0.00,0.0000,1.0000,4616.0,15350.0,2311
token_passing,warehouse_single_dock,zone_50t,random,40,1337,false,0.3760,188,0.0094,0.2185,0.9176,0.1945,,1.00,,,1.0000,-6.9307,3140,0.00,1.00,18670.2500,0.00,0.2000,0.9903,5828.6,44703.0,2914
token_passing,warehouse_single_dock,zone_50t,random,40,7777,true,0.3520,176,0.0088,0.2875,1.0000,,0.00,0.00,,,1.0000,0.0000,0,0.00,0.00,0.0000,0.00,0.0000,1.0000,8303.8,32740.0,4155
token_passing,warehouse_single_dock,zone_50t,random,40,7777,false,0.3540,177,0.0089,0.2878,1.0071,0.1796,363.00,1.00,,490,1.0000,0.5682,3653,0.10,1.10,14311.0000,0.00,0.2500,0.9912,7256.5,20546.0,3628
token_passing,warehouse_single_dock,zone_50t,random,40,11,true,0.2200,110,0.0055,0.5314,1.0000,,0.00,0.00,,,1.0000,0.0000,0,0.00,0.00,0.0000,0.00,0.0000,1.0000,16143.8,38366.0,8075
token_passing,warehouse_single_dock,zone_50t,random,40,11,false,0.1640,82,0.0041,0.6288,0.6267,0.1322,,1.00,,,1.0000,-25.4545,6275,0.11,1.11,8594.0000,0.00,0.2250,0.9971,18645.8,53313.0,9323
token_passing,warehouse_single_dock,zone_50t,random,40,22,true,0.4060,203,0.0101,0.1937,1.0000,,0.00,0.00,,,1.0000,0.0000,0,0.00,0.00,0.0000,0.00,0.0000,1.0000,5294.6,17573.0,2650
token_passing,warehouse_single_dock,zone_50t,random,40,22,false,0.3920,196,0.0098,0.2152,0.9591,0.2319,,1.00,,,1.0000,-3.4483,2569,0.00,1.00,21326.6667,0.00,0.3250,0.9898,5359.5,15668.0,2680
token_passing,warehouse_single_dock,zone_50t,random,40,33,true,0.1240,62,0.0031,0.7247,1.0000,,0.00,0.00,,,1.0000,0.0000,0,0.00,0.00,0.0000,0.00,0.0000,1.0000,23112.3,68908.0,11559
token_passing,warehouse_single_dock,zone_50t,random,40,33,false,0.1280,64,0.0032,0.7175,1.0588,0.0374,115.00,1.00,,260,1.0000,3.2258,132,0.00,1.00,1906.5000,0.00,0.2000,0.9978,21383.0,41465.0,10692
token_passing,warehouse_single_dock,zone_50t,random,40,44,true,0.3740,187,0.0094,0.2641,1.0000,,0.00,0.00,,,1.0000,0.0000,0,0.00,0.00,0.0000,0.00,0.0000,1.0000,7805.7,28112.0,3906
token_passing,warehouse_single_dock,zone_50t,random,40,44,false,0.4080,204,0.0102,0.2131,1.1133,0.1771,254.00,1.00,,399,1.0000,9.0909,694,0.00,1.00,17091.0000,0.00,0.1000,0.9896,5762.2,20188.0,2881
token_passing,warehouse_single_dock,zone_50t,random,40,55,true,0.3880,194,0.0097,0.2058,1.0000,,0.00,0.00,,,1.0000,0.0000,0,0.00,0.00,0.0000,0.00,0.0000,1.0000,6066.9,17950.0,3036
token_passing,warehouse_single_dock,zone_50t,random,40,55,false,0.3880,194,0.0097,0.2228,1.0000,0.1895,353.00,1.00,,500,1.0000,0.0000,787,0.00,1.00,18714.0000,0.00,0.0750,0.9901,6256.1,17932.0,3128
token_passing,warehouse_single_dock,zone_50t,random,40,101,true,0.4320,216,0.0108,0.1877,1.0000,,0.00,0.00,,,1.0000,0.0000,0,0.00,0.00,0.0000,0.00,0.0000,1.0000,4999.9,22086.0,2504
token_passing,warehouse_single_dock,zone_50t,random,40,101,false,0.3640,182,0.0091,0.2598,0.8111,0.2444,,1.00,,,1.0000,-15.7407,6227,0.00,1.00,23090.8333,0.00,0.2250,0.9909,6690.3,26375.0,3345
token_passing,warehouse_single_dock,zone_50t,random,40,202,true,0.3980,199,0.0100,0.2070,1.0000,,0.00,0.00,,,1.0000,0.0000,0,0.00,0.00,0.0000,0.00,0.0000,1.0000,5935.9,33076.0,2971
token_passing,warehouse_single_dock,zone_50t,random,40,202,false,0.4100,205,0.0103,0.1732,1.0368,0.1945,142.00,1.00,,296,1.0000,3.0151,93,0.00,1.00,20763.0000,0.00,0.1000,0.9895,4581.7,16648.0,2291
token_passing,warehouse_single_dock,zone_50t,random,40,303,true,0.3900,195,0.0097,0.2077,1.0000,,0.00,0.00,,,1.0000,0.0000,0,0.00,0.00,0.0000,0.00,0.0000,1.0000,5854.4,85001.0,2933
token_passing,warehouse_single_dock,zone_50t,random,40,303,false,0.4220,211,0.0106,0.2023,1.1000,0.2095,350.00,1.00,,453,1.0000,8.2051,3275,0.00,1.00,17111.5000,64.00,0.3500,0.9890,4370.2,16336.0,2185
token_passing,warehouse_single_dock,zone_50t,random,40,404,true,0.4120,206,0.0103,0.1891,1.0000,,0.00,0.00,,,1.0000,0.0000,0,0.00,0.00,0.0000,0.00,0.0000,1.0000,4988.7,19994.0,2497
token_passing,warehouse_single_dock,zone_50t,random,40,404,false,0.3380,169,0.0084,0.2974,0.7921,0.2419,,1.00,,,1.0000,-17.9612,8082,0.06,1.06,21476.6667,0.00,0.4500,0.9912,7147.2,56655.0,3574
token_passing,warehouse_single_dock,zone_50t,random,40,505,true,0.3820,191,0.0095,0.2548,1.0000,,0.00,0.00,,,1.0000,0.0000,0,0.00,0.00,0.0000,0.00,0.0000,1.0000,7217.0,59048.0,3611
token_passing,warehouse_single_dock,zone_50t,random,40,505,false,0.3900,195,0.0097,0.2333,1.0261,0.2020,339.00,1.00,,458,1.0000,2.0942,3648,0.00,1.00,15381.6667,0.00,0.3750,0.9902,5355.7,15365.0,2678
token_passing,warehouse_single_dock,zone_50t,random,40,1111,true,0.3260,163,0.0081,0.3701,1.0000,,0.00,0.00,,,1.0000,0.0000,0,0.00,0.00,0.0000,0.00,0.0000,1.0000,10836.6,35033.0,5421
token_passing,warehouse_single_dock,zone_50t,random,40,1111,false,0.3960,198,0.0099,0.2400,1.2672,0.1771,90.00,1.00,,220,1.0000,21.4724,358,0.07,1.07,15069.5000,0.00,0.3500,0.9897,6024.6,19383.0,3012
token_passing,warehouse_single_dock,zone_50t,random,40,2222,true,0.3760,188,0.0094,0.2558,1.0000,,0.00,0.00,,,1.0000,0.0000,0,0.00,0.00,0.0000,0.00,0.0000,1.0000,7297.4,19600.0,3652
token_passing,warehouse_single_dock,zone_50t,random,40,2222,false,0.4040,202,0.0101,0.2154,1.0892,0.2170,192.00,1.00,,301,1.0000,7.4468,773,0.00,1.00,18968.0000,0.00,0.3000,0.9893,5571.7,25340.0,2786
token_passing,warehouse_single_dock,zone_50t,random,40,3333,true,0.3280,164,0.0082,0.2949,1.0000,,0.00,0.00,,,1.0000,0.0000,0,0.00,0.00,0.0000,0.00,0.0000,1.0000,8106.1,27795.0,4057
token_passing,warehouse_single_dock,zone_50t,random,40,3333,false,0.4000,200,0.0100,0.1849,1.2707,0.1521,170.00,1.00,,302,1.0000,21.9512,730,0.00,1.00,14029.2500,0.00,0.1250,0.9895,4772.6,23269.0,2386
token_passing,warehouse_single_dock,zone_50t,random,40,4444,true,0.3780,189,0.0095,0.2493,1.0000,,0.00,0.00,,,1.0000,0.0000,0,0.00,0.00,0.0000,0.00,0.0000,1.0000,7430.1,27780.0,3718
token_passing,warehouse_single_dock,zone_50t,random,40,4444,false,0.3480,174,0.0112,0.2888,0.9000,0.2369,,1.00,,,1.0000,-7.9365,5954,0.06,1.06,19079.0000,0.00,0.4000,0.9885,7136.0,25132.0,3568
token_passing,warehouse_single_dock,zone_50t,random,40,5555,true,0.3860,193,0.0097,0.2210,1.0000,,0.00,0.00,,,1.0000,0.0000,0,0.00,0.00,0.0000,0.00,0.0000,1.0000,6308.8,18435.0,3157
token_passing,warehouse_single_dock,zone_50t,random,40,5555,false,0.3940,197,0.0098,0.2297,1.0250,0.1970,279.00,1.00,,436,1.0000,2.0725,157,0.00,1.00,20168.5000,0.00,0.1250,0.9898,6336.2,27003.0,3168
token_passing,warehouse_single_dock,zone_50t,random,40,10000,true,0.3980,199,0.0100,0.2116,1.0000,,0.00,0.00,,,1.0000,0.0000,0,0.00,0.00,0.0000,0.00,0.0000,1.0000,6022.1,18457.0,3014
token_passing,warehouse_single_dock,zone_50t,random,40,10000,false,0.3660,183,0.0140,0.2755,0.9048,0.2469,,1.00,,,1.0000,-8.0402,5788,0.00,1.00,20739.0000,64.00,0.4000,0.9844,6644.2,18253.0,3322
token_passing,warehouse_single_dock,zone_50t,random,40,20000,true,0.3860,193,0.0097,0.2083,1.0000,,0.00,0.00,,,1.0000,0.0000,0,0.00,0.00,0.0000,0.00,0.0000,1.0000,5756.9,28629.0,2881
token_passing,warehouse_single_dock,zone_50t,random,40,20000,false,0.2400,120,0.0060,0.4661,0.5521,0.2594,,1.00,,,1.0000,-37.8238,10312,0.00,1.00,23362.0000,0.00,0.3000,0.9944,12501.1,38718.0,6251
token_passing,warehouse_single_dock,zone_50t,random,40,30000,true,0.3920,196,0.0098,0.2152,1.0000,,0.00,0.00,,,1.0000,0.0000,0,0.00,0.00,0.0000,0.00,0.0000,1.0000,5947.3,18937.0,2976
token_passing,warehouse_single_dock,zone_50t,random,40,30000,false,0.3600,180,0.0090,0.2772,0.9036,0.2045,,1.00,,,1.0000,-8.1633,3929,0.00,1.00,21364.0000,0.00,0.2000,0.9906,7717.4,28458.0,3859
token_passing,warehouse_single_dock,zone_50t,random,40,40000,true,0.4320,216,0.0108,0.1809,1.0000,,0.00,0.00,,,1.0000,0.0000,0,0.00,0.00,0.0000,0.00,0.0000,1.0000,4707.7,14047.0,2357
token_passing,warehouse_single_dock,zone_50t,random,40,40000,false,0.4060,203,0.0101,0.2419,0.9290,0.2120,,1.00,,,1.0000,-6.0185,3550,0.00,1.00,21319.5000,0.00,0.2000,0.9894,6145.8,17807.0,3073
token_passing,warehouse_single_dock,zone_50t,random,40,50000,true,0.3980,199,0.0100,0.1921,1.0000,,0.00,0.00,,,1.0000,0.0000,0,0.00,0.00,0.0000,0.00,0.0000,1.0000,5372.7,16588.0,2689
token_passing,warehouse_single_dock,zone_50t,random,40,50000,false,0.3920,196,0.0098,0.2059,0.9822,0.2145,,1.00,,,1.0000,-1.5075,3332,0.09,1.09,18903.8333,0.00,0.2750,0.9897,4529.9,12853.0,2265
token_passing,warehouse_single_dock,zone_50t,closest,40,42,true,0.3940,197,0.0098,0.2453,1.0000,,0.00,0.00,,,1.0000,0.0000,0,0.00,0.00,0.0000,0.00,0.0000,1.0000,7257.0,54916.0,3631
token_passing,warehouse_single_dock,zone_50t,closest,40,42,false,0.4000,200,0.0100,0.2219,1.0191,0.1945,296.00,1.00,,409,1.0000,1.5228,1994,0.08,1.08,18492.5000,0.00,0.3000,0.9900,5319.9,25407.0,2660
token_passing,warehouse_single_dock,zone_50t,closest,40,123,true,0.4440,222,0.0111,0.1882,1.0000,,0.00,0.00,,,1.0000,0.0000,0,0.00,0.00,0.0000,0.00,0.0000,1.0000,5038.4,23192.0,2525
token_passing,warehouse_single_dock,zone_50t,closest,40,123,false,0.3160,158,0.0079,0.4024,0.6444,0.2569,,1.00,,,1.0000,-28.8288,5695,0.00,1.00,24894.5000,0.00,0.0750,0.9928,11368.7,35099.0,5684
token_passing,warehouse_single_dock,zone_50t,closest,40,456,true,0.4260,213,0.0106,0.2081,1.0000,,0.00,0.00,,,1.0000,0.0000,0,0.00,0.00,0.0000,0.00,0.0000,1.0000,5818.3,24640.0,2912
token_passing,warehouse_single_dock,zone_50t,closest,40,456,false,0.3560,178,0.0089,0.3263,0.8011,0.2469,,1.00,,,1.0000,-16.4319,6114,0.00,1.00,22887.0000,0.00,0.2500,0.9912,8751.7,23389.0,4376
token_passing,warehouse_single_dock,zone_50t,closest,40,789,true,0.4000,200,0.0100,0.2041,1.0000,,0.00,0.00,,,1.0000,0.0000,0,0.00,0.00,0.0000,0.00,0.0000,1.0000,5497.7,16803.0,2752
token_passing,warehouse_single_dock,zone_50t,closest,40,789,false,0.3940,197,0.0123,0.2405,0.9820,0.2294,,1.00,,,1.0000,-1.5000,3727,0.00,1.00,20692.0000,59.00,0.3000,0.9867,5462.6,18508.0,2731
token_passing,warehouse_single_dock,zone_50t,closest,40,1024,true,0.2060,103,0.0052,0.5541,1.0000,,0.00,0.00,,,1.0000,0.0000,0,0.00,0.00,0.0000,0.00,0.0000,1.0000,16653.1,43925.0,8330
token_passing,warehouse_single_dock,zone_50t,closest,40,1024,false,0.3060,153,0.0076,0.4000,1.7937,0.0723,48.00,1.00,,189,1.0000,48.5437,80,0.00,1.00,5925.5000,0.00,0.1250,0.9930,10829.6,25812.0,5415
token_passing,warehouse_single_dock,zone_50t,closest,40,2048,true,0.3960,198,0.0099,0.2648,1.0000,,0.00,0.00,,,1.0000,0.0000,0,0.00,0.00,0.0000,0.00,0.0000,1.0000,6949.2,22567.0,3478
token_passing,warehouse_single_dock,zone_50t,closest,40,2048,false,0.3980,199,0.0100,0.2758,1.0066,0.2045,375.00,1.00,,490,1.0000,0.5051,933,0.00,1.00,17996.6667,0.00,0.2250,0.9905,6187.7,45087.0,3094
token_passing,warehouse_single_dock,zone_50t,closest,40,3141,true,0.4100,205,0.0103,0.1944,1.0000,,0.00,0.00,,,1.0000,0.0000,0,0.00,0.00,0.0000,0.00,0.0000,1.0000,5447.0,18891.0,2727
token_passing,warehouse_single_dock,zone_50t,closest,40,3141,false,0.3860,193,0.0097,0.2372,0.9264,0.2344,,1.00,,,1.0000,-5.8537,1612,0.00,1.00,21907.5000,0.00,0.1750,0.9906,5866.6,25906.0,2933
token_passing,warehouse_single_dock,zone_50t,closest,40,9999,true,0.4040,202,0.0101,0.2078,1.0000,,0.00,0.00,,,1.0000,0.0000,0,0.00,0.00,0.0000,0.00,0.0000,1.0000,6245.0,71553.0,3130
token_passing,warehouse_single_dock,zone_50t,closest,40,9999,false,0.4260,213,0.0106,0.1761,1.0683,0.1820,265.00,1.00,,422,1.0000,5.4455,1074,0.00,1.00,17526.4167,0.00,0.1000,0.9893,4542.2,13073.0,2271
token_passing,warehouse_single_dock,zone_50t,closest,40,1337,true,0.4240,212,0.0106,0.1946,1.0000,,0.00,0.00,,,1.0000,0.0000,0,0.00,0.00,0.0000,0.00,0.0000,1.0000,5340.1,20680.0,2673
token_passing,warehouse_single_dock,zone_50t,closest,40,1337,false,0.3700,185,0.0092,0.2590,0.8483,0.2594,,1.00,,,1.0000,-12.7358,3746,0.08,1.08,24028.5000,0.00,0.3250,0.9906,6516.4,35183.0,3258
token_passing,warehouse_single_dock,zone_50t,closest,40,7777,true,0.3840,192,0.0096,0.3004,1.0000,,0.00,0.00,,,1.0000,0.0000,0,0.00,0.00,0.0000,0.00,0.0000,1.0000,8300.7,26494.0,4153
token_passing,warehouse_single_dock,zone_50t,closest,40,7777,false,0.2160,108,0.0054,0.5935,0.4085,0.2244,,1.00,,,1.0000,-43.7500,16500,0.00,1.00,18114.6667,0.00,0.3000,0.9964,16970.2,44952.0,8485
token_passing,warehouse_single_dock,zone_50t,closest,40,11,true,0.1820,91,0.0046,0.6349,1.0000,,0.00,0.00,,,1.0000,0.0000,0,0.00,0.00,0.0000,0.00,0.0000,1.0000,18093.6,73764.0,9054
token_passing,warehouse_single_dock,zone_50t,closest,40,11,false,0.1600,80,0.0040,0.6779,0.7963,0.0973,,1.00,,,1.0000,-12.0879,2737,0.00,1.00,7062.5000,0.00,0.2500,0.9973,18711.8,38569.0,9356
token_passing,warehouse_single_dock,zone_50t,closest,40,22,true,0.3960,198,0.0099,0.2698,1.0000,,0.00,0.00,,,1.0000,0.0000,0,0.00,0.00,0.0000,0.00,0.0000,1.0000,7842.4,27009.0,3924
token_passing,warehouse_single_dock,zone_50t,closest,40,22,false,0.2540,127,0.0063,0.4976,0.5235,0.2569,,1.00,,,1.0000,-35.8586,11545,0.00,1.00,22278.5000,0.00,0.2750,0.9951,13979.6,33032.0,6990
token_passing,warehouse_single_dock,zone_50t,closest,40,33,true,0.2520,126,0.0063,0.5187,1.0000,,0.00,0.00,,,1.0000,0.0000,0,0.00,0.00,0.0000,0.00,0.0000,1.0000,15214.3,42939.0,7611
token_passing,warehouse_single_dock,zone_50t,closest,40,33,false,0.2200,110,0.0055,0.5830,0.8261,0.1222,,1.00,,,1.0000,-12.6984,2658,0.00,1.00,9719.5000,0.00,0.2250,0.9953,16583.4,48891.0,8292
token_passing,warehouse_single_dock,zone_50t,closest,40,44,true,0.3860,193,0.0097,0.2580,1.0000,,0.00,0.00,,,1.0000,0.0000,0,0.00,0.00,0.0000,0.00,0.0000,1.0000,7642.5,35891.0,3827
token_passing,warehouse_single_dock,zone_50t,closest,40,44,false,0.3500,175,0.0088,0.3185,0.8808,0.1746,,1.00,,,1.0000,-9.3264,2979,0.00,1.00,17108.6667,0.00,0.1250,0.9917,8718.6,27085.0,4359
token_passing,warehouse_single_dock,zone_50t,closest,40,55,true,0.3980,199,0.0100,0.2380,1.0000,,0.00,0.00,,,1.0000,0.0000,0,0.00,0.00,0.0000,0.00,0.0000,1.0000,6837.1,17917.0,3422
token_passing,warehouse_single_dock,zone_50t,closest,40,55,false,0.4180,209,0.0104,0.2227,1.0637,0.1771,300.00,1.00,,441,1.0000,5.0251,513,0.00,1.00,18799.5000,0.00,0.0500,0.9896,5995.0,19401.0,2997
token_passing,warehouse_single_dock,zone_50t,closest,40,101,true,0.4220,211,0.0106,0.2269,1.0000,,0.00,0.00,,,1.0000,0.0000,0,0.00,0.00,0.0000,0.00,0.0000,1.0000,6564.2,26857.0,3288
token_passing,warehouse_single_dock,zone_50t,closest,40,101,false,0.4020,201,0.0100,0.2306,0.9405,0.2319,,1.00,,,1.0000,-4.7393,5935,0.00,1.00,19786.0000,0.00,0.3250,0.9901,5497.4,22892.0,2749
token_passing,warehouse_single_dock,zone_50t,closest,40,202,true,0.4340,217,0.0109,0.1583,1.0000,,0.00,0.00,,,1.0000,0.0000,0,0.00,0.00,0.0000,0.00,0.0000,1.0000,4514.2,31807.0,2262
token_passing,warehouse_single_dock,zone_50t,closest,40,202,false,0.4300,215,0.0107,0.1857,0.9886,0.1870,,1.00,,,1.0000,-0.9217,295,0.00,1.00,20922.1667,0.00,0.0500,0.9892,4948.4,19389.0,2474
token_passing,warehouse_single_dock,zone_50t,closest,40,303,true,0.3440,172,0.0086,0.3534,1.0000,,0.00,0.00,,,1.0000,0.0000,0,0.00,0.00,0.0000,0.00,0.0000,1.0000,11003.4,30246.0,5505
token_passing,warehouse_single_dock,zone_50t,closest,40,303,false,0.4080,204,0.0102,0.2278,1.2424,0.1820,168.00,1.00,,268,1.0000,18.6047,1214,0.06,1.06,14489.0000,54.00,0.4250,0.9898,5146.2,16145.0,2573
token_passing,warehouse_single_dock,zone_50t,closest,40,404,true,0.4180,209,0.0104,0.1986,1.0000,,0.00,0.00,,,1.0000,0.0000,0,0.00,0.00,0.0000,0.00,0.0000,1.0000,5795.3,15520.0,2901
token_passing,warehouse_single_dock,zone_50t,closest,40,404,false,0.3880,194,0.0097,0.2303,0.9143,0.2145,,1.00,,,1.0000,-7.1770,4751,0.00,1.00,21630.5000,0.00,0.2500,0.9900,5788.9,61535.0,2894
token_passing,warehouse_single_dock,zone_50t,closest,40,505,true,0.4600,230,0.0115,0.1775,1.0000,,0.00,0.00,,,1.0000,0.0000,0,0.00,0.00,0.0000,0.00,0.0000,1.0000,4907.8,19790.0,2458
token_passing,warehouse_single_dock,zone_50t,closest,40,505,false,0.4120,206,0.0103,0.2576,0.8710,0.2070,,1.00,,,1.0000,-10.4348,6837,0.09,1.09,19415.0000,0.00,0.2750,0.9899,6289.4,13711.0,3145
token_passing,warehouse_single_dock,zone_50t,closest,40,1111,true,0.4280,214,0.0107,0.1961,1.0000,,0.00,0.00,,,1.0000,0.0000,0,0.00,0.00,0.0000,0.00,0.0000,1.0000,5477.0,18084.0,2742
token_passing,warehouse_single_dock,zone_50t,closest,40,1111,false,0.2860,143,0.0072,0.4387,0.6011,0.2818,,1.00,,,1.0000,-33.1776,9956,0.00,1.00,26521.0000,0.00,0.2500,0.9933,12486.1,56046.0,6243
token_passing,warehouse_single_dock,zone_50t,closest,40,2222,true,0.2340,117,0.0059,0.5284,1.0000,,0.00,0.00,,,1.0000,0.0000,0,0.00,0.00,0.0000,0.00,0.0000,1.0000,16787.8,45809.0,8397
token_passing,warehouse_single_dock,zone_50t,closest,40,2222,false,0.3600,180,0.0090,0.2953,1.7975,0.1072,158.00,1.00,,272,1.0000,53.8462,668,0.10,1.10,8033.0000,0.00,0.2500,0.9911,7660.1,22345.0,3830
token_passing,warehouse_single_dock,zone_50t,closest,40,3333,true,0.2880,144,0.0072,0.4135,1.0000,,0.00,0.00,,,1.0000,0.0000,0,0.00,0.00,0.0000,0.00,0.0000,1.0000,11246.1,29496.0,5626
token_passing,warehouse_single_dock,zone_50t,closest,40,3333,false,0.3940,197,0.0098,0.2142,1.4818,0.1546,86.00,1.00,,214,1.0000,36.8056,191,0.00,1.00,12772.3333,0.00,0.2250,0.9898,5398.0,14476.0,2699
token_passing,warehouse_single_dock,zone_50t,closest,40,4444,true,0.3700,185,0.0092,0.3043,1.0000,,0.00,0.00,,,1.0000,0.0000,0,0.00,0.00,0.0000,0.00,0.0000,1.0000,9245.2,26245.0,4628
token_passing,warehouse_single_dock,zone_50t,closest,40,4444,false,0.4220,211,0.0155,0.2092,1.1926,0.1945,300.00,3.00,,401,1.0000,14.0541,2720,0.05,1.05,16064.6667,60.00,0.4750,0.9839,4358.6,15215.0,2179
token_passing,warehouse_single_dock,zone_50t,closest,40,5555,true,0.3100,155,0.0077,0.4187,1.0000,,0.00,0.00,,,1.0000,0.0000,0,0.00,0.00,0.0000,0.00,0.0000,1.0000,12964.8,39020.0,6485
token_passing,warehouse_single_dock,zone_50t,closest,40,5555,false,0.3240,162,0.0081,0.4155,1.0619,0.1222,308.00,1.00,,468,1.0000,4.5161,1632,0.00,1.00,10340.3333,0.00,0.1000,0.9925,12064.5,32004.0,6032
token_passing,warehouse_single_dock,zone_50t,closest,40,10000,true,0.4240,212,0.0106,0.2081,1.0000,,0.00,0.00,,,1.0000,0.0000,0,0.00,0.00,0.0000,0.00,0.0000,1.0000,6044.4,20120.0,3026
token_passing,warehouse_single_dock,zone_50t,closest,40,10000,false,0.3960,198,0.0099,0.2488,0.9195,0.2643,,2.00,,,1.0000,-6.6038,7345,0.06,1.06,21223.3333,57.00,0.4250,0.9900,5544.9,14653.0,2772
token_passing,warehouse_single_dock,zone_50t,closest,40,20000,true,0.3980,199,0.0100,0.2005,1.0000,,0.00,0.00,,,1.0000,0.0000,0,0.00,0.00,0.0000,0.00,0.0000,1.0000,5817.6,17430.0,2912
token_passing,warehouse_single_dock,zone_50t,closest,40,20000,false,0.3960,198,0.0099,0.2120,0.9938,0.2045,,1.00,,,1.0000,-0.5025,3190,0.00,1.00,18283.0000,0.00,0.3250,0.9900,4749.4,16445.0,2375
token_passing,warehouse_single_dock,zone_50t,closest,40,30000,true,0.3480,174,0.0087,0.3087,1.0000,,0.00,0.00,,,1.0000,0.0000,0,0.00,0.00,0.0000,0.00,0.0000,1.0000,9626.2,35146.0,4816
token_passing,warehouse_single_dock,zone_50t,closest,40,30000,false,0.3400,170,0.0085,0.3144,0.9716,0.1995,,1.00,,,1.0000,-2.2989,1236,0.00,1.00,17757.8333,0.00,0.2250,0.9915,8035.0,24730.0,4018
token_passing,warehouse_single_dock,zone_50t,closest,40,40000,true,0.4220,211,0.0106,0.1840,1.0000,,0.00,0.00,,,1.0000,0.0000,0,0.00,0.00,0.0000,0.00,0.0000,1.0000,5276.8,13551.0,2644
token_passing,warehouse_single_dock,zone_50t,closest,40,40000,false,0.4120,206,0.0103,0.2109,0.9719,0.1920,,1.00,,,1.0000,-2.3697,1502,0.00,1.00,20413.5000,0.00,0.1500,0.9892,5439.0,17244.0,2719
token_passing,warehouse_single_dock,zone_50t,closest,40,50000,true,0.3520,176,0.0088,0.3180,1.0000,,0.00,0.00,,,1.0000,0.0000,0,0.00,0.00,0.0000,0.00,0.0000,1.0000,10019.3,34930.0,5013
token_passing,warehouse_single_dock,zone_50t,closest,40,50000,false,0.4240,212,0.0106,0.1959,1.2707,0.1820,239.00,1.00,,356,1.0000,20.4545,1627,0.09,1.09,14106.5000,0.00,0.2750,0.9895,4465.8,14741.0,2233
token_passing,warehouse_single_dock,intermittent_80s80m15r,random,40,42,true,0.2300,115,0.0057,0.4902,1.0000,,0.00,0.00,,,1.0000,0.0000,0,0.00,0.00,0.0000,0.00,0.0000,1.0000,14359.9,51295.0,7185
token_passing,warehouse_single_dock,intermittent_80s80m15r,random,40,42,false,0.3020,151,0.0097,0.3570,1.3789,0.1357,242.00,1.00,2.59,328,1.0000,31.3043,1851,0.11,1.12,8528.0000,0.00,0.9750,0.9897,6837.8,14846.0,3420
token_passing,warehouse_single_dock,intermittent_80s80m15r,random,40,123,true,0.3680,184,0.0092,0.2485,1.0000,,0.00,0.00,,,1.0000,0.0000,0,0.00,0.00,0.0000,0.00,0.0000,1.0000,6967.9,23927.0,3487
token_passing,warehouse_single_dock,intermittent_80s80m15r,random,40,123,false,0.3200,160,0.0101,0.3225,0.8528,0.1981,,1.00,2.55,,1.0000,-13.0435,6605,0.06,1.06,19925.5000,0.00,1.0000,0.9892,5907.2,19846.0,2955
token_passing,warehouse_single_dock,intermittent_80s80m15r,random,40,456,true,0.2260,113,0.0056,0.5146,1.0000,,0.00,0.00,,,1.0000,0.0000,0,0.00,0.00,0.0000,0.00,0.0000,1.0000,15598.5,44807.0,7802
token_passing,warehouse_single_dock,intermittent_80s80m15r,random,40,456,false,0.3120,156,0.0099,0.3575,1.4943,0.1223,264.00,1.00,2.36,355,1.0000,38.0531,2911,0.06,1.06,6699.0000,0.00,1.0000,0.9897,6517.6,19613.0,3260
token_passing,warehouse_single_dock,intermittent_80s80m15r,random,40,789,true,0.3660,183,0.0092,0.2867,1.0000,,0.00,0.00,,,1.0000,0.0000,0,0.00,0.00,0.0000,0.00,0.0000,1.0000,8203.6,36544.0,4106
token_passing,warehouse_single_dock,intermittent_80s80m15r,random,40,789,false,0.2980,149,0.0089,0.3670,0.7939,0.2190,,1.00,2.65,,1.0000,-18.5792,5270,0.04,1.04,24692.6667,0.00,1.0000,0.9905,7543.2,19757.0,3775
token_passing,warehouse_single_dock,intermittent_80s80m15r,random,40,1024,true,0.3940,197,0.0098,0.2041,1.0000,,0.00,0.00,,,1.0000,0.0000,0,0.00,0.00,0.0000,0.00,0.0000,1.0000,5543.5,15626.0,2775
token_passing,warehouse_single_dock,intermittent_80s80m15r,random,40,1024,false,0.2380,119,0.0072,0.4497,0.5465,0.2833,,1.00,2.18,,1.0000,-39.5939,11432,0.05,1.05,27337.0000,0.00,1.0000,0.9930,9943.4,38199.0,4973
token_passing,warehouse_single_dock,intermittent_80s80m15r,random,40,2048,true,0.4060,203,0.0101,0.1845,1.0000,,0.00,0.00,,,1.0000,0.0000,0,0.00,0.00,0.0000,0.00,0.0000,1.0000,4848.7,15410.0,2427
token_passing,warehouse_single_dock,intermittent_80s80m15r,random,40,2048,false,0.2820,141,0.0084,0.4191,0.6457,0.2548,,1.00,2.76,,1.0000,-30.5419,11011,0.04,1.04,24586.0000,0.00,1.0000,0.9916,9697.5,25518.0,4850
token_passing,warehouse_single_dock,intermittent_80s80m15r,random,40,3141,true,0.3960,198,0.0099,0.1970,1.0000,,0.00,0.00,,,1.0000,0.0000,0,0.00,0.00,0.0000,0.00,0.0000,1.0000,5436.5,43015.0,2721
token_passing,warehouse_single_dock,intermittent_80s80m15r,random,40,3141,false,0.3200,160,0.0087,0.3192,0.7778,0.2286,,1.00,2.95,,1.0000,-19.1919,8821,0.10,1.10,23558.1667,0.00,1.0000,0.9913,5527.9,19923.0,2765
token_passing,warehouse_single_dock,intermittent_80s80m15r,random,40,9999,true,0.3800,190,0.0095,0.2347,1.0000,,0.00,0.00,,,1.0000,0.0000,0,0.00,0.00,0.0000,0.00,0.0000,1.0000,6843.0,26821.0,3425
token_passing,warehouse_single_dock,intermittent_80s80m15r,random,40,9999,false,0.3120,156,0.0085,0.3289,0.7964,0.2368,,1.00,2.39,,1.0000,-17.8947,7643,0.07,1.07,22772.5000,0.00,1.0000,0.9912,5901.2,20824.0,2952
token_passing,warehouse_single_dock,intermittent_80s80m15r,random,40,1337,true,0.4040,202,0.0101,0.1675,1.0000,,0.00,0.00,,,1.0000,0.0000,0,0.00,0.00,0.0000,0.00,0.0000,1.0000,4616.0,15350.0,2311
token_passing,warehouse_single_dock,intermittent_80s80m15r,random,40,1337,false,0.2980,149,0.0089,0.3347,0.7006,0.2308,,1.00,2.51,,1.0000,-26.2376,10644,0.06,1.06,23372.0000,0.00,1.0000,0.9909,5910.9,17204.0,2956
token_passing,warehouse_single_dock,intermittent_80s80m15r,random,40,7777,true,0.3520,176,0.0088,0.2875,1.0000,,0.00,0.00,,,1.0000,0.0000,0,0.00,0.00,0.0000,0.00,0.0000,1.0000,8303.8,32740.0,4155
token_passing,warehouse_single_dock,intermittent_80s80m15r,random,40,7777,false,0.2660,133,0.0073,0.4425,0.7114,0.2148,,1.00,2.70,,1.0000,-24.4318,11722,0.02,1.02,18784.5000,0.00,0.9750,0.9928,11087.5,47989.0,5544
token_passing,warehouse_single_dock,intermittent_80s80m15r,random,40,11,true,0.2200,110,0.0055,0.5314,1.0000,,0.00,0.00,,,1.0000,0.0000,0,0.00,0.00,0.0000,0.00,0.0000,1.0000,16143.8,38366.0,8075
token_passing,warehouse_single_dock,intermittent_80s80m15r,random,40,11,false,0.3260,163,0.0089,0.3379,1.6023,0.1100,147.00,1.00,2.19,237,1.0000,48.1818,594,0.07,1.07,7394.0000,0.00,1.0000,0.9907,4993.3,14401.0,2498
token_passing,warehouse_single_dock,intermittent_80s80m15r,random,40,22,true,0.4060,203,0.0101,0.1937,1.0000,,0.00,0.00,,,1.0000,0.0000,0,0.00,0.00,0.0000,0.00,0.0000,1.0000,5294.6,17573.0,2650
token_passing,warehouse_single_dock,intermittent_80s80m15r,random,40,22,false,0.3240,162,0.0088,0.3182,0.7697,0.2595,,1.00,2.21,,1.0000,-20.1970,6498,0.08,1.08,25841.3333,0.00,1.0000,0.9910,4587.1,19268.0,2295
token_passing,warehouse_single_dock,intermittent_80s80m15r,random,40,33,true,0.1240,62,0.0031,0.7247,1.0000,,0.00,0.00,,,1.0000,0.0000,0,0.00,0.00,0.0000,0.00,0.0000,1.0000,23112.3,68908.0,11559
token_passing,warehouse_single_dock,intermittent_80s80m15r,random,40,33,false,0.1580,79,0.0040,0.6713,1.4250,0.0738,180.00,1.00,2.70,266,1.0000,27.4194,537,0.00,1.00,2856.0000,0.00,0.9750,0.9966,18532.5,37264.0,9267
token_passing,warehouse_single_dock,intermittent_80s80m15r,random,40,44,true,0.3740,187,0.0094,0.2641,1.0000,,0.00,0.00,,,1.0000,0.0000,0,0.00,0.00,0.0000,0.00,0.0000,1.0000,7805.7,28112.0,3906
token_passing,warehouse_single_dock,intermittent_80s80m15r,random,40,44,false,0.3100,155,0.0077,0.3407,0.8000,0.2368,,1.00,2.59,,1.0000,-17.1123,7543,0.05,1.05,23463.0000,0.00,1.0000,0.9923,6163.4,20854.0,3083
token_passing,warehouse_single_dock,intermittent_80s80m15r,random,40,55,true,0.3880,194,0.0097,0.2058,1.0000,,0.00,0.00,,,1.0000,0.0000,0,0.00,0.00,0.0000,0.00,0.0000,1.0000,6066.9,17950.0,3036
token_passing,warehouse_single_dock,intermittent_80s80m15r,random,40,55,false,0.3200,160,0.0080,0.3293,0.7939,0.2333,,1.00,2.62,,1.0000,-17.5258,8058,0.07,1.07,23731.6667,0.00,1.0000,0.9922,6161.0,17009.0,3081
token_passing,warehouse_single_dock,intermittent_80s80m15r,random,40,101,true,0.4320,216,0.0108,0.1877,1.0000,,0.00,0.00,,,1.0000,0.0000,0,0.00,0.00,0.0000,0.00,0.0000,1.0000,4999.9,22086.0,2504
token_passing,warehouse_single_dock,intermittent_80s80m15r,random,40,101,false,0.3400,170,0.0092,0.3186,0.7579,0.2786,,1.00,2.52,,1.0000,-21.2963,10659,0.09,1.09,27565.1667,0.00,0.9750,0.9906,5474.8,13457.0,2738
token_passing,warehouse_single_dock,intermittent_80s80m15r,random,40,202,true,0.3980,199,0.0100,0.2070,1.0000,,0.00,0.00,,,1.0000,0.0000,0,0.00,0.00,0.0000,0.00,0.0000,1.0000,5935.9,33076.0,2971
token_passing,warehouse_single_dock,intermittent_80s80m15r,random,40,202,false,0.2960,148,0.0074,0.3521,0.7052,0.2470,,1.00,2.60,,1.0000,-25.6281,9731,0.07,1.08,25732.5000,0.00,1.0000,0.9927,6795.6,21875.0,3399
token_passing,warehouse_single_dock,intermittent_80s80m15r,random,40,303,true,0.3900,195,0.0097,0.2077,1.0000,,0.00,0.00,,,1.0000,0.0000,0,0.00,0.00,0.0000,0.00,0.0000,1.0000,5854.4,85001.0,2933
token_passing,warehouse_single_dock,intermittent_80s80m15r,random,40,303,false,0.3660,183,0.0106,0.2794,0.9298,0.2333,,1.00,2.70,,1.0000,-6.1538,5993,0.08,1.09,21411.3333,0.00,0.9750,0.9889,4192.8,26145.0,2097
token_passing,warehouse_single_dock,intermittent_80s80m15r,random,40,404,true,0.4120,206,0.0103,0.1891,1.0000,,0.00,0.00,,,1.0000,0.0000,0,0.00,0.00,0.0000,0.00,0.0000,1.0000,4988.7,19994.0,2497
token_passing,warehouse_single_dock,intermittent_80s80m15r,random,40,404,false,0.3160,158,0.0079,0.3399,0.7377,0.2554,,1.00,2.60,,1.0000,-23.3010,9305,0.09,1.09,25261.0000,0.00,1.0000,0.9919,6249.8,16431.0,3126
token_passing,warehouse_single_dock,intermittent_80s80m15r,random,40,505,true,0.3820,191,0.0095,0.2548,1.0000,,0.00,0.00,,,1.0000,0.0000,0,0.00,0.00,0.0000,0.00,0.0000,1.0000,7217.0,59048.0,3611
token_passing,warehouse_single_dock,intermittent_80s80m15r,random,40,505,false,0.2600,130,0.0072,0.4673,0.6235,0.2452,,1.00,2.71,,1.0000,-31.9372,12066,0.04,1.04,21828.5000,0.00,0.9750,0.9932,11843.9,45233.0,5923
token_passing,warehouse_single_dock,intermittent_80s80m15r,random,40,1111,true,0.3260,163,0.0081,0.3701,1.0000,,0.00,0.00,,,1.0000,0.0000,0,0.00,0.00,0.0000,0.00,0.0000,1.0000,10836.6,35033.0,5421
token_passing,warehouse_single_dock,intermittent_80s80m15r,random,40,1111,false,0.2320,116,0.0089,0.4908,0.6519,0.2119,,1.00,2.54,,1.0000,-28.8344,7555,0.04,1.05,20447.6667,0.00,1.0000,0.9911,11818.2,31619.0,5910
token_passing,warehouse_single_dock,intermittent_80s80m15r,random,40,2222,true,0.3760,188,0.0094,0.2558,1.0000,,0.00,0.00,,,1.0000,0.0000,0,0.00,0.00,0.0000,0.00,0.0000,1.0000,7297.4,19600.0,3652
token_passing,warehouse_single_dock,intermittent_80s80m15r,random,40,2222,false,0.3140,157,0.0086,0.3674,0.8098,0.2374,,1.00,2.34,,1.0000,-16.4894,8224,0.07,1.07,22394.6667,0.00,1.0000,0.9912,6632.3,17750.0,3317
token_passing,warehouse_single_dock,intermittent_80s80m15r,random,40,3333,true,0.3280,164,0.0082,0.2949,1.0000,,0.00,0.00,,,1.0000,0.0000,0,0.00,0.00,0.0000,0.00,0.0000,1.0000,8106.1,27795.0,4057
token_passing,warehouse_single_dock,intermittent_80s80m15r,random,40,3333,false,0.2980,149,0.0075,0.3548,0.8929,0.1971,,1.00,2.58,,1.0000,-9.1463,7932,0.07,1.07,15654.0000,0.00,1.0000,0.9925,6964.0,24444.0,3483
token_passing,warehouse_single_dock,intermittent_80s80m15r,random,40,4444,true,0.3780,189,0.0095,0.2493,1.0000,,0.00,0.00,,,1.0000,0.0000,0,0.00,0.00,0.0000,0.00,0.0000,1.0000,7430.1,27780.0,3718
token_passing,warehouse_single_dock,intermittent_80s80m15r,random,40,4444,false,0.3380,169,0.0118,0.3088,0.8765,0.2411,,1.00,2.71,,1.0000,-10.5820,6390,0.04,1.04,21676.0000,0.00,1.0000,0.9876,5820.8,16900.0,2911
token_passing,warehouse_single_dock,intermittent_80s80m15r,random,40,5555,true,0.3860,193,0.0097,0.2210,1.0000,,0.00,0.00,,,1.0000,0.0000,0,0.00,0.00,0.0000,0.00,0.0000,1.0000,6308.8,18435.0,3157
token_passing,warehouse_single_dock,intermittent_80s80m15r,random,40,5555,false,0.2780,139,0.0069,0.4278,0.6766,0.2512,,1.00,2.54,,1.0000,-27.9793,11472,0.06,1.06,25197.0000,0.00,1.0000,0.9932,9018.7,21595.0,4510
token_passing,warehouse_single_dock,intermittent_80s80m15r,random,40,10000,true,0.3980,199,0.0100,0.2116,1.0000,,0.00,0.00,,,1.0000,0.0000,0,0.00,0.00,0.0000,0.00,0.0000,1.0000,6022.1,18457.0,3014
token_passing,warehouse_single_dock,intermittent_80s80m15r,random,40,10000,false,0.3200,160,0.0107,0.3544,0.7784,0.2572,,1.00,2.34,,1.0000,-19.5980,9935,0.08,1.08,22944.0000,0.00,1.0000,0.9885,6448.8,27386.0,3225
token_passing,warehouse_single_dock,intermittent_80s80m15r,random,40,20000,true,0.3860,193,0.0097,0.2083,1.0000,,0.00,0.00,,,1.0000,0.0000,0,0.00,0.00,0.0000,0.00,0.0000,1.0000,5756.9,28629.0,2881
token_passing,warehouse_single_dock,intermittent_80s80m15r,random,40,20000,false,0.3120,156,0.0078,0.3309,0.7811,0.2310,,1.00,2.41,,1.0000,-19.1710,6949,0.06,1.06,24283.0000,0.00,0.9750,0.9921,6051.9,15231.0,3027
token_passing,warehouse_single_dock,intermittent_80s80m15r,random,40,30000,true,0.3920,196,0.0098,0.2152,1.0000,,0.00,0.00,,,1.0000,0.0000,0,0.00,0.00,0.0000,0.00,0.0000,1.0000,5947.3,18937.0,2976
token_passing,warehouse_single_dock,intermittent_80s80m15r,random,40,30000,false,0.3040,152,0.0083,0.3688,0.7500,0.2416,,1.00,2.61,,1.0000,-22.4490,8521,0.07,1.07,23840.0000,0.00,1.0000,0.9913,7400.9,21350.0,3701
token_passing,warehouse_single_dock,intermittent_80s80m15r,random,40,40000,true,0.4320,216,0.0108,0.1809,1.0000,,0.00,0.00,,,1.0000,0.0000,0,0.00,0.00,0.0000,0.00,0.0000,1.0000,4707.7,14047.0,2357
token_passing,warehouse_single_dock,intermittent_80s80m15r,random,40,40000,false,0.3320,166,0.0092,0.3397,0.7354,0.2647,,1.00,2.38,,1.0000,-23.1481,12479,0.09,1.09,23985.5000,0.00,1.0000,0.9903,5921.1,15598.0,2961
token_passing,warehouse_single_dock,intermittent_80s80m15r,random,40,50000,true,0.3980,199,0.0100,0.1921,1.0000,,0.00,0.00,,,1.0000,0.0000,0,0.00,0.00,0.0000,0.00,0.0000,1.0000,5372.7,16588.0,2689
token_passing,warehouse_single_dock,intermittent_80s80m15r,random,40,50000,false,0.3160,158,0.0092,0.3234,0.7697,0.2381,,1.00,2.78,,1.0000,-20.6030,10141,0.04,1.04,22430.0000,20.00,1.0000,0.9903,6330.4,22164.0,3166
token_passing,warehouse_single_dock,intermittent_80s80m15r,closest,40,42,true,0.3940,197,0.0098,0.2453,1.0000,,0.00,0.00,,,1.0000,0.0000,0,0.00,0.00,0.0000,0.00,0.0000,1.0000,7257.0,54916.0,3631
token_passing,warehouse_single_dock,intermittent_80s80m15r,closest,40,42,false,0.3460,173,0.0094,0.3282,0.8537,0.2214,,1.00,2.59,,1.0000,-12.1827,7211,0.05,1.06,21236.3333,0.00,0.9750,0.9908,6024.5,19037.0,3013
token_passing,warehouse_single_dock,intermittent_80s80m15r,closest,40,123,true,0.4440,222,0.0111,0.1882,1.0000,,0.00,0.00,,,1.0000,0.0000,0,0.00,0.00,0.0000,0.00,0.0000,1.0000,5038.4,23192.0,2525
token_passing,warehouse_single_dock,intermittent_80s80m15r,closest,40,123,false,0.2820,141,0.0070,0.4289,0.5714,0.2673,,1.00,2.55,,1.0000,-36.4865,10033,0.02,1.02,27879.5000,0.00,1.0000,0.9936,9977.0,29419.0,4989
token_passing,warehouse_single_dock,intermittent_80s80m15r,closest,40,456,true,0.4260,213,0.0106,0.2081,1.0000,,0.00,0.00,,,1.0000,0.0000,0,0.00,0.00,0.0000,0.00,0.0000,1.0000,5818.3,24640.0,2912
token_passing,warehouse_single_dock,intermittent_80s80m15r,closest,40,456,false,0.2720,136,0.0088,0.4767,0.5746,0.2518,,1.00,2.36,,1.0000,-36.1502,11962,0.05,1.06,25041.0000,0.00,1.0000,0.9914,11212.1,31680.0,5607
token_passing,warehouse_single_dock,intermittent_80s80m15r,closest,40,789,true,0.4000,200,0.0100,0.2041,1.0000,,0.00,0.00,,,1.0000,0.0000,0,0.00,0.00,0.0000,0.00,0.0000,1.0000,5497.7,16803.0,2752
token_passing,warehouse_single_dock,intermittent_80s80m15r,closest,40,789,false,0.2720,136,0.0094,0.4520,0.6301,0.2405,,1.00,2.65,,1.0000,-32.0000,12008,0.01,1.01,23198.8333,0.00,1.0000,0.9904,10606.4,28557.0,5304
token_passing,warehouse_single_dock,intermittent_80s80m15r,closest,40,1024,true,0.2060,103,0.0052,0.5541,1.0000,,0.00,0.00,,,1.0000,0.0000,0,0.00,0.00,0.0000,0.00,0.0000,1.0000,16653.1,43925.0,8330
token_passing,warehouse_single_dock,intermittent_80s80m15r,closest,40,1024,false,0.3220,161,0.0094,0.3420,1.8169,0.1000,94.00,1.00,2.18,203,1.0000,56.3107,136,0.06,1.06,7064.0000,0.00,1.0000,0.9908,5423.0,25629.0,2712
token_passing,warehouse_single_dock,intermittent_80s80m15r,closest,40,2048,true,0.3960,198,0.0099,0.2648,1.0000,,0.00,0.00,,,1.0000,0.0000,0,0.00,0.00,0.0000,0.00,0.0000,1.0000,6949.2,22567.0,3478
token_passing,warehouse_single_dock,intermittent_80s80m15r,closest,40,2048,false,0.3440,172,0.0093,0.3347,0.8375,0.2405,,1.00,2.76,,1.0000,-13.1313,4111,0.08,1.08,23035.6667,0.00,1.0000,0.9912,6505.2,23842.0,3253
token_passing,warehouse_single_dock,intermittent_80s80m15r,closest,40,3141,true,0.4100,205,0.0103,0.1944,1.0000,,0.00,0.00,,,1.0000,0.0000,0,0.00,0.00,0.0000,0.00,0.0000,1.0000,5447.0,18891.0,2727
token_passing,warehouse_single_dock,intermittent_80s80m15r,closest,40,3141,false,0.3320,166,0.0091,0.3308,0.7719,0.2214,,1.00,2.95,,1.0000,-19.0244,8370,0.05,1.06,21758.0000,0.00,1.0000,0.9913,6177.4,17658.0,3089
token_passing,warehouse_single_dock,intermittent_80s80m15r,closest,40,9999,true,0.4040,202,0.0101,0.2078,1.0000,,0.00,0.00,,,1.0000,0.0000,0,0.00,0.00,0.0000,0.00,0.0000,1.0000,6245.0,71553.0,3130
token_passing,warehouse_single_dock,intermittent_80s80m15r,closest,40,9999,false,0.3400,170,0.0107,0.3051,0.8107,0.2129,,1.00,2.39,,1.0000,-15.8416,8946,0.05,1.06,20910.0000,0.00,1.0000,0.9892,4462.0,12207.0,2232
token_passing,warehouse_single_dock,intermittent_80s80m15r,closest,40,1337,true,0.4240,212,0.0106,0.1946,1.0000,,0.00,0.00,,,1.0000,0.0000,0,0.00,0.00,0.0000,0.00,0.0000,1.0000,5340.1,20680.0,2673
token_passing,warehouse_single_dock,intermittent_80s80m15r,closest,40,1337,false,0.2720,136,0.0104,0.4157,0.5847,0.2861,,1.00,2.51,,1.0000,-35.8491,12465,0.07,1.07,29094.0000,0.00,1.0000,0.9892,8974.5,30423.0,4488
token_passing,warehouse_single_dock,intermittent_80s80m15r,closest,40,7777,true,0.3840,192,0.0096,0.3004,1.0000,,0.00,0.00,,,1.0000,0.0000,0,0.00,0.00,0.0000,0.00,0.0000,1.0000,8300.7,26494.0,4153
token_passing,warehouse_single_dock,intermittent_80s80m15r,closest,40,7777,false,0.3580,179,0.0115,0.3225,0.9133,0.1838,,1.00,2.70,,1.0000,-6.7708,6726,0.05,1.05,16828.6667,0.00,0.9750,0.9888,6166.7,17559.0,3084
token_passing,warehouse_single_dock,intermittent_80s80m15r,closest,40,11,true,0.1820,91,0.0046,0.6349,1.0000,,0.00,0.00,,,1.0000,0.0000,0,0.00,0.00,0.0000,0.00,0.0000,1.0000,18093.6,73764.0,9054
token_passing,warehouse_single_dock,intermittent_80s80m15r,closest,40,11,false,0.1380,69,0.0034,0.7182,0.6271,0.1053,,1.00,2.19,,1.0000,-24.1758,4387,0.01,1.01,8040.0000,0.00,1.0000,0.9978,20161.1,59503.0,10081
token_passing,warehouse_single_dock,intermittent_80s80m15r,closest,40,22,true,0.3960,198,0.0099,0.2698,1.0000,,0.00,0.00,,,1.0000,0.0000,0,0.00,0.00,0.0000,0.00,0.0000,1.0000,7842.4,27009.0,3924
token_passing,warehouse_single_dock,intermittent_80s80m15r,closest,40,22,false,0.3420,171,0.0100,0.3698,0.8291,0.2405,,1.00,2.21,,1.0000,-13.6364,7339,0.06,1.06,23432.5000,23.00,1.0000,0.9905,6200.8,16012.0,3101
token_passing,warehouse_single_dock,intermittent_80s80m15r,closest,40,33,true,0.2520,126,0.0063,0.5187,1.0000,,0.00,0.00,,,1.0000,0.0000,0,0.00,0.00,0.0000,0.00,0.0000,1.0000,15214.3,42939.0,7611
token_passing,warehouse_single_dock,intermittent_80s80m15r,closest,40,33,false,0.2160,108,0.0061,0.5753,0.8200,0.1619,,1.00,2.70,,1.0000,-14.2857,7178,0.02,1.02,12026.5000,0.00,0.9750,0.9943,15008.0,31258.0,7505
token_passing,warehouse_single_dock,intermittent_80s80m15r,closest,40,44,true,0.3860,193,0.0097,0.2580,1.0000,,0.00,0.00,,,1.0000,0.0000,0,0.00,0.00,0.0000,0.00,0.0000,1.0000,7642.5,35891.0,3827
token_passing,warehouse_single_dock,intermittent_80s80m15r,closest,40,44,false,0.3380,169,0.0092,0.3325,0.8500,0.2105,,1.00,2.59,,1.0000,-12.4352,7096,0.06,1.06,20128.5000,0.00,1.0000,0.9910,6133.6,18045.0,3068
token_passing,warehouse_single_dock,intermittent_80s80m15r,closest,40,55,true,0.3980,199,0.0100,0.2380,1.0000,,0.00,0.00,,,1.0000,0.0000,0,0.00,0.00,0.0000,0.00,0.0000,1.0000,6837.1,17917.0,3422
token_passing,warehouse_single_dock,intermittent_80s80m15r,closest,40,55,false,0.3260,163,0.0131,0.3659,0.7831,0.2357,,1.00,2.62,,1.0000,-18.0905,6809,0.06,1.06,22810.5000,47.00,1.0000,0.9864,7318.2,20567.0,3660
token_passing,warehouse_single_dock,intermittent_80s80m15r,closest,40,101,true,0.4220,211,0.0106,0.2269,1.0000,,0.00,0.00,,,1.0000,0.0000,0,0.00,0.00,0.0000,0.00,0.0000,1.0000,6564.2,26857.0,3288
token_passing,warehouse_single_dock,intermittent_80s80m15r,closest,40,101,false,0.3640,182,0.0107,0.3088,0.8333,0.2167,,1.00,2.52,,1.0000,-13.7441,7760,0.06,1.06,21392.0000,0.00,0.9750,0.9894,5419.4,14264.0,2710
token_passing,warehouse_single_dock,intermittent_80s80m15r,closest,40,202,true,0.4340,217,0.0109,0.1583,1.0000,,0.00,0.00,,,1.0000,0.0000,0,0.00,0.00,0.0000,0.00,0.0000,1.0000,4514.2,31807.0,2262
token_passing,warehouse_single_dock,intermittent_80s80m15r,closest,40,202,false,0.3400,170,0.0099,0.3241,0.7446,0.2566,,1.00,2.60,,1.0000,-21.6590,10707,0.07,1.07,22972.6667,0.00,1.0000,0.9901,5609.4,19607.0,2806
token_passing,warehouse_single_dock,intermittent_80s80m15r,closest,40,303,true,0.3440,172,0.0086,0.3534,1.0000,,0.00,0.00,,,1.0000,0.0000,0,0.00,0.00,0.0000,0.00,0.0000,1.0000,11003.4,30246.0,5505
token_passing,warehouse_single_dock,intermittent_80s80m15r,closest,40,303,false,0.3440,172,0.0099,0.3230,1.0000,0.1881,361.00,1.00,2.70,456,1.0000,0.0000,2115,0.09,1.10,18111.0000,0.00,0.9750,0.9901,6039.2,14952.0,3020
token_passing,warehouse_single_dock,intermittent_80s80m15r,closest,40,404,true,0.4180,209,0.0104,0.1986,1.0000,,0.00,0.00,,,1.0000,0.0000,0,0.00,0.00,0.0000,0.00,0.0000,1.0000,5795.3,15520.0,2901
token_passing,warehouse_single_dock,intermittent_80s80m15r,closest,40,404,false,0.3100,155,0.0077,0.3829,0.7017,0.2554,,1.00,2.60,,1.0000,-25.8373,11618,0.04,1.04,24253.8333,0.00,1.0000,0.9923,8437.3,53692.0,4219
token_passing,warehouse_single_dock,intermittent_80s80m15r,closest,40,505,true,0.4600,230,0.0115,0.1775,1.0000,,0.00,0.00,,,1.0000,0.0000,0,0.00,0.00,0.0000,0.00,0.0000,1.0000,4907.8,19790.0,2458
token_passing,warehouse_single_dock,intermittent_80s80m15r,closest,40,505,false,0.3380,169,0.0084,0.3415,0.6839,0.2548,,1.00,2.71,,1.0000,-26.5217,11674,0.07,1.07,24825.0000,0.00,0.9750,0.9921,6613.2,15758.0,3307
token_passing,warehouse_single_dock,intermittent_80s80m15r,closest,40,1111,true,0.4280,214,0.0107,0.1961,1.0000,,0.00,0.00,,,1.0000,0.0000,0,0.00,0.00,0.0000,0.00,0.0000,1.0000,5477.0,18084.0,2742
token_passing,warehouse_single_dock,intermittent_80s80m15r,closest,40,1111,false,0.2280,114,0.0064,0.5095,0.4595,0.2833,,1.00,2.54,,1.0000,-46.7290,15770,0.01,1.01,28299.0000,0.00,1.0000,0.9941,12696.8,34143.0,6349
token_passing,warehouse_single_dock,intermittent_80s80m15r,closest,40,2222,true,0.2340,117,0.0059,0.5284,1.0000,,0.00,0.00,,,1.0000,0.0000,0,0.00,0.00,0.0000,0.00,0.0000,1.0000,16787.8,45809.0,8397
token_passing,warehouse_single_dock,intermittent_80s80m15r,closest,40,2222,false,0.3220,161,0.0109,0.3651,1.5116,0.1319,234.00,1.00,2.34,334,1.0000,37.6068,1478,0.04,1.04,8748.5000,0.00,1.0000,0.9887,6685.5,20094.0,3344
token_passing,warehouse_single_dock,intermittent_80s80m15r,closest,40,3333,true,0.2880,144,0.0072,0.4135,1.0000,,0.00,0.00,,,1.0000,0.0000,0,0.00,0.00,0.0000,0.00,0.0000,1.0000,11246.1,29496.0,5626
token_passing,warehouse_single_dock,intermittent_80s80m15r,closest,40,3333,false,0.3360,168,0.0091,0.3428,1.2087,0.1875,306.00,1.00,2.58,394,1.0000,16.6667,1997,0.04,1.04,14939.6667,62.00,1.0000,0.9908,6384.8,17747.0,3193
token_passing,warehouse_single_dock,intermittent_80s80m15r,closest,40,4444,true,0.3700,185,0.0092,0.3043,1.0000,,0.00,0.00,,,1.0000,0.0000,0,0.00,0.00,0.0000,0.00,0.0000,1.0000,9245.2,26245.0,4628
token_passing,warehouse_single_dock,intermittent_80s80m15r,closest,40,4444,false,0.3580,179,0.0108,0.3059,0.9595,0.1909,,1.00,2.71,,1.0000,-3.2432,4476,0.09,1.09,17873.0000,0.00,1.0000,0.9893,5451.6,17782.0,2727
token_passing,warehouse_single_dock,intermittent_80s80m15r,closest,40,5555,true,0.3100,155,0.0077,0.4187,1.0000,,0.00,0.00,,,1.0000,0.0000,0,0.00,0.00,0.0000,0.00,0.0000,1.0000,12964.8,39020.0,6485
token_passing,warehouse_single_dock,intermittent_80s80m15r,closest,40,5555,false,0.2200,110,0.0055,0.5573,0.6154,0.1722,,1.00,2.54,,1.0000,-29.0323,14860,0.00,1.00,12073.6667,0.00,1.0000,0.9957,12563.3,29283.0,6282
token_passing,warehouse_single_dock,intermittent_80s80m15r,closest,40,10000,true,0.4240,212,0.0106,0.2081,1.0000,,0.00,0.00,,,1.0000,0.0000,0,0.00,0.00,0.0000,0.00,0.0000,1.0000,6044.4,20120.0,3026
token_passing,warehouse_single_dock,intermittent_80s80m15r,closest,40,10000,false,0.3400,170,0.0092,0.3284,0.7692,0.2260,,1.00,2.34,,1.0000,-19.8113,8734,0.03,1.03,21909.5000,0.00,1.0000,0.9907,5896.3,17458.0,2949
token_passing,warehouse_single_dock,intermittent_80s80m15r,closest,40,20000,true,0.3980,199,0.0100,0.2005,1.0000,,0.00,0.00,,,1.0000,0.0000,0,0.00,0.00,0.0000,0.00,0.0000,1.0000,5817.6,17430.0,2912
token_passing,warehouse_single_dock,intermittent_80s80m15r,closest,40,20000,false,0.3200,160,0.0087,0.3210,0.7665,0.2381,,1.00,2.41,,1.0000,-19.5980,8110,0.08,1.08,24704.1667,0.00,0.9750,0.9915,5477.7,27429.0,2740
token_passing,warehouse_single_dock,intermittent_80s80m15r,closest,40,30000,true,0.3480,174,0.0087,0.3087,1.0000,,0.00,0.00,,,1.0000,0.0000,0,0.00,0.00,0.0000,0.00,0.0000,1.0000,9626.2,35146.0,4816
token_passing,warehouse_single_dock,intermittent_80s80m15r,closest,40,30000,false,0.2800,140,0.0091,0.4187,0.7703,0.2153,,1.00,2.61,,1.0000,-19.5402,4772,0.05,1.05,21252.3333,25.00,1.0000,0.9907,9811.5,30961.0,4907
token_passing,warehouse_single_dock,intermittent_80s80m15r,closest,40,40000,true,0.4220,211,0.0106,0.1840,1.0000,,0.00,0.00,,,1.0000,0.0000,0,0.00,0.00,0.0000,0.00,0.0000,1.0000,5276.8,13551.0,2644
token_passing,warehouse_single_dock,intermittent_80s80m15r,closest,40,40000,false,0.3380,169,0.0106,0.3561,0.7680,0.2304,,1.00,2.38,,1.0000,-19.9052,9354,0.10,1.10,20933.5000,0.00,1.0000,0.9889,6517.5,16603.0,3260
token_passing,warehouse_single_dock,intermittent_80s80m15r,closest,40,50000,true,0.3520,176,0.0088,0.3180,1.0000,,0.00,0.00,,,1.0000,0.0000,0,0.00,0.00,0.0000,0.00,0.0000,1.0000,10019.3,34930.0,5013
token_passing,warehouse_single_dock,intermittent_80s80m15r,closest,40,50000,false,0.2760,138,0.0069,0.4502,0.7361,0.1881,,1.00,2.78,,1.0000,-21.5909,9532,0.07,1.07,15942.5000,0.00,1.0000,0.9937,10077.4,42600.0,5039
