matrix,topology,scenario,scheduler,num_agents,metric,solver_a,solver_b,n_a,n_b,mean_a,mean_b,mean_diff,t_stat,p_raw,cliffs_d,p_bh,significant_bh_q05
E1_warehouse_dual_dock,warehouse_dual_dock,burst_20pct,closest,40,attack_rate,pibt,rhcr_pbs,30,30,0.20000000000000007,0.20000000000000007,0.0,0.0,1.0,0.0,1.0,False
E1_warehouse_dual_dock,warehouse_dual_dock,burst_20pct,closest,40,attack_rate,pibt,token_passing,30,30,0.20000000000000007,0.20000000000000007,0.0,0.0,1.0,0.0,1.0,False
E1_warehouse_dual_dock,warehouse_dual_dock,burst_20pct,closest,40,attack_rate,rhcr_pbs,token_passing,30,30,0.20000000000000007,0.20000000000000007,0.0,0.0,1.0,0.0,1.0,False
E1_warehouse_dual_dock,warehouse_dual_dock,burst_20pct,closest,40,critical_time,pibt,rhcr_pbs,30,30,0.2985833333333333,0.20307999999999998,0.09550333333333333,9.822382234524218,1.5678948220923239e-12,0.8911111111111111,1.8448895739953012e-11,True
E1_warehouse_dual_dock,warehouse_dual_dock,burst_20pct,closest,40,critical_time,pibt,token_passing,30,30,0.2985833333333333,0.3235966666666666,-0.025013333333333276,-3.1825166410647268,0.0024966617319724382,-0.39222222222222225,0.007238781038080251,True
E1_warehouse_dual_dock,warehouse_dual_dock,burst_20pct,closest,40,critical_time,rhcr_pbs,token_passing,30,30,0.20307999999999998,0.3235966666666666,-0.1205166666666666,-11.086643645676526,1.6216973821086581e-15,-0.94,2.898527472832184e-14,True
E1_warehouse_dual_dock,warehouse_dual_dock,burst_20pct,closest,40,fault_tolerance,pibt,rhcr_pbs,30,30,0.6522233333333335,0.6070633333333334,0.04516000000000009,1.4489080777032304,0.15292009049709396,0.17777777777777778,0.2748411308093863,False
E1_warehouse_dual_dock,warehouse_dual_dock,burst_20pct,closest,40,fault_tolerance,pibt,token_passing,30,30,0.6522233333333335,0.5839633333333335,0.06825999999999999,2.0929292818639755,0.04101723777445973,0.2644444444444444,0.08991586219932649,False
E1_warehouse_dual_dock,warehouse_dual_dock,burst_20pct,closest,40,fault_tolerance,rhcr_pbs,token_passing,30,30,0.6070633333333334,0.5839633333333335,0.0230999999999999,0.6566684474230866,0.5140056503639566,0.06222222222222222,0.6622043597754623,False
E1_warehouse_dual_dock,warehouse_dual_dock,burst_20pct,closest,40,itae,pibt,rhcr_pbs,30,30,27762.949436666662,21365.358333333326,6397.591103333336,9.317928838539988,3.4625449508055624e-12,0.8777777777777778,3.819619898857386e-11,True
E1_warehouse_dual_dock,warehouse_dual_dock,burst_20pct,closest,40,itae,pibt,token_passing,30,30,27762.949436666662,30322.85555333334,-2559.906116666676,-4.1255642175305045,0.00013885699486744198,-0.56,0.0005343830104681633,True
E1_warehouse_dual_dock,warehouse_dual_dock,burst_20pct,closest,40,itae,rhcr_pbs,token_passing,30,30,21365.358333333326,30322.85555333334,-8957.497220000012,-11.354278153607275,2.98915457845336e-16,-0.9477777777777778,5.781762006542663e-15,True
E1_warehouse_dual_dock,warehouse_dual_dock,burst_20pct,closest,40,rapidity,pibt,rhcr_pbs,30,30,6.5,22.866666666666667,-16.366666666666667,-2.0387247139519413,0.04797327195549757,-0.2788888888888889,0.1037339356832505,False
E1_warehouse_dual_dock,warehouse_dual_dock,burst_20pct,closest,40,rapidity,pibt,token_passing,30,29,6.5,15.03448275862069,-8.53448275862069,-1.234973059033854,0.22337515715186884,-0.0896551724137931,0.3728200022440175,False
E1_warehouse_dual_dock,warehouse_dual_dock,burst_20pct,closest,40,rapidity,rhcr_pbs,token_passing,30,29,22.866666666666667,15.03448275862069,7.832183908045977,0.828388872279383,0.41100408281144185,0.17701149425287357,0.5661831852973228,False
E1_warehouse_dual_dock,warehouse_dual_dock,burst_50pct,closest,40,critical_time,pibt,rhcr_pbs,30,30,0.3742333333333333,0.2787266666666666,0.09550666666666668,15.277401017193036,6.099740880427948e-22,0.9944444444444445,2.0029846798056425e-20,True
E1_warehouse_dual_dock,warehouse_dual_dock,burst_50pct,closest,40,critical_time,pibt,token_passing,30,30,0.3742333333333333,0.39459666666666665,-0.020363333333333344,-2.571303504674231,0.013199471285377835,-0.36444444444444446,0.03287064101402735,True
E1_warehouse_dual_dock,warehouse_dual_dock,burst_50pct,closest,40,critical_time,rhcr_pbs,token_passing,30,30,0.2787266666666666,0.39459666666666665,-0.11587000000000003,-14.320847327352599,1.464283147737723e-19,-0.9911111111111112,3.901071329444651e-18,True
E1_warehouse_dual_dock,warehouse_dual_dock,burst_50pct,closest,40,fault_tolerance,pibt,rhcr_pbs,30,30,0.30968000000000007,0.26505666666666666,0.044623333333333404,2.0932442096835824,0.04071196969759091,0.26666666666666666,0.08940171261741581,False
E1_warehouse_dual_dock,warehouse_dual_dock,burst_50pct,closest,40,fault_tolerance,pibt,token_passing,30,30,0.30968000000000007,0.26700666666666667,0.042673333333333396,1.862293199235552,0.06774299214446786,0.28444444444444444,0.14025381951317978,False
E1_warehouse_dual_dock,warehouse_dual_dock,burst_50pct,closest,40,fault_tolerance,rhcr_pbs,token_passing,30,30,0.26505666666666666,0.26700666666666667,-0.0019500000000000073,-0.08447714744579067,0.9329730868647025,0.011111111111111112,0.9964886525362783,False
E1_warehouse_dual_dock,warehouse_dual_dock,burst_50pct,closest,40,itae,pibt,rhcr_pbs,30,30,31831.54444666667,24407.733880000003,7423.810566666667,13.607422981382314,1.7327114895946697e-19,1.0,4.5307196727919885e-18,True
E1_warehouse_dual_dock,warehouse_dual_dock,burst_50pct,closest,40,itae,pibt,token_passing,30,30,31831.54444666667,34201.64167333333,-2370.0972266666613,-3.483711710282768,0.001067192332776148,-0.52,0.003326436145430289,True
E1_warehouse_dual_dock,warehouse_dual_dock,burst_50pct,closest,40,itae,rhcr_pbs,token_passing,30,30,24407.733880000003,34201.64167333333,-9793.907793333328,-13.71169854631811,5.511298622938609e-19,-0.9622222222222222,1.3417161475153993e-17,True
E1_warehouse_dual_dock,warehouse_dual_dock,burst_50pct,closest,40,rapidity,pibt,rhcr_pbs,18,11,48.833333333333336,19.454545454545453,29.378787878787882,0.8274677744431188,0.4153775879622351,0.08080808080808081,0.5699836289627561,False
E1_warehouse_dual_dock,warehouse_dual_dock,burst_50pct,closest,40,rapidity,pibt,token_passing,18,11,48.833333333333336,11.181818181818182,37.651515151515156,1.1864294564824927,0.24844060946309118,0.08080808080808081,0.4029032118652107,False
E1_warehouse_dual_dock,warehouse_dual_dock,burst_50pct,closest,40,rapidity,rhcr_pbs,token_passing,11,11,19.454545454545453,11.181818181818182,8.272727272727272,0.36867494437257964,0.7172157480211568,0.008264462809917356,0.8280528505362824,False
E1_warehouse_dual_dock,warehouse_dual_dock,intermittent_80s80m15r,closest,40,attack_rate,pibt,rhcr_pbs,30,30,0.9974999999999999,0.9974999999999999,0.0,0.0,1.0,0.0,1.0,False
E1_warehouse_dual_dock,warehouse_dual_dock,intermittent_80s80m15r,closest,40,attack_rate,pibt,token_passing,30,30,0.9974999999999999,0.9958333333333333,0.0016666666666665941,0.7504044217063588,0.4561825837192529,0.06666666666666667,0.6087027254515941,False
E1_warehouse_dual_dock,warehouse_dual_dock,intermittent_80s80m15r,closest,40,attack_rate,rhcr_pbs,token_passing,30,30,0.9974999999999999,0.9958333333333333,0.0016666666666665941,0.7504044217063588,0.4561825837192529,0.06666666666666667,0.6087027254515941,False
E1_warehouse_dual_dock,warehouse_dual_dock,intermittent_80s80m15r,closest,40,cascade_depth_avg,pibt,rhcr_pbs,30,30,0.211,0.14800000000000002,0.06299999999999997,5.308154047124563,2.2046383568409286e-06,0.7211111111111111,1.0411201872439435e-05,True
E1_warehouse_dual_dock,warehouse_dual_dock,intermittent_80s80m15r,closest,40,cascade_depth_avg,pibt,token_passing,30,30,0.211,0.05233333333333335,0.15866666666666665,15.582100705298602,1.0174567816632407e-17,0.9955555555555555,2.0820999647949215e-16,True
E1_warehouse_dual_dock,warehouse_dual_dock,intermittent_80s80m15r,closest,40,cascade_depth_avg,rhcr_pbs,token_passing,30,30,0.14800000000000002,0.05233333333333335,0.09566666666666668,12.209050120144216,1.781588955374179e-15,0.9988888888888889,3.144504506235426e-14,True
E1_warehouse_dual_dock,warehouse_dual_dock,intermittent_80s80m15r,closest,40,critical_time,pibt,rhcr_pbs,30,30,0.2785266666666667,0.17968333333333333,0.09884333333333337,8.796951606007116,2.747147346878815e-10,0.8366666666666667,2.2817482669369922e-09,True
E1_warehouse_dual_dock,warehouse_dual_dock,intermittent_80s80m15r,closest,40,critical_time,pibt,token_passing,30,30,0.2785266666666667,0.27681999999999995,0.0017066666666667452,0.37562237873051957,0.7085681238058872,0.05444444444444444,0.8241336003409495,False
E1_warehouse_dual_dock,warehouse_dual_dock,intermittent_80s80m15r,closest,40,critical_time,rhcr_pbs,token_passing,30,30,0.17968333333333333,0.27681999999999995,-0.09713666666666662,-8.637327608599007,4.1342475359079375e-10,-0.84,3.298055096441812e-09,True
E1_warehouse_dual_dock,warehouse_dual_dock,intermittent_80s80m15r,closest,40,fault_tolerance,pibt,rhcr_pbs,30,30,0.73412,0.7592233333333334,-0.025103333333333366,-1.7563555221375893,0.08501952880591016,-0.35888888888888887,0.16955872129088295,False
E1_warehouse_dual_dock,warehouse_dual_dock,intermittent_80s80m15r,closest,40,fault_tolerance,pibt,token_passing,30,30,0.73412,0.7829233333333332,-0.0488033333333332,-3.5110879729494506,0.0009285314805682462,-0.5666666666666667,0.0029330793077457797,True
E1_warehouse_dual_dock,warehouse_dual_dock,intermittent_80s80m15r,closest,40,fault_tolerance,rhcr_pbs,token_passing,30,30,0.7592233333333334,0.7829233333333332,-0.023699999999999832,-1.4469390151936272,0.15330645978129787,-0.19444444444444445,0.2748411308093863,False
E1_warehouse_dual_dock,warehouse_dual_dock,intermittent_80s80m15r,closest,40,itae,pibt,rhcr_pbs,30,30,29224.295553333344,22490.773893333335,6733.521660000009,8.038740716407652,6.466689010591348e-10,0.7955555555555556,5.017013671953288e-09,True
E1_warehouse_dual_dock,warehouse_dual_dock,intermittent_80s80m15r,closest,40,itae,pibt,token_passing,30,30,29224.295553333344,29492.31000333333,-268.0144499999842,-0.49397030911244333,0.6232575456937617,-0.06,0.7628569743786847,False
E1_warehouse_dual_dock,warehouse_dual_dock,intermittent_80s80m15r,closest,40,itae,rhcr_pbs,token_passing,30,30,22490.773893333335,29492.31000333333,-7001.536109999994,-8.049505619552374,2.934242327293483e-10,-0.7888888888888889,2.417911392194532e-09,True
E1_warehouse_dual_dock,warehouse_dual_dock,intermittent_80s80m15r,closest,40,rapidity,pibt,rhcr_pbs,30,30,0.0,2.1666666666666665,-2.1666666666666665,-1.399862905265578,0.17216183857868148,-0.06666666666666667,0.30424595253203784,False
E1_warehouse_dual_dock,warehouse_dual_dock,intermittent_80s80m15r,closest,40,rapidity,pibt,token_passing,30,30,0.0,0.6666666666666666,-0.6666666666666666,-1.0,0.32558198801619337,-0.03333333333333333,0.48984647544979576,False
E1_warehouse_dual_dock,warehouse_dual_dock,intermittent_80s80m15r,closest,40,rapidity,rhcr_pbs,token_passing,30,30,2.1666666666666665,0.6666666666666666,1.5,0.8900802396707145,0.37882533723421885,0.035555555555555556,0.534901376174717,False
E1_warehouse_dual_dock,warehouse_dual_dock,wear_high,closest,40,attack_rate,pibt,rhcr_pbs,30,30,0.9391666666666667,0.9183333333333334,0.02083333333333326,1.7157516721694306,0.0917330337544131,0.2388888888888889,0.17987978638358917,False
E1_warehouse_dual_dock,warehouse_dual_dock,wear_high,closest,40,attack_rate,pibt,token_passing,30,30,0.9391666666666667,0.8816666666666665,0.05750000000000022,3.988993153966343,0.00022027742362697124,0.53,0.0008099784431283421,True
E1_warehouse_dual_dock,warehouse_dual_dock,wear_high,closest,40,attack_rate,rhcr_pbs,token_passing,30,30,0.9183333333333334,0.8816666666666665,0.03666666666666696,2.3896304326310887,0.020357722533144516,0.2922222222222222,0.04831109952403371,True
E1_warehouse_dual_dock,warehouse_dual_dock,wear_high,closest,40,critical_time,pibt,rhcr_pbs,30,30,0.39790666666666663,0.30144,0.09646666666666665,21.357049749334166,7.314068557668925e-29,1.0,4.694302183376601e-27,True
E1_warehouse_dual_dock,warehouse_dual_dock,wear_high,closest,40,critical_time,pibt,token_passing,30,30,0.39790666666666663,0.4204800000000001,-0.022573333333333445,-4.272648013818211,8.430401261761902e-05,-0.7166666666666667,0.00033531624173543115,True
E1_warehouse_dual_dock,warehouse_dual_dock,wear_high,closest,40,critical_time,rhcr_pbs,token_passing,30,30,0.30144,0.4204800000000001,-0.11904000000000009,-21.48736140206251,2.4051176755996402e-28,-0.9933333333333333,1.476533112150736e-26,True
E1_warehouse_dual_dock,warehouse_dual_dock,wear_high,closest,40,fault_tolerance,pibt,rhcr_pbs,30,30,0.17583333333333334,0.19749333333333333,-0.021659999999999985,-1.841791016631159,0.07065482539499171,-0.25222222222222224,0.14500670560716322,False
E1_warehouse_dual_dock,warehouse_dual_dock,wear_high,closest,40,fault_tolerance,pibt,token_passing,30,30,0.17583333333333334,0.18508333333333335,-0.009250000000000008,-0.7962775045705638,0.42912929658146726,-0.07222222222222222,0.5826255449740689,False
E1_warehouse_dual_dock,warehouse_dual_dock,wear_high,closest,40,fault_tolerance,rhcr_pbs,token_passing,30,30,0.19749333333333333,0.18508333333333335,0.012409999999999977,1.0261066733950115,0.3091040953930678,0.17444444444444446,0.47528227849218313,False
E1_warehouse_dual_dock,warehouse_dual_dock,wear_high,closest,40,itae,pibt,rhcr_pbs,30,30,44394.62222999999,34398.94999666667,9995.672233333324,10.073800188557012,2.6750812264589282e-14,0.96,3.815368375515158e-13,True
E1_warehouse_dual_dock,warehouse_dual_dock,wear_high,closest,40,itae,pibt,token_passing,30,30,44394.62222999999,46764.146666666675,-2369.524436666681,-2.121986307457262,0.038496155262713966,-0.33555555555555555,0.08506505669945559,False
E1_warehouse_dual_dock,warehouse_dual_dock,wear_high,closest,40,itae,rhcr_pbs,token_passing,30,30,34398.94999666667,46764.146666666675,-12365.196670000005,-10.638350948222106,4.742170881024894e-15,-0.9377777777777778,7.785982888380407e-14,True
E1_warehouse_dual_dock,warehouse_dual_dock,wear_high,closest,40,rapidity,pibt,rhcr_pbs,30,30,0.16666666666666666,0.06666666666666667,0.09999999999999999,0.5570860145311555,0.580731215109836,0.0011111111111111111,0.7184421860987092,False
E1_warehouse_dual_dock,warehouse_dual_dock,wear_high,closest,40,rapidity,pibt,token_passing,30,30,0.16666666666666666,2.1666666666666665,-1.9999999999999998,-0.9203579866168443,0.3648906662794273,-0.0011111111111111111,0.5214834218487361,False
E1_warehouse_dual_dock,warehouse_dual_dock,wear_high,closest,40,rapidity,rhcr_pbs,token_passing,30,30,0.06666666666666667,2.1666666666666665,-2.0999999999999996,-0.9687722872896796,0.3406545857646526,-0.0011111111111111111,0.49741910558396013,False
E1_warehouse_dual_dock,warehouse_dual_dock,wear_medium,closest,40,attack_rate,pibt,rhcr_pbs,30,30,0.56,0.4791666666666667,0.08083333333333337,3.9085695831216585,0.0002658119880459337,0.4955555555555556,0.0009673364101053051,True
E1_warehouse_dual_dock,warehouse_dual_dock,wear_medium,closest,40,attack_rate,pibt,token_passing,30,30,0.56,0.48500000000000004,0.07500000000000001,3.2563796872276662,0.0020634198249789917,0.48777777777777775,0.006082565329583166,True
E1_warehouse_dual_dock,warehouse_dual_dock,wear_medium,closest,40,attack_rate,rhcr_pbs,token_passing,30,30,0.4791666666666667,0.48500000000000004,-0.005833333333333357,-0.2264901478729245,0.8216356186722094,-0.01,0.9099211714236547,False
E1_warehouse_dual_dock,warehouse_dual_dock,wear_medium,closest,40,critical_time,pibt,rhcr_pbs,30,30,0.2895266666666666,0.1914366666666667,0.0980899999999999,11.786413113509322,7.977468597295524e-15,0.9822222222222222,1.265638838132728e-13,True
E1_warehouse_dual_dock,warehouse_dual_dock,wear_medium,closest,40,critical_time,pibt,token_passing,30,30,0.2895266666666666,0.3092233333333334,-0.019696666666666807,-3.178319376560189,0.0024906934529935034,-0.4722222222222222,0.00723633571116631,True
E1_warehouse_dual_dock,warehouse_dual_dock,wear_medium,closest,40,critical_time,rhcr_pbs,token_passing,30,30,0.1914366666666667,0.3092233333333334,-0.1177866666666667,-13.000174123889469,8.701304410212291e-18,-0.9866666666666667,1.8068002687087875e-16,True
E1_warehouse_dual_dock,warehouse_dual_dock,wear_medium,closest,40,fault_tolerance,pibt,rhcr_pbs,30,30,0.6503566666666667,0.6544633333333334,-0.004106666666666703,-0.1579930306433127,0.8751292568460624,0.03222222222222222,0.9560366266891724,False
E1_warehouse_dual_dock,warehouse_dual_dock,wear_medium,closest,40,fault_tolerance,pibt,token_passing,30,30,0.6503566666666667,0.63764,0.01271666666666671,0.5552517749182004,0.5810630145359249,0.05444444444444444,0.7184421860987092,False
E1_warehouse_dual_dock,warehouse_dual_dock,wear_medium,closest,40,fault_tolerance,rhcr_pbs,token_passing,30,30,0.6544633333333334,0.63764,0.016823333333333412,0.5809829316198835,0.5635757294908509,0.0044444444444444444,0.7029760866087292,False
E1_warehouse_dual_dock,warehouse_dual_dock,wear_medium,closest,40,itae,pibt,rhcr_pbs,30,30,27224.942766666667,20431.114453333328,6793.828313333339,3.7281991644229135,0.00044219706137539985,0.4866666666666667,0.0015378873169016368,True
E1_warehouse_dual_dock,warehouse_dual_dock,wear_medium,closest,40,itae,pibt,token_passing,30,30,27224.942766666667,28318.87277999999,-1093.9300133333236,-0.536062017534466,0.5940022143954887,-0.08666666666666667,0.732516267883345,False
E1_warehouse_dual_dock,warehouse_dual_dock,wear_medium,closest,40,itae,rhcr_pbs,token_passing,30,30,20431.114453333328,28318.87277999999,-7887.7583266666625,-4.005731528348734,0.0001860488887756166,-0.4955555555555556,0.0006968197107458107,True
E1_warehouse_dual_dock,warehouse_dual_dock,wear_medium,closest,40,rapidity,pibt,token_passing,30,30,0.0,0.36666666666666664,-0.36666666666666664,-0.9999999999999999,0.3255819880161934,-0.03333333333333333,0.48984647544979576,False
E1_warehouse_dual_dock,warehouse_dual_dock,wear_medium,closest,40,rapidity,rhcr_pbs,token_passing,30,30,0.0,0.36666666666666664,-0.36666666666666664,-0.9999999999999999,0.3255819880161934,-0.03333333333333333,0.48984647544979576,False
E1_warehouse_dual_dock,warehouse_dual_dock,zone_50t,closest,40,attack_rate,pibt,rhcr_pbs,30,30,0.24916666666666665,0.23249999999999998,0.016666666666666663,0.6070513497672245,0.5461865397219439,0.11555555555555555,0.691672999181511,False
E1_warehouse_dual_dock,warehouse_dual_dock,zone_50t,closest,40,attack_rate,pibt,token_passing,30,30,0.24916666666666665,0.23916666666666667,0.009999999999999981,0.4420567067251574,0.6604261712952613,0.02,0.789603517247171,False
E1_warehouse_dual_dock,warehouse_dual_dock,zone_50t,closest,40,attack_rate,rhcr_pbs,token_passing,30,30,0.23249999999999998,0.23916666666666667,-0.006666666666666682,-0.29158294503309606,0.7718682431446481,-0.1288888888888889,0.8707832036192795,False
E1_warehouse_dual_dock,warehouse_dual_dock,zone_50t,closest,40,cascade_depth_avg,pibt,rhcr_pbs,30,30,0.1416666666666667,0.06333333333333334,0.07833333333333335,2.4818527524308074,0.01628042596021519,0.3622222222222222,0.039498215559834786,True
E1_warehouse_dual_dock,warehouse_dual_dock,zone_50t,closest,40,cascade_depth_avg,pibt,token_passing,30,30,0.1416666666666667,0.024666666666666667,0.11700000000000002,4.098581738998322,0.00018290608933484658,0.57,0.0006887023950421422,True
E1_warehouse_dual_dock,warehouse_dual_dock,zone_50t,closest,40,cascade_depth_avg,rhcr_pbs,token_passing,30,30,0.06333333333333334,0.024666666666666667,0.03866666666666667,1.7193466328385374,0.09156909996843411,0.18666666666666668,0.17987978638358917,False
E1_warehouse_dual_dock,warehouse_dual_dock,zone_50t,closest,40,critical_time,pibt,rhcr_pbs,30,30,0.24114666666666668,0.1455666666666667,0.09557999999999997,9.644380267158699,1.781203256688808e-11,0.8133333333333334,1.6993641881382412e-10,True
E1_warehouse_dual_dock,warehouse_dual_dock,zone_50t,closest,40,critical_time,pibt,token_passing,30,30,0.24114666666666668,0.2526966666666667,-0.011550000000000005,-2.2766989087106584,0.026667289826641002,-0.3422222222222222,0.06102789827425785,False
E1_warehouse_dual_dock,warehouse_dual_dock,zone_50t,closest,40,critical_time,rhcr_pbs,token_passing,30,30,0.1455666666666667,0.2526966666666667,-0.10712999999999998,-10.533178065791406,5.938698984707519e-13,-0.8622222222222222,7.355651724918436e-12,True
E1_warehouse_dual_dock,warehouse_dual_dock,zone_50t,closest,40,fault_tolerance,pibt,rhcr_pbs,30,30,0.9594099999999999,0.9555266666666665,0.0038833333333333497,0.3318316805147109,0.7415466450162552,0.057777777777777775,0.8471390475428417,False
E1_warehouse_dual_dock,warehouse_dual_dock,zone_50t,closest,40,fault_tolerance,pibt,token_passing,30,30,0.9594099999999999,0.9253933333333334,0.03401666666666647,2.2167186738570823,0.032706415666780585,0.2644444444444444,0.07389033427439069,False
E1_warehouse_dual_dock,warehouse_dual_dock,zone_50t,closest,40,fault_tolerance,rhcr_pbs,token_passing,30,30,0.9555266666666665,0.9253933333333334,0.030133333333333123,1.7170561375733162,0.09185079743807917,0.15888888888888889,0.17987978638358917,False
E1_warehouse_dual_dock,warehouse_dual_dock,zone_50t,closest,40,itae,pibt,rhcr_pbs,30,30,25279.49389333333,20243.89555,5035.598343333328,7.237148437476693,6.908776442384187e-09,0.7644444444444445,4.537298761230917e-08,True
E1_warehouse_dual_dock,warehouse_dual_dock,zone_50t,closest,40,itae,pibt,token_passing,30,30,25279.49389333333,26944.70166333334,-1665.2077700000118,-3.3558836033030763,0.0014495586794952523,-0.49777777777777776,0.0043734548193318295,True
E1_warehouse_dual_dock,warehouse_dual_dock,zone_50t,closest,40,itae,rhcr_pbs,token_passing,30,30,20243.89555,26944.70166333334,-6700.806113333339,-9.048389400761916,5.169876109165968e-12,-0.8644444444444445,5.375828623068648e-11,True
E1_warehouse_dual_dock,warehouse_dual_dock,zone_50t,closest,40,rapidity,pibt,rhcr_pbs,30,30,12.3,19.4,-7.099999999999998,-0.9872204223315423,0.32801585823534096,-0.08777777777777777,0.48984647544979576,False
E1_warehouse_dual_dock,warehouse_dual_dock,zone_50t,closest,40,rapidity,pibt,token_passing,30,30,12.3,13.133333333333333,-0.8333333333333321,-0.13416617350921628,0.8937378420588097,-0.0033333333333333335,0.9685017904735527,False
E1_warehouse_dual_dock,warehouse_dual_dock,zone_50t,closest,40,rapidity,rhcr_pbs,token_passing,30,30,19.4,13.133333333333333,6.266666666666666,0.8498358485968424,0.39911419318292934,0.08222222222222222,0.5521396494108114,False
E1_warehouse_dual_dock,warehouse_dual_dock,burst_20pct,closest,80,attack_rate,pibt,rhcr_pbs,30,30,0.20000000000000007,0.20000000000000007,0.0,0.0,1.0,0.0,1.0,False
E1_warehouse_dual_dock,warehouse_dual_dock,burst_20pct,closest,80,attack_rate,pibt,token_passing,30,30,0.20000000000000007,0.20000000000000007,0.0,0.0,1.0,0.0,1.0,False
E1_warehouse_dual_dock,warehouse_dual_dock,burst_20pct,closest,80,attack_rate,rhcr_pbs,token_passing,30,30,0.20000000000000007,0.20000000000000007,0.0,0.0,1.0,0.0,1.0,False
E1_warehouse_dual_dock,warehouse_dual_dock,burst_20pct,closest,80,critical_time,pibt,rhcr_pbs,30,30,0.40241666666666664,0.1355,0.26691666666666664,9.089610704542087,1.3044425562271265e-10,0.81,1.123093225239453e-09,True
E1_warehouse_dual_dock,warehouse_dual_dock,burst_20pct,closest,80,critical_time,pibt,token_passing,30,30,0.40241666666666664,0.4005733333333333,0.0018433333333333635,0.07908733143974067,0.9373885099402768,-0.1388888888888889,0.9993495271007312,False
E1_warehouse_dual_dock,warehouse_dual_dock,burst_20pct,closest,80,critical_time,rhcr_pbs,token_passing,30,30,0.1355,0.4005733333333333,-0.26507333333333327,-7.4368500182922554,7.593303716990041e-10,-0.8066666666666666,5.858876966333299e-09,True
E1_warehouse_dual_dock,warehouse_dual_dock,burst_20pct,closest,80,fault_tolerance,pibt,rhcr_pbs,30,29,0.5262733333333333,5.413420689655174,-4.887147356321841,-1.5910490609756822,0.12282637300577312,-0.08505747126436781,0.2281984719528311,False
E1_warehouse_dual_dock,warehouse_dual_dock,burst_20pct,closest,80,fault_tolerance,pibt,token_passing,30,30,0.5262733333333333,0.4282533333333333,0.09801999999999994,2.9544581018513707,0.00476973129699551,0.43666666666666665,0.013102841617427355,True
E1_warehouse_dual_dock,warehouse_dual_dock,burst_20pct,closest,80,fault_tolerance,rhcr_pbs,token_passing,29,30,5.413420689655174,0.4282533333333333,4.985167356321841,1.6229220395383344,0.11581129851903083,0.20229885057471264,0.216303642207502,False
E1_warehouse_dual_dock,warehouse_dual_dock,burst_20pct,closest,80,itae,pibt,rhcr_pbs,30,30,40166.61945,10864.038966666667,29302.58048333333,11.223581570618252,1.6850203285979384e-12,0.9733333333333334,1.9663212429589164e-11,True
E1_warehouse_dual_dock,warehouse_dual_dock,burst_20pct,closest,80,itae,pibt,token_passing,30,30,40166.61945,35375.042223333345,4791.577226666654,1.9041899187695046,0.06606434997696725,0.07111111111111111,0.1375853424299082,False
E1_warehouse_dual_dock,warehouse_dual_dock,burst_20pct,closest,80,itae,rhcr_pbs,token_passing,30,30,10864.038966666667,35375.042223333345,-24511.003256666678,-6.896667545100099,4.399247857214746e-09,-0.7977777777777778,2.986412487686164e-08,True
E1_warehouse_dual_dock,warehouse_dual_dock,burst_20pct,closest,80,rapidity,pibt,rhcr_pbs,28,25,32.42857142857143,1.84,30.58857142857143,3.4591480417430907,0.0017055408780144521,0.4357142857142857,0.005069944673171382,True
E1_warehouse_dual_dock,warehouse_dual_dock,burst_20pct,closest,80,rapidity,pibt,token_passing,28,26,32.42857142857143,5.538461538461538,26.89010989010989,2.82802731048012,0.00751086382406055,0.41208791208791207,0.019675954952826525,True
E1_warehouse_dual_dock,warehouse_dual_dock,burst_20pct,closest,80,rapidity,rhcr_pbs,token_passing,25,26,1.84,5.538461538461538,-3.6984615384615385,-0.8869872896189643,0.3814217761702749,-0.003076923076923077,0.5357035402346788,False
E1_warehouse_dual_dock,warehouse_dual_dock,burst_50pct,closest,80,critical_time,pibt,rhcr_pbs,30,30,0.5443,0.15262,0.39168000000000003,12.805232451936682,3.5558697466241316e-14,1.0,4.827777002147379e-13,True
E1_warehouse_dual_dock,warehouse_dual_dock,burst_50pct,closest,80,critical_time,pibt,token_passing,30,30,0.5443,0.49035999999999996,0.05394000000000004,2.1436568912414797,0.03934185113959323,0.10555555555555556,0.08666254884415857,False
E1_warehouse_dual_dock,warehouse_dual_dock,burst_50pct,closest,80,critical_time,rhcr_pbs,token_passing,30,30,0.15262,0.49035999999999996,-0.33773999999999993,-8.805089775725342,3.9325052432530834e-12,-0.8755555555555555,4.206588942025268e-11,True
E1_warehouse_dual_dock,warehouse_dual_dock,burst_50pct,closest,80,fault_tolerance,pibt,rhcr_pbs,30,29,0.2161733333333333,4.960627586206897,-4.744454252873564,-2.1964698840042858,0.03650233514482156,-0.3218390804597701,0.08142385027565252,False
E1_warehouse_dual_dock,warehouse_dual_dock,burst_50pct,closest,80,fault_tolerance,pibt,token_passing,30,30,0.2161733333333333,0.18470666666666663,0.03146666666666667,1.6039927526615654,0.11417613549013726,0.2911111111111111,0.21409920758575537,False
E1_warehouse_dual_dock,warehouse_dual_dock,burst_50pct,closest,80,fault_tolerance,rhcr_pbs,token_passing,29,30,4.960627586206897,0.18470666666666663,4.77592091954023,2.2110309518443114,0.03536971421577154,0.4091954022988506,0.07927307376614194,False
E1_warehouse_dual_dock,warehouse_dual_dock,burst_50pct,closest,80,itae,pibt,rhcr_pbs,30,30,47374.910553333335,10978.498483333335,36396.41207,13.618965464333971,9.889732542980853e-15,1.0,1.5515891500765515e-13,True
E1_warehouse_dual_dock,warehouse_dual_dock,burst_50pct,closest,80,itae,pibt,token_passing,30,30,47374.910553333335,39049.946663333336,8324.963889999999,3.082498049505487,0.004253070626044202,0.25555555555555554,0.011752124704450907,True
E1_warehouse_dual_dock,warehouse_dual_dock,burst_50pct,closest,80,itae,rhcr_pbs,token_passing,30,30,10978.498483333335,39049.946663333336,-28071.44818,-7.5407224983895755,3.6179887507245594e-10,-0.82,2.9192000662989016e-09,True
E1_warehouse_dual_dock,warehouse_dual_dock,burst_50pct,closest,80,rapidity,pibt,rhcr_pbs,6,20,15.833333333333334,23.25,-7.416666666666666,-0.3585668639865024,0.7257318168845313,-0.1,0.8324397444686906,False
E1_warehouse_dual_dock,warehouse_dual_dock,burst_50pct,closest,80,rapidity,pibt,token_passing,6,15,15.833333333333334,53.86666666666667,-38.03333333333333,-1.1367010874582795,0.2699075991725541,-0.12222222222222222,0.431677406959891,False
E1_warehouse_dual_dock,warehouse_dual_dock,burst_50pct,closest,80,rapidity,rhcr_pbs,token_passing,20,15,23.25,53.86666666666667,-30.616666666666667,-0.9466655525835328,0.35528454466917353,-0.006666666666666667,0.5134716244348752,False
E1_warehouse_dual_dock,warehouse_dual_dock,intermittent_80s80m15r,closest,80,attack_rate,pibt,rhcr_pbs,30,30,0.9983333333333333,0.9979166666666667,0.0004166666666666208,0.35586170710702475,0.7232460759418248,0.03333333333333333,0.8316151948125867,False
E1_warehouse_dual_dock,warehouse_dual_dock,intermittent_80s80m15r,closest,80,attack_rate,pibt,token_passing,30,30,0.9983333333333333,0.9966666666666667,0.0016666666666665941,1.2873006086935268,0.2034394370580255,0.13333333333333333,0.34401974266578683,False
E1_warehouse_dual_dock,warehouse_dual_dock,intermittent_80s80m15r,closest,80,attack_rate,rhcr_pbs,token_passing,30,30,0.9979166666666667,0.9966666666666667,0.0012499999999999734,0.9311872177771042,0.3557269980854251,0.1,0.5135854000987937,False
E1_warehouse_dual_dock,warehouse_dual_dock,intermittent_80s80m15r,closest,80,cascade_depth_avg,pibt,rhcr_pbs,30,30,0.38266666666666677,0.2653333333333333,0.11733333333333346,4.454822499201569,6.0196097431460426e-05,0.7577777777777778,0.00024284825592349175,True
E1_warehouse_dual_dock,warehouse_dual_dock,intermittent_80s80m15r,closest,80,cascade_depth_avg,pibt,token_passing,30,30,0.38266666666666677,0.07833333333333334,0.30433333333333346,23.333151494163417,8.461306471394552e-26,1.0,3.9824549125363694e-24,True
E1_warehouse_dual_dock,warehouse_dual_dock,intermittent_80s80m15r,closest,80,cascade_depth_avg,rhcr_pbs,token_passing,30,30,0.2653333333333333,0.07833333333333334,0.18699999999999997,7.696694138569499,8.148124474499719e-09,0.9844444444444445,5.27759254953835e-08,True
E1_warehouse_dual_dock,warehouse_dual_dock,intermittent_80s80m15r,closest,80,critical_time,pibt,rhcr_pbs,30,30,0.34267,0.12493666666666667,0.2177333333333333,8.139613955042794,4.277284997928783e-09,0.6822222222222222,2.9176456121137397e-08,True
E1_warehouse_dual_dock,warehouse_dual_dock,intermittent_80s80m15r,closest,80,critical_time,pibt,token_passing,30,30,0.34267,0.3000333333333333,0.042636666666666656,2.715861650225547,0.01053449927471202,0.43444444444444447,0.026898215146280963,True
E1_warehouse_dual_dock,warehouse_dual_dock,intermittent_80s80m15r,closest,80,critical_time,rhcr_pbs,token_passing,30,30,0.12493666666666667,0.3000333333333333,-0.17509666666666665,-5.724122215995718,7.320364742437456e-07,-0.6122222222222222,3.6653741192630096e-06,True
E1_warehouse_dual_dock,warehouse_dual_dock,intermittent_80s80m15r,closest,80,fault_tolerance,pibt,rhcr_pbs,30,29,0.6599233333333334,0.9394172413793103,-0.27949390804597685,-1.5835864096610557,0.12448700726933766,-0.18160919540229886,0.23067671163294587,False
E1_warehouse_dual_dock,warehouse_dual_dock,intermittent_80s80m15r,closest,80,fault_tolerance,pibt,token_passing,30,30,0.6599233333333334,0.7677500000000002,-0.10782666666666674,-2.0927774174783624,0.04493124095008464,-0.2822222222222222,0.09790572873691283,False
E1_warehouse_dual_dock,warehouse_dual_dock,intermittent_80s80m15r,closest,80,fault_tolerance,rhcr_pbs,token_passing,29,30,0.9394172413793103,0.7677500000000002,0.1716672413793101,0.9349161896736706,0.3566901236563414,0.07126436781609195,0.5144499025564393,False
E1_warehouse_dual_dock,warehouse_dual_dock,intermittent_80s80m15r,closest,80,itae,pibt,rhcr_pbs,30,30,40636.413336666665,12087.94964333333,28548.463693333335,10.092113553112245,3.483703166184371e-11,0.9355555555555556,3.215025405655119e-10,True
E1_warehouse_dual_dock,warehouse_dual_dock,intermittent_80s80m15r,closest,80,itae,pibt,token_passing,30,30,40636.413336666665,33159.00777333334,7477.405563333326,3.4607611449335427,0.0015909554400144199,0.4311111111111111,0.004769488495329853,True
E1_warehouse_dual_dock,warehouse_dual_dock,intermittent_80s80m15r,closest,80,itae,rhcr_pbs,token_passing,30,30,12087.94964333333,33159.00777333334,-21071.05813000001,-5.994332108703822,1.734843671934572e-07,-0.7111111111111111,9.278785093831877e-07,True
E1_warehouse_dual_dock,warehouse_dual_dock,intermittent_80s80m15r,closest,80,rapidity,pibt,rhcr_pbs,30,29,0.0,0.9310344827586207,-0.9310344827586207,-1.7059248637377216,0.09909272262876438,-0.10344827586206896,0.1911460715188734,False
E1_warehouse_dual_dock,warehouse_dual_dock,intermittent_80s80m15r,closest,80,rapidity,pibt,token_passing,30,30,0.0,2.7666666666666666,-2.7666666666666666,-1.0,0.32558198801619337,-0.03333333333333333,0.48984647544979576,False
E1_warehouse_dual_dock,warehouse_dual_dock,intermittent_80s80m15r,closest,80,rapidity,rhcr_pbs,token_passing,29,30,0.9310344827586207,2.7666666666666666,-1.835632183908046,-0.6509373220252948,0.5198447250409929,0.06666666666666667,0.6678953338866178,False
E1_warehouse_dual_dock,warehouse_dual_dock,wear_high,closest,80,attack_rate,pibt,rhcr_pbs,30,30,0.94375,0.5466666666666667,0.39708333333333323,5.931767266053638,1.8302704837051937e-06,0.9377777777777778,8.701487956201122e-06,True
E1_warehouse_dual_dock,warehouse_dual_dock,wear_high,closest,80,attack_rate,pibt,token_passing,30,30,0.94375,0.7108333333333333,0.23291666666666666,11.115108545459249,1.0859305052886011e-12,0.9866666666666667,1.3105417721944484e-11,True
E1_warehouse_dual_dock,warehouse_dual_dock,wear_high,closest,80,attack_rate,rhcr_pbs,token_passing,30,30,0.5466666666666667,0.7108333333333333,-0.16416666666666657,-2.353962673625018,0.024438082099439574,-0.051111111111111114,0.05684772969424824,False
E1_warehouse_dual_dock,warehouse_dual_dock,wear_high,closest,80,critical_time,pibt,rhcr_pbs,30,28,0.5746366666666668,0.15798928571428572,0.4166473809523811,14.425223163646516,2.152565794417269e-14,1.0,3.166065522622067e-13,True
E1_warehouse_dual_dock,warehouse_dual_dock,wear_high,closest,80,critical_time,pibt,token_passing,30,30,0.5746366666666668,0.4827666666666666,0.09187000000000017,4.009536584698643,0.00036978708012207765,0.4588888888888889,0.0013086199426876534,True
E1_warehouse_dual_dock,warehouse_dual_dock,wear_high,closest,80,critical_time,rhcr_pbs,token_passing,28,30,0.15798928571428572,0.4827666666666666,-0.3247773809523809,-8.87493017889155,5.177851931567536e-12,-0.8904761904761904,5.375828623068648e-11,True
E1_warehouse_dual_dock,warehouse_dual_dock,wear_high,closest,80,fault_tolerance,pibt,rhcr_pbs,30,30,0.17799999999999996,0.8542633333333335,-0.6762633333333335,-4.539138773258065,9.04812058109012e-05,-0.79,0.0003558759404038788,True
E1_warehouse_dual_dock,warehouse_dual_dock,wear_high,closest,80,fault_tolerance,pibt,token_passing,30,30,0.17799999999999996,0.24269666666666667,-0.06469666666666671,-3.7765590693763738,0.0005458627848953191,-0.5088888888888888,0.001852784260269689,True
E1_warehouse_dual_dock,warehouse_dual_dock,wear_high,closest,80,fault_tolerance,rhcr_pbs,token_passing,30,30,0.8542633333333335,0.24269666666666667,0.6115666666666668,4.085280578655768,0.0003068876027913428,0.6066666666666667,0.0011054216712790205,True
E1_warehouse_dual_dock,warehouse_dual_dock,wear_high,closest,80,itae,pibt,rhcr_pbs,30,28,67986.58690666666,16877.432478571427,51109.15442809524,13.443108450326296,2.877111556055271e-14,1.0,4.0222589278713293e-13,True
E1_warehouse_dual_dock,warehouse_dual_dock,wear_high,closest,80,itae,pibt,token_passing,30,30,67986.58690666666,53802.54166333332,14184.045243333341,3.9390621310096323,0.00040334923342026034,0.3933333333333333,0.0014062447347886608,True
E1_warehouse_dual_dock,warehouse_dual_dock,wear_high,closest,80,itae,rhcr_pbs,token_passing,28,30,16877.432478571427,53802.54166333332,-36925.109184761895,-7.26515906728708,1.3204788624173155e-09,-0.8119047619047619,9.464549003722079e-09,True
E1_warehouse_dual_dock,warehouse_dual_dock,wear_high,closest,80,rapidity,pibt,rhcr_pbs,30,28,1.4666666666666666,0.03571428571428571,1.4309523809523808,1.1973559160669789,0.24084661886749234,0.03333333333333333,0.39497726578501646,False
E1_warehouse_dual_dock,warehouse_dual_dock,wear_high,closest,80,rapidity,pibt,token_passing,30,30,1.4666666666666666,0.0,1.4666666666666666,1.2277883732752948,0.2293992551897021,0.06666666666666667,0.37960957338302076,False
E1_warehouse_dual_dock,warehouse_dual_dock,wear_high,closest,80,rapidity,rhcr_pbs,token_passing,28,30,0.03571428571428571,0.0,0.03571428571428571,0.9999999999999998,0.32618890067972695,0.03571428571428571,0.48984647544979576,False
E1_warehouse_dual_dock,warehouse_dual_dock,wear_medium,closest,80,attack_rate,pibt,rhcr_pbs,30,30,0.5275,0.13750000000000004,0.3899999999999999,12.36311711266837,3.2559433785204153e-14,0.9677777777777777,4.4634874276415787e-13,True
E1_warehouse_dual_dock,warehouse_dual_dock,wear_medium,closest,80,attack_rate,pibt,token_passing,30,30,0.5275,0.30250000000000005,0.22499999999999992,9.742785792574931,4.407802270985698e-12,0.9433333333333334,4.644639407934183e-11,True
E1_warehouse_dual_dock,warehouse_dual_dock,wear_medium,closest,80,attack_rate,rhcr_pbs,token_passing,30,30,0.13750000000000004,0.30250000000000005,-0.165,-4.4788301533618755,4.1393237298525544e-05,-0.6033333333333334,0.000172920861140586,True
E1_warehouse_dual_dock,warehouse_dual_dock,wear_medium,closest,80,critical_time,pibt,rhcr_pbs,30,22,0.3604866666666667,0.1486590909090909,0.21182757575757577,6.54043839926372,1.393056372585221e-06,0.7106060606060606,6.759435044983959e-06,True
E1_warehouse_dual_dock,warehouse_dual_dock,wear_medium,closest,80,critical_time,pibt,token_passing,30,30,0.3604866666666667,0.3324833333333333,0.02800333333333338,1.482249066558818,0.14764829484679598,0.12,0.26864821047654386,False
E1_warehouse_dual_dock,warehouse_dual_dock,wear_medium,closest,80,critical_time,rhcr_pbs,token_passing,22,30,0.1486590909090909,0.3324833333333333,-0.1838242424242424,-4.993361393585053,1.7268115984757156e-05,-0.6484848484848484,7.595819243139285e-05,True
E1_warehouse_dual_dock,warehouse_dual_dock,wear_medium,closest,80,fault_tolerance,pibt,rhcr_pbs,30,30,0.6434333333333334,1.69835,-1.0549166666666667,-1.861661878541403,0.07280599772176616,-0.4,0.14898850548280262,False
E1_warehouse_dual_dock,warehouse_dual_dock,wear_medium,closest,80,fault_tolerance,pibt,token_passing,30,30,0.6434333333333334,0.70013,-0.05669666666666662,-1.0728966483990983,0.2914077198368174,0.13333333333333333,0.4576948836591615,False
E1_warehouse_dual_dock,warehouse_dual_dock,wear_medium,closest,80,fault_tolerance,rhcr_pbs,token_passing,30,30,1.69835,0.70013,0.99822,1.7546795768793981,0.08970351668877816,0.2866666666666667,0.17789517635471175,False
E1_warehouse_dual_dock,warehouse_dual_dock,wear_medium,closest,80,itae,pibt,rhcr_pbs,30,22,43669.94055333334,16424.898386363635,27245.042166969706,6.560014069375492,4.4831908227050345e-07,0.7545454545454545,2.318778550058428e-06,True
E1_warehouse_dual_dock,warehouse_dual_dock,wear_medium,closest,80,itae,pibt,token_passing,30,30,43669.94055333334,36005.590003333324,7664.350550000017,2.348802287092464,0.02340160240520735,0.28888888888888886,0.054797782083172104,False
E1_warehouse_dual_dock,warehouse_dual_dock,wear_medium,closest,80,itae,rhcr_pbs,token_passing,22,30,16424.898386363635,36005.590003333324,-19580.69161696969,-4.0577193300897125,0.00021318411606610348,-0.5666666666666667,0.0007859424853403084,True
E1_warehouse_dual_dock,warehouse_dual_dock,zone_50t,closest,80,attack_rate,pibt,rhcr_pbs,30,30,0.2341666666666667,0.2470833333333333,-0.012916666666666604,-0.48822707648815233,0.6275138805512294,0.011111111111111112,0.7651550944199791,False
E1_warehouse_dual_dock,warehouse_dual_dock,zone_50t,closest,80,attack_rate,pibt,token_passing,30,30,0.2341666666666667,0.24500000000000002,-0.010833333333333334,-0.6268402715590825,0.5336586684728947,-0.17555555555555555,0.6794644182901058,False
E1_warehouse_dual_dock,warehouse_dual_dock,zone_50t,closest,80,attack_rate,rhcr_pbs,token_passing,30,30,0.2470833333333333,0.24500000000000002,0.0020833333333332704,0.0869493806322323,0.9311570448395388,-0.13777777777777778,0.9957683372010773,False
E1_warehouse_dual_dock,warehouse_dual_dock,zone_50t,closest,80,cascade_depth_avg,pibt,rhcr_pbs,30,30,0.24933333333333335,0.016666666666666666,0.2326666666666667,9.134394689514851,1.3342312364761476e-10,0.9377777777777778,1.134900304761639e-09,True
E1_warehouse_dual_dock,warehouse_dual_dock,zone_50t,closest,80,cascade_depth_avg,pibt,token_passing,30,30,0.24933333333333335,0.05800000000000001,0.19133333333333336,7.442025719652133,1.1270374382460948e-08,0.8688888888888889,7.072786056904382e-08,True
E1_warehouse_dual_dock,warehouse_dual_dock,zone_50t,closest,80,cascade_depth_avg,rhcr_pbs,token_passing,30,30,0.016666666666666666,0.05800000000000001,-0.04133333333333335,-4.056056441999393,0.00015284390220087735,-0.5211111111111111,0.0005832853781287536,True
E1_warehouse_dual_dock,warehouse_dual_dock,zone_50t,closest,80,critical_time,pibt,rhcr_pbs,30,30,0.25511666666666666,0.08637333333333333,0.16874333333333333,7.909765504411494,7.298858234696685e-09,0.7633333333333333,4.771290660829499e-08,True
E1_warehouse_dual_dock,warehouse_dual_dock,zone_50t,closest,80,critical_time,pibt,token_passing,30,30,0.25511666666666666,0.2448066666666667,0.010309999999999958,0.8220498891784078,0.41693821552541604,0.027777777777777776,0.5704619770560925,False
E1_warehouse_dual_dock,warehouse_dual_dock,zone_50t,closest,80,critical_time,rhcr_pbs,token_passing,30,30,0.08637333333333333,0.2448066666666667,-0.15843333333333337,-6.512972829563207,4.78876756112597e-08,-0.7422222222222222,2.7486747139471016e-07,True
E1_warehouse_dual_dock,warehouse_dual_dock,zone_50t,closest,80,fault_tolerance,pibt,rhcr_pbs,30,29,0.9642433333333335,1.4727310344827589,-0.5084877011494254,-1.745671771530401,0.09182684335514721,-0.20689655172413793,0.17987978638358917,False
E1_warehouse_dual_dock,warehouse_dual_dock,zone_50t,closest,80,fault_tolerance,pibt,token_passing,30,30,0.9642433333333335,1.00071,-0.036466666666666536,-0.5853878527361478,0.5627510333655281,0.14444444444444443,0.7029760866087292,False
E1_warehouse_dual_dock,warehouse_dual_dock,zone_50t,closest,80,fault_tolerance,rhcr_pbs,token_passing,29,30,1.4727310344827589,1.00071,0.4720210344827589,1.5851415458860445,0.123235582535493,0.1310344827586207,0.22865787455994233,False
E1_warehouse_dual_dock,warehouse_dual_dock,zone_50t,closest,80,itae,pibt,rhcr_pbs,30,30,35751.84556,10461.691986666667,25290.153573333337,10.337395220638584,1.630838024829173e-11,0.9288888888888889,1.5772214322320497e-10,True
E1_warehouse_dual_dock,warehouse_dual_dock,zone_50t,closest,80,itae,pibt,token_passing,30,30,35751.84556,29431.24666333334,6320.598896666663,3.1101503887323347,0.0039559768750136596,0.21777777777777776,0.010952626171606446,True
E1_warehouse_dual_dock,warehouse_dual_dock,zone_50t,closest,80,itae,rhcr_pbs,token_passing,30,30,10461.691986666667,29431.24666333334,-18969.554676666674,-6.0658146175176375,1.1887335064041351e-07,-0.7333333333333333,6.556608246260307e-07,True
E1_warehouse_dual_dock,warehouse_dual_dock,zone_50t,closest,80,rapidity,pibt,rhcr_pbs,30,29,11.6,8.0,3.5999999999999996,0.5980467985414273,0.5521780996033026,0.059770114942528735,0.6967609263984479,False
E1_warehouse_dual_dock,warehouse_dual_dock,zone_50t,closest,80,rapidity,pibt,token_passing,30,30,11.6,13.933333333333334,-2.333333333333334,-0.3646454171867889,0.7167123462842666,-0.042222222222222223,0.8280528505362824,False
E1_warehouse_dual_dock,warehouse_dual_dock,zone_50t,closest,80,rapidity,rhcr_pbs,token_passing,29,30,8.0,13.933333333333334,-5.933333333333334,-0.9404479319653255,0.3509965820952694,-0.09310344827586207,0.509883923784486,False
E1_warehouse_dual_dock,warehouse_dual_dock,burst_20pct,closest,120,attack_rate,pibt,rhcr_pbs,30,30,0.20000000000000007,0.20000000000000007,0.0,0.0,1.0,0.0,1.0,False
E1_warehouse_dual_dock,warehouse_dual_dock,burst_20pct,closest,120,attack_rate,pibt,token_passing,30,30,0.20000000000000007,0.20000000000000007,0.0,0.0,1.0,0.0,1.0,False
E1_warehouse_dual_dock,warehouse_dual_dock,burst_20pct,closest,120,attack_rate,rhcr_pbs,token_passing,30,30,0.20000000000000007,0.20000000000000007,0.0,0.0,1.0,0.0,1.0,False
E1_warehouse_dual_dock,warehouse_dual_dock,burst_20pct,closest,120,critical_time,pibt,rhcr_pbs,30,30,0.44563666666666674,0.0005,0.44513666666666674,49.72948474388471,1.1174977790441912e-29,1.0,7.88953432005199e-28,True
E1_warehouse_dual_dock,warehouse_dual_dock,burst_20pct,closest,120,critical_time,pibt,token_passing,30,30,0.44563666666666674,0.17739666666666665,0.2682400000000001,10.853543066048159,3.887910863883494e-13,0.9011111111111111,4.858168265312826e-12,True
E1_warehouse_dual_dock,warehouse_dual_dock,burst_20pct,closest,120,critical_time,rhcr_pbs,token_passing,30,30,0.0005,0.17739666666666665,-0.17689666666666665,-7.6776185480377865,1.8191437810294542e-08,-0.9944444444444445,1.0865112695763278e-07,True
E1_warehouse_dual_dock,warehouse_dual_dock,burst_20pct,closest,120,fault_tolerance,pibt,token_passing,30,30,0.4861899999999999,0.57832,-0.09213000000000005,-1.4455538843728628,0.15774673127325167,-0.1288888888888889,0.281947322225103,False
E1_warehouse_dual_dock,warehouse_dual_dock,burst_20pct,closest,120,itae,pibt,rhcr_pbs,30,30,46148.65333333333,15.555556666666666,46133.09777666666,92.04628138637196,2.2795636895507594e-37,1.0,4.02342991205709e-35,True
E1_warehouse_dual_dock,warehouse_dual_dock,burst_20pct,closest,120,itae,pibt,token_passing,30,30,46148.65333333333,9831.98777,36316.66556333333,17.35290502304311,5.302815039112393e-18,0.9844444444444445,1.188503942099476e-16,True
E1_warehouse_dual_dock,warehouse_dual_dock,burst_20pct,closest,120,itae,rhcr_pbs,token_passing,30,30,15.555556666666666,9831.98777,-9816.432213333333,-4.830906270024063,4.0573835608054314e-05,-0.9933333333333333,0.00017050671392432348,True
E1_warehouse_dual_dock,warehouse_dual_dock,burst_20pct,closest,120,rapidity,pibt,rhcr_pbs,26,7,5.076923076923077,2.857142857142857,2.2197802197802194,0.636486377164504,0.5297892461425687,-0.13736263736263737,0.6751465844343926,False
E1_warehouse_dual_dock,warehouse_dual_dock,burst_20pct,closest,120,rapidity,pibt,token_passing,26,24,5.076923076923077,11.875,-6.798076923076923,-0.8151404575708042,0.42165503712817104,-0.017628205128205128,0.5746881394063489,False
E1_warehouse_dual_dock,warehouse_dual_dock,burst_20pct,closest,120,rapidity,rhcr_pbs,token_passing,7,24,2.857142857142857,11.875,-9.017857142857142,-1.1124248740967706,0.2762277108064903,0.125,0.43922694556167147,False
E1_warehouse_dual_dock,warehouse_dual_dock,burst_50pct,closest,120,critical_time,pibt,rhcr_pbs,30,30,0.6400599999999999,0.0009166666666666666,0.6391433333333332,105.37346019374219,1.0395492082205818e-39,1.0,3.6696087050186537e-37,True
E1_warehouse_dual_dock,warehouse_dual_dock,burst_50pct,closest,120,critical_time,pibt,token_passing,30,30,0.6400599999999999,0.21388333333333331,0.42617666666666654,15.763371341500251,1.1958922115729842e-16,0.9955555555555555,2.3783095813254278e-15,True
E1_warehouse_dual_dock,warehouse_dual_dock,burst_50pct,closest,120,critical_time,rhcr_pbs,token_passing,30,30,0.0009166666666666666,0.21388333333333331,-0.21296666666666664,-8.078644310225876,6.5144552611579816e-09,-0.9944444444444445,4.3185027365047276e-08,True
E1_warehouse_dual_dock,warehouse_dual_dock,burst_50pct,closest,120,fault_tolerance,pibt,token_passing,30,30,0.16611333333333336,0.24287666666666669,-0.07676333333333332,-2.2621997360575725,0.030688144277043625,-0.19333333333333333,0.06966504778004115,False
E1_warehouse_dual_dock,warehouse_dual_dock,burst_50pct,closest,120,itae,pibt,rhcr_pbs,30,30,55642.740626666666,15.777776666666666,55626.962849999996,116.64260882625547,2.3676951560479152e-40,1.0,1.1143951867798854e-37,True
E1_warehouse_dual_dock,warehouse_dual_dock,burst_50pct,closest,120,itae,pibt,token_passing,30,30,55642.740626666666,10732.41778,44910.32284666666,20.564746638020594,5.707585277028845e-20,1.0,1.6447164104417816e-18,True
E1_warehouse_dual_dock,warehouse_dual_dock,burst_50pct,closest,120,itae,rhcr_pbs,token_passing,30,30,15.777776666666666,10732.41778,-10716.640003333334,-5.028414494177372,2.34356084066157e-05,-0.9955555555555555,0.00010027599718224656,True
E1_warehouse_dual_dock,warehouse_dual_dock,burst_50pct,closest,120,rapidity,pibt,rhcr_pbs,5,7,0.0,5.428571428571429,-5.428571428571429,-1.2988132613468601,0.24168656774110384,-0.42857142857142855,0.39589493462927916,False
E1_warehouse_dual_dock,warehouse_dual_dock,burst_50pct,closest,120,rapidity,pibt,token_passing,5,18,0.0,68.22222222222223,-68.22222222222223,-2.9425461213141912,0.009102482450492513,-0.4444444444444444,0.023539753150357928,True
E1_warehouse_dual_dock,warehouse_dual_dock,burst_50pct,closest,120,rapidity,rhcr_pbs,token_passing,7,18,5.428571428571429,68.22222222222223,-62.7936507936508,-2.665436195278929,0.015730744639466963,-0.20634920634920634,0.038629237271178,True
E1_warehouse_dual_dock,warehouse_dual_dock,intermittent_80s80m15r,closest,120,attack_rate,pibt,rhcr_pbs,30,30,0.9997233333333334,0.9963933333333332,0.003330000000000166,3.1134167502101713,0.003797272414243488,0.30333333333333334,0.010533887325956394,True
E1_warehouse_dual_dock,warehouse_dual_dock,intermittent_80s80m15r,closest,120,attack_rate,pibt,token_passing,30,30,0.9997233333333334,0.9958333333333333,0.00389000000000006,3.2012166743527084,0.0030761203181941562,0.3055555555555556,0.008637697347093862,True
E1_warehouse_dual_dock,warehouse_dual_dock,intermittent_80s80m15r,closest,120,attack_rate,rhcr_pbs,token_passing,30,30,0.9963933333333332,0.9958333333333333,0.0005599999999998939,0.3564999002064903,0.722783332617614,0.022222222222222223,0.8316151948125867,False
E1_warehouse_dual_dock,warehouse_dual_dock,intermittent_80s80m15r,closest,120,cascade_depth_avg,pibt,rhcr_pbs,30,30,0.5589999999999999,0.3406666666666667,0.21833333333333327,4.684025841294892,4.508347486781936e-05,0.5411111111111111,0.00018559144756081903,True
E1_warehouse_dual_dock,warehouse_dual_dock,intermittent_80s80m15r,closest,120,cascade_depth_avg,pibt,token_passing,30,30,0.5589999999999999,0.056333333333333346,0.5026666666666666,35.52689014598625,2.0151709774232795e-33,1.0,1.896947613414447e-31,True
E1_warehouse_dual_dock,warehouse_dual_dock,intermittent_80s80m15r,closest,120,cascade_depth_avg,rhcr_pbs,token_passing,30,30,0.3406666666666667,0.056333333333333346,0.2843333333333333,6.274275864638233,6.33839551483524e-07,0.9966666666666667,3.1963623096240566e-06,True
E1_warehouse_dual_dock,warehouse_dual_dock,intermittent_80s80m15r,closest,120,critical_time,pibt,rhcr_pbs,30,30,0.3777333333333335,0.0008766666666666665,0.3768566666666668,98.37527314911551,1.398952942535522e-39,1.0,3.950643109720314e-37,True
E1_warehouse_dual_dock,warehouse_dual_dock,intermittent_80s80m15r,closest,120,critical_time,pibt,token_passing,30,30,0.3777333333333335,0.14204333333333335,0.23569000000000012,13.37592852174501,1.3239845437575794e-14,0.9344444444444444,2.0320284519409805e-13,True
E1_warehouse_dual_dock,warehouse_dual_dock,intermittent_80s80m15r,closest,120,critical_time,rhcr_pbs,token_passing,30,30,0.0008766666666666665,0.14204333333333335,-0.1411666666666667,-8.198596969375371,4.777607068936101e-09,-0.9622222222222222,3.227742192027643e-08,True
E1_warehouse_dual_dock,warehouse_dual_dock,intermittent_80s80m15r,closest,120,fault_tolerance,pibt,rhcr_pbs,30,9,0.59019,1.309311111111111,-0.7191211111111111,-2.981888152204836,0.017532678901853307,-1.0,0.042463366396941454,True
E1_warehouse_dual_dock,warehouse_dual_dock,intermittent_80s80m15r,closest,120,fault_tolerance,pibt,token_passing,30,30,0.59019,2.656389999999999,-2.0661999999999994,-1.3571388517162033,0.18520641135161303,-0.8622222222222222,0.32026694203925016,False
E1_warehouse_dual_dock,warehouse_dual_dock,intermittent_80s80m15r,closest,120,fault_tolerance,rhcr_pbs,token_passing,9,30,1.309311111111111,2.656389999999999,-1.347078888888888,-0.8739130986705412,0.38901640804245585,0.08888888888888889,0.5416219381296866,False
E1_warehouse_dual_dock,warehouse_dual_dock,intermittent_80s80m15r,closest,120,itae,pibt,rhcr_pbs,30,30,46069.28047666666,18.144443333333335,46051.13603333333,103.5150810440023,7.535101415723281e-39,1.0,1.528219173572676e-36,True
E1_warehouse_dual_dock,warehouse_dual_dock,intermittent_80s80m15r,closest,120,itae,pibt,token_passing,30,30,46069.28047666666,10117.58222,35951.698256666656,17.612295066604077,5.469977474896849e-18,0.9422222222222222,1.2068137803991173e-16,True
E1_warehouse_dual_dock,warehouse_dual_dock,intermittent_80s80m15r,closest,120,itae,rhcr_pbs,token_passing,30,30,18.144443333333335,10117.58222,-10099.437776666668,-5.069272212184056,2.0919381091146887e-05,-0.9944444444444445,9.144943065232015e-05,True
E1_warehouse_dual_dock,warehouse_dual_dock,intermittent_80s80m15r,closest,120,rapidity,pibt,rhcr_pbs,30,16,3.033333333333333,1.375,1.6583333333333332,0.5349906972531362,0.5964124935206191,-0.26875,0.7348468070254051,False
E1_warehouse_dual_dock,warehouse_dual_dock,intermittent_80s80m15r,closest,120,rapidity,pibt,token_passing,30,30,3.033333333333333,0.0,3.033333333333333,0.9999999999999997,0.3255819880161936,0.03333333333333333,0.48984647544979576,False
E1_warehouse_dual_dock,warehouse_dual_dock,intermittent_80s80m15r,closest,120,rapidity,rhcr_pbs,token_passing,16,30,1.375,0.0,1.375,2.154517053544795,0.04786318899678782,0.3125,0.10365463629365705,False
E1_warehouse_dual_dock,warehouse_dual_dock,wear_high,closest,120,attack_rate,pibt,rhcr_pbs,30,30,0.9377766666666666,0.00861,0.9291666666666666,151.32724160437652,1.9728381378095616e-67,1.0,2.785647450587101e-64,True
E1_warehouse_dual_dock,warehouse_dual_dock,wear_high,closest,120,attack_rate,pibt,token_passing,30,30,0.9377766666666666,0.37611333333333336,0.5616633333333332,32.22152084774327,2.2893284408149876e-27,1.0,1.293012703372305e-25,True
E1_warehouse_dual_dock,warehouse_dual_dock,wear_high,closest,120,attack_rate,rhcr_pbs,token_passing,30,30,0.00861,0.37611333333333336,-0.36750333333333335,-21.655053721637433,2.1546214713915283e-20,-1.0,6.473033016180506e-19,True
E1_warehouse_dual_dock,warehouse_dual_dock,wear_high,closest,120,critical_time,pibt,rhcr_pbs,30,10,0.6639266666666667,0.00452,0.6594066666666667,163.24970320931587,1.1660758163121885e-45,1.0,8.23249526316405e-43,True
E1_warehouse_dual_dock,warehouse_dual_dock,wear_high,closest,120,critical_time,pibt,token_passing,30,30,0.6639266666666667,0.20845999999999998,0.4554666666666667,19.65152205045342,1.1320359321605868e-18,1.0,2.664057893684581e-17,True
E1_warehouse_dual_dock,warehouse_dual_dock,wear_high,closest,120,critical_time,rhcr_pbs,token_passing,10,30,0.00452,0.20845999999999998,-0.20393999999999998,-8.810329303296049,8.476746724123851e-10,-0.98,6.332892261620571e-09,True
E1_warehouse_dual_dock,warehouse_dual_dock,wear_high,closest,120,fault_tolerance,pibt,rhcr_pbs,30,27,0.17173,0.9692703703703704,-0.7975403703703705,-23.731738603975796,6.015777897266657e-20,-1.0,1.698855678188104e-18,True
E1_warehouse_dual_dock,warehouse_dual_dock,wear_high,closest,120,fault_tolerance,pibt,token_passing,30,30,0.17173,1.0223499999999999,-0.8506199999999999,-1.88855000011028,0.06898841411202744,-0.9822222222222222,0.1424146794242438,False
E1_warehouse_dual_dock,warehouse_dual_dock,wear_high,closest,120,fault_tolerance,rhcr_pbs,token_passing,27,30,0.9692703703703704,1.0223499999999999,-0.05307962962962942,-0.11754152818197712,0.9072326605273228,0.6641975308641975,0.9778721501256334,False
E1_warehouse_dual_dock,warehouse_dual_dock,wear_high,closest,120,itae,pibt,rhcr_pbs,30,10,80606.47928999999,110.25,80496.22928999999,101.13718332581402,7.576157376068507e-39,1.0,1.528219173572676e-36,True
E1_warehouse_dual_dock,warehouse_dual_dock,wear_high,closest,120,itae,pibt,token_passing,30,30,80606.47928999999,16376.362533333333,64230.116756666655,22.573133594772823,5.4838705513221825e-22,1.0,1.8436250520159337e-20,True
E1_warehouse_dual_dock,warehouse_dual_dock,wear_high,closest,120,itae,rhcr_pbs,token_passing,10,30,110.25,16376.362533333333,-16266.112533333333,-5.951541888222696,1.8129910750137026e-06,-0.9866666666666667,8.648457425403203e-06,True
E1_warehouse_dual_dock,warehouse_dual_dock,wear_high,closest,120,rapidity,pibt,rhcr_pbs,30,7,0.13333333333333333,2.0,-1.8666666666666667,-0.931266147332835,0.3873494413548443,-0.11428571428571428,0.5404519873449013,False
E1_warehouse_dual_dock,warehouse_dual_dock,wear_high,closest,120,rapidity,pibt,token_passing,30,30,0.13333333333333333,0.9666666666666667,-0.8333333333333334,-0.8539837321064437,0.39985895446663183,-0.0011111111111111111,0.5524470094979297,False
E1_warehouse_dual_dock,warehouse_dual_dock,wear_high,closest,120,rapidity,rhcr_pbs,token_passing,7,30,2.0,0.9666666666666667,1.0333333333333332,0.46518029230167096,0.652817864968306,0.10476190476190476,0.7862922821197049,False
E1_warehouse_dual_dock,warehouse_dual_dock,wear_medium,closest,120,attack_rate,pibt,rhcr_pbs,30,30,0.5027766666666668,0.0033299999999999996,0.49944666666666676,74.18257326167563,6.639523831255825e-36,1.0,9.375007649733224e-34,True
E1_warehouse_dual_dock,warehouse_dual_dock,wear_medium,closest,120,attack_rate,pibt,token_passing,30,30,0.5027766666666668,0.10722333333333335,0.3955533333333334,27.856045807889185,1.2274929265933468e-29,1.0,8.25342863023717e-28,True
E1_warehouse_dual_dock,warehouse_dual_dock,wear_medium,closest,120,attack_rate,rhcr_pbs,token_passing,30,30,0.0033299999999999996,0.10722333333333335,-0.10389333333333335,-8.254412704235467,3.815059660980097e-09,-0.9366666666666666,2.6149826414096587e-08,True
E1_warehouse_dual_dock,warehouse_dual_dock,wear_medium,closest,120,critical_time,pibt,rhcr_pbs,30,9,0.3994333333333333,0.00046666666666666666,0.39896666666666664,73.14388774066376,1.2766558974320945e-34,1.0,1.6387619337946524e-32,True
E1_warehouse_dual_dock,warehouse_dual_dock,wear_medium,closest,120,critical_time,pibt,token_passing,30,29,0.3994333333333333,0.14404827586206898,0.25538505747126433,13.685022765130503,3.3690210701038128e-15,1.0,5.65611669714196e-14,True
E1_warehouse_dual_dock,warehouse_dual_dock,wear_medium,closest,120,critical_time,rhcr_pbs,token_passing,9,29,0.00046666666666666666,0.14404827586206898,-0.1435816091954023,-8.04286583037218,9.257988927650232e-09,-1.0,5.94194562083733e-08,True
E1_warehouse_dual_dock,warehouse_dual_dock,wear_medium,closest,120,fault_tolerance,pibt,rhcr_pbs,30,23,0.5935500000000001,0.9894391304347825,-0.39588913043478235,-31.355823322972245,2.5447544936868147e-34,-1.0,2.8801239596169217e-32,True
E1_warehouse_dual_dock,warehouse_dual_dock,wear_medium,closest,120,fault_tolerance,pibt,token_passing,30,30,0.5935500000000001,1.2025700000000001,-0.60902,-4.24311145562543,0.0002026314645025482,-0.7377777777777778,0.0007509596532220423,True
E1_warehouse_dual_dock,warehouse_dual_dock,wear_medium,closest,120,fault_tolerance,rhcr_pbs,token_passing,23,30,0.9894391304347825,1.2025700000000001,-0.21313086956521765,-1.4866871985981336,0.147832620071016,0.010144927536231883,0.26864821047654386,False
E1_warehouse_dual_dock,warehouse_dual_dock,wear_medium,closest,120,itae,pibt,rhcr_pbs,30,9,53367.99721333334,11.666666666666666,53356.33054666668,35.77668158468225,1.5130900432814438e-25,1.0,6.67650981597937e-24,True
E1_warehouse_dual_dock,warehouse_dual_dock,wear_medium,closest,120,itae,pibt,token_passing,30,29,53367.99721333334,10123.876434482758,43244.120778850585,16.951670906177853,1.1487164282721586e-22,0.967816091954023,4.2683884124218104e-21,True
E1_warehouse_dual_dock,warehouse_dual_dock,wear_medium,closest,120,itae,rhcr_pbs,token_passing,9,29,11.666666666666666,10123.876434482758,-10112.209767816092,-4.885836171202811,3.7891830260996666e-05,-1.0,0.0001606704634490309,True
E1_warehouse_dual_dock,warehouse_dual_dock,wear_medium,closest,120,rapidity,pibt,token_passing,30,29,0.0,0.1724137931034483,-0.1724137931034483,-1.0000000000000002,0.3258747068716608,-0.034482758620689655,0.48984647544979576,False
E1_warehouse_dual_dock,warehouse_dual_dock,zone_50t,closest,120,attack_rate,pibt,rhcr_pbs,30,30,0.24777666666666665,0.2172233333333333,0.03055333333333335,0.8850591821335236,0.38172755043977535,0.22,0.5357035402346788,False
E1_warehouse_dual_dock,warehouse_dual_dock,zone_50t,closest,120,attack_rate,pibt,token_passing,30,30,0.24777666666666665,0.2300066666666667,0.017769999999999953,1.095401383548998,0.278070929393899,0.16111111111111112,0.4416604637842355,False
E1_warehouse_dual_dock,warehouse_dual_dock,zone_50t,closest,120,attack_rate,rhcr_pbs,token_passing,30,30,0.2172233333333333,0.2300066666666667,-0.012783333333333396,-0.3792813156427987,0.7067855976069018,-0.2011111111111111,0.8234174926964756,False
E1_warehouse_dual_dock,warehouse_dual_dock,zone_50t,closest,120,cascade_depth_avg,pibt,rhcr_pbs,30,30,0.39999999999999997,0.0013333333333333333,0.3986666666666666,21.883211688950514,1.0427103064954159e-19,1.0,2.8868763779833866e-18,True
E1_warehouse_dual_dock,warehouse_dual_dock,zone_50t,closest,120,cascade_depth_avg,pibt,token_passing,30,30,0.39999999999999997,0.05466666666666667,0.34533333333333327,17.150100436009847,1.8140235411872388e-20,0.9988888888888889,5.692002755903069e-19,True
E1_warehouse_dual_dock,warehouse_dual_dock,zone_50t,closest,120,cascade_depth_avg,rhcr_pbs,token_passing,30,30,0.0013333333333333333,0.05466666666666667,-0.05333333333333334,-6.073215191831729,1.0821354258591373e-06,-0.7144444444444444,5.342570703891965e-06,True
E1_warehouse_dual_dock,warehouse_dual_dock,zone_50t,closest,120,critical_time,pibt,rhcr_pbs,30,29,0.24563666666666667,0.0,0.24563666666666667,72.29724466431017,2.651672200780452e-34,1.0,2.8801239596169217e-32,True
E1_warehouse_dual_dock,warehouse_dual_dock,zone_50t,closest,120,critical_time,pibt,token_passing,30,30,0.24563666666666667,0.13001000000000001,0.11562666666666666,6.039985831409415,1.1114362092011811e-06,0.6855555555555556,5.4302696449552515e-06,True
E1_warehouse_dual_dock,warehouse_dual_dock,zone_50t,closest,120,critical_time,rhcr_pbs,token_passing,29,30,0.0,0.13001000000000001,-0.13001000000000001,-6.900883050708612,1.3922855447830927e-07,-0.9666666666666667,7.553058495893089e-07,True
E1_warehouse_dual_dock,warehouse_dual_dock,zone_50t,closest,120,fault_tolerance,pibt,token_passing,30,30,0.9432699999999999,1.1291933333333335,-0.18592333333333355,-1.950750169448892,0.060765705677298984,-0.17555555555555555,0.128830595219739,False
E1_warehouse_dual_dock,warehouse_dual_dock,zone_50t,closest,120,itae,pibt,rhcr_pbs,30,29,42874.90884333334,5.172413793103448,42869.73642954024,86.19456993248058,1.6325287838995042e-36,1.0,2.5612562698512224e-34,True
E1_warehouse_dual_dock,warehouse_dual_dock,zone_50t,closest,120,itae,pibt,token_passing,30,30,42874.90884333334,8962.349993333333,33912.55885,17.12649742317811,5.974267446963685e-18,0.9422222222222222,1.2946815870617002e-16,True
E1_warehouse_dual_dock,warehouse_dual_dock,zone_50t,closest,120,itae,rhcr_pbs,token_passing,29,30,5.172413793103448,8962.349993333333,-8957.17757954023,-4.673335771953653,6.283666992449714e-05,-0.9655172413793104,0.00025206073276531237,True
E1_warehouse_dual_dock,warehouse_dual_dock,zone_50t,closest,120,rapidity,pibt,rhcr_pbs,30,7,17.833333333333332,17.142857142857142,0.6904761904761898,0.038615743558957936,0.9702615822900966,0.11428571428571428,1.0,False
E1_warehouse_dual_dock,warehouse_dual_dock,zone_50t,closest,120,rapidity,pibt,token_passing,30,30,17.833333333333332,9.1,8.733333333333333,1.291167206066953,0.20185393407540503,0.15888888888888889,0.34205369127921054,False
E1_warehouse_dual_dock,warehouse_dual_dock,zone_50t,closest,120,rapidity,rhcr_pbs,token_passing,7,30,17.142857142857142,9.1,8.042857142857143,0.4540391431443024,0.663868251228054,0.02857142857142857,0.7917077455523752,False
E1_warehouse_single_dock,warehouse_single_dock,burst_20pct,closest,20,attack_rate,pibt,rhcr_pbs,30,30,0.20000000000000007,0.20000000000000007,0.0,0.0,1.0,0.0,1.0,False
E1_warehouse_single_dock,warehouse_single_dock,burst_20pct,closest,20,attack_rate,pibt,token_passing,30,30,0.20000000000000007,0.20000000000000007,0.0,0.0,1.0,0.0,1.0,False
E1_warehouse_single_dock,warehouse_single_dock,burst_20pct,closest,20,attack_rate,rhcr_pbs,token_passing,30,30,0.20000000000000007,0.20000000000000007,0.0,0.0,1.0,0.0,1.0,False
E1_warehouse_single_dock,warehouse_single_dock,burst_20pct,closest,20,critical_time,pibt,rhcr_pbs,30,30,0.16998666666666665,0.15386666666666665,0.016119999999999995,3.850565091580368,0.000309776199612811,0.52,0.0011101624209474343,True
E1_warehouse_single_dock,warehouse_single_dock,burst_20pct,closest,20,critical_time,pibt,token_passing,30,30,0.16998666666666665,0.16134666666666667,0.008639999999999981,1.3741079583067877,0.1769896762110026,0.10666666666666667,0.310446487962653,False
E1_warehouse_single_dock,warehouse_single_dock,burst_20pct,closest,20,critical_time,rhcr_pbs,token_passing,30,30,0.15386666666666665,0.16134666666666667,-0.007480000000000014,-1.1321327252197433,0.2634150600555353,-0.38555555555555554,0.42362421958817287,False
E1_warehouse_single_dock,warehouse_single_dock,burst_20pct,closest,20,fault_tolerance,pibt,rhcr_pbs,30,30,0.74768,0.7142199999999999,0.033460000000000156,0.9050452722842214,0.36919478573757747,0.15333333333333332,0.5260373738258924,False
E1_warehouse_single_dock,warehouse_single_dock,burst_20pct,closest,20,fault_tolerance,pibt,token_passing,30,30,0.74768,0.6974066666666666,0.05027333333333339,1.1686645470644859,0.24756029561397908,0.21888888888888888,0.4027132919434775,False
E1_warehouse_single_dock,warehouse_single_dock,burst_20pct,closest,20,fault_tolerance,rhcr_pbs,token_passing,30,30,0.7142199999999999,0.6974066666666666,0.016813333333333236,0.3981978121641772,0.6920537299799734,0.02666666666666667,0.8149957187086926,False
E1_warehouse_single_dock,warehouse_single_dock,burst_20pct,closest,20,itae,pibt,rhcr_pbs,30,30,15129.777776666666,13602.719446666666,1527.0583299999998,4.369893502552475,5.220369607414021e-05,0.5755555555555556,0.00021242541457258207,True
E1_warehouse_single_dock,warehouse_single_dock,burst_20pct,closest,20,itae,pibt,token_passing,30,30,15129.777776666666,14116.238886666666,1013.5388899999998,1.6335392443825747,0.11037072375430178,0.1922222222222222,0.20790216386169644,False
E1_warehouse_single_dock,warehouse_single_dock,burst_20pct,closest,20,itae,rhcr_pbs,token_passing,30,30,13602.719446666666,14116.238886666666,-513.51944,-0.8232351151034529,0.415276796706713,-0.41444444444444445,0.5699836289627561,False
E1_warehouse_single_dock,warehouse_single_dock,burst_20pct,closest,20,rapidity,pibt,rhcr_pbs,30,30,8.966666666666667,8.233333333333333,0.7333333333333343,0.15742700287504424,0.8754641347798159,0.07222222222222222,0.9560366266891724,False
E1_warehouse_single_dock,warehouse_single_dock,burst_20pct,closest,20,rapidity,pibt,token_passing,30,30,8.966666666666667,13.866666666666667,-4.9,-0.7878571306834984,0.43482284061926507,-0.0022222222222222222,0.585295832215431,False
E1_warehouse_single_dock,warehouse_single_dock,burst_20pct,closest,20,rapidity,rhcr_pbs,token_passing,30,30,8.233333333333333,13.866666666666667,-5.633333333333335,-0.8747557309029125,0.38591698024493265,-0.07444444444444444,0.5389859308663154,False
E1_warehouse_single_dock,warehouse_single_dock,burst_50pct,closest,20,critical_time,pibt,rhcr_pbs,30,30,0.1905166666666667,0.1781333333333333,0.012383333333333385,3.4946060726224952,0.0009598691534572779,0.45666666666666667,0.0030118560992926143,True
E1_warehouse_single_dock,warehouse_single_dock,burst_50pct,closest,20,critical_time,pibt,token_passing,30,30,0.1905166666666667,0.18296,0.007556666666666684,1.1179268428444051,0.27115690469519665,0.04111111111111111,0.43262547958148895,False
E1_warehouse_single_dock,warehouse_single_dock,burst_50pct,closest,20,critical_time,rhcr_pbs,token_passing,30,30,0.1781333333333333,0.18296,-0.004826666666666701,-0.6877933644862366,0.49555953391826707,-0.4111111111111111,0.6472988546647485,False
E1_warehouse_single_dock,warehouse_single_dock,burst_50pct,closest,20,fault_tolerance,pibt,rhcr_pbs,30,30,0.4337333333333333,0.37052333333333337,0.06320999999999993,2.1393219196305164,0.03665771635290808,0.35777777777777775,0.08151290628394678,False
E1_warehouse_single_dock,warehouse_single_dock,burst_50pct,closest,20,fault_tolerance,pibt,token_passing,30,30,0.4337333333333333,0.39225999999999994,0.04147333333333336,1.3072764250342341,0.19629803542230273,0.20222222222222222,0.33596706183792907,False
E1_warehouse_single_dock,warehouse_single_dock,burst_50pct,closest,20,fault_tolerance,rhcr_pbs,token_passing,30,30,0.37052333333333337,0.39225999999999994,-0.02173666666666657,-0.7103710361061941,0.4803783988021699,-0.13777777777777778,0.6339199057090318,False
E1_warehouse_single_dock,warehouse_single_dock,burst_50pct,closest,20,itae,pibt,rhcr_pbs,30,30,16096.466666666667,14871.991673333334,1224.4749933333333,3.864773293226419,0.0002925813021809611,0.5088888888888888,0.0010565851628632152,True
E1_warehouse_single_dock,warehouse_single_dock,burst_50pct,closest,20,itae,pibt,token_passing,30,30,16096.466666666667,15302.555553333334,793.9111133333336,1.2200481386343929,0.2306052563536577,0.051111111111111114,0.3799470501416157,False
E1_warehouse_single_dock,warehouse_single_dock,burst_50pct,closest,20,itae,rhcr_pbs,token_passing,30,30,14871.991673333334,15302.555553333334,-430.5638799999997,-0.6463782008640547,0.5219290341700874,-0.43222222222222223,0.6678953338866178,False
E1_warehouse_single_dock,warehouse_single_dock,burst_50pct,closest,20,rapidity,pibt,rhcr_pbs,30,30,35.56666666666667,47.2,-11.633333333333333,-0.774689008529556,0.44188933584828044,-0.06111111111111111,0.5925429650691092,False
E1_warehouse_single_dock,warehouse_single_dock,burst_50pct,closest,20,rapidity,pibt,token_passing,30,28,35.56666666666667,42.357142857142854,-6.790476190476184,-0.4445408048579581,0.658545380996527,-0.013095238095238096,0.7886904817362987,False
E1_warehouse_single_dock,warehouse_single_dock,burst_50pct,closest,20,rapidity,rhcr_pbs,token_passing,30,28,47.2,42.357142857142854,4.842857142857149,0.2829473632902002,0.7782645489401626,0.07023809523809524,0.8742319356432057,False
E1_warehouse_single_dock,warehouse_single_dock,intermittent_80s80m15r,closest,20,attack_rate,pibt,rhcr_pbs,30,30,0.9983333333333333,0.9966666666666666,0.0016666666666667052,0.5841031335203146,0.5616437193483254,0.03333333333333333,0.7024277517447612,False
E1_warehouse_single_dock,warehouse_single_dock,intermittent_80s80m15r,closest,20,attack_rate,pibt,token_passing,30,30,0.9983333333333333,0.9949999999999999,0.0033333333333334103,1.0269106361049638,0.3096740058163917,0.06666666666666667,0.47528227849218313,False
E1_warehouse_single_dock,warehouse_single_dock,intermittent_80s80m15r,closest,20,attack_rate,rhcr_pbs,token_passing,30,30,0.9966666666666666,0.9949999999999999,0.0016666666666667052,0.46008567910422693,0.6472320357083123,0.03333333333333333,0.7824414678254598,False
E1_warehouse_single_dock,warehouse_single_dock,intermittent_80s80m15r,closest,20,cascade_depth_avg,pibt,rhcr_pbs,30,30,0.1406666666666667,0.10599999999999997,0.03466666666666672,3.3261397170905576,0.0016005023259857355,0.48,0.004777820897022956,True
E1_warehouse_single_dock,warehouse_single_dock,intermittent_80s80m15r,closest,20,cascade_depth_avg,pibt,token_passing,30,30,0.1406666666666667,0.027000000000000007,0.11366666666666668,12.240914635479083,2.543506833386525e-15,0.9844444444444445,4.327026082821414e-14,True
E1_warehouse_single_dock,warehouse_single_dock,intermittent_80s80m15r,closest,20,cascade_depth_avg,rhcr_pbs,token_passing,30,30,0.10599999999999997,0.027000000000000007,0.07899999999999996,10.776951043629701,1.422114114283966e-14,0.9588888888888889,2.1361969461371916e-13,True
E1_warehouse_single_dock,warehouse_single_dock,intermittent_80s80m15r,closest,20,critical_time,pibt,rhcr_pbs,30,30,0.16752666666666666,0.16028000000000003,0.0072466666666666235,1.6943940601935905,0.09757512679479045,0.2511111111111111,0.1884761683094995,False
E1_warehouse_single_dock,warehouse_single_dock,intermittent_80s80m15r,closest,20,critical_time,pibt,token_passing,30,30,0.16752666666666666,0.16079333333333334,0.006733333333333313,1.1615059153343876,0.25314131221487546,0.06,0.40871779725490887,False
E1_warehouse_single_dock,warehouse_single_dock,intermittent_80s80m15r,closest,20,critical_time,rhcr_pbs,token_passing,30,30,0.16028000000000003,0.16079333333333334,-0.0005133333333333101,-0.0766576880938795,0.9391903841803614,-0.1688888888888889,0.9993495271007312,False
E1_warehouse_single_dock,warehouse_single_dock,intermittent_80s80m15r,closest,20,fault_tolerance,pibt,rhcr_pbs,30,30,0.7629633333333334,0.7823533333333333,-0.019389999999999907,-1.446810332567644,0.15357624094093897,-0.20333333333333334,0.2748411308093863,False
E1_warehouse_single_dock,warehouse_single_dock,intermittent_80s80m15r,closest,20,fault_tolerance,pibt,token_passing,30,30,0.7629633333333334,0.7915499999999999,-0.028586666666666427,-1.4561644303103982,0.15288937959354565,-0.2877777777777778,0.2748411308093863,False
E1_warehouse_single_dock,warehouse_single_dock,intermittent_80s80m15r,closest,20,fault_tolerance,rhcr_pbs,token_passing,30,30,0.7823533333333333,0.7915499999999999,-0.00919666666666652,-0.4468215803867913,0.6570592889476036,-0.06444444444444444,0.7875787062767541,False
E1_warehouse_single_dock,warehouse_single_dock,intermittent_80s80m15r,closest,20,itae,pibt,rhcr_pbs,30,30,15890.95278,14986.01389,904.9388899999994,2.3403405770380625,0.0233229032950845,0.37555555555555553,0.05470421835989919,False
E1_warehouse_single_dock,warehouse_single_dock,intermittent_80s80m15r,closest,20,itae,pibt,token_passing,30,30,15890.95278,15014.902776666666,876.0500033333337,1.3849956949563946,0.17455534341466145,0.08444444444444445,0.30770554919038945,False
E1_warehouse_single_dock,warehouse_single_dock,intermittent_80s80m15r,closest,20,itae,rhcr_pbs,token_passing,30,30,14986.01389,15014.902776666666,-28.888886666665712,-0.04253823359085124,0.966258738968397,-0.2511111111111111,1.0,False
E1_warehouse_single_dock,warehouse_single_dock,intermittent_80s80m15r,closest,20,rapidity,pibt,rhcr_pbs,30,30,2.7333333333333334,5.5,-2.7666666666666666,-0.9216711107405323,0.3613533255666486,-0.06666666666666667,0.5188657758216904,False
E1_warehouse_single_dock,warehouse_single_dock,intermittent_80s80m15r,closest,20,rapidity,pibt,token_passing,30,30,2.7333333333333334,0.0,2.7333333333333334,1.766956134804584,0.08775973841903635,0.1,0.17441922496318094,False
E1_warehouse_single_dock,warehouse_single_dock,intermittent_80s80m15r,closest,20,rapidity,rhcr_pbs,token_passing,30,30,5.5,0.0,5.5,2.1379883898629766,0.041073463964989794,0.16666666666666666,0.08991586219932649,False
E1_warehouse_single_dock,warehouse_single_dock,wear_high,closest,20,attack_rate,pibt,rhcr_pbs,30,30,0.965,0.945,0.020000000000000018,1.2950322133966177,0.20203454569891047,0.07666666666666666,0.34205369127921054,False
E1_warehouse_single_dock,warehouse_single_dock,wear_high,closest,20,attack_rate,pibt,token_passing,30,30,0.965,0.9616666666666666,0.0033333333333334103,0.27356664576922163,0.7854719449496167,-0.023333333333333334,0.8782510452678919,False
E1_warehouse_single_dock,warehouse_single_dock,wear_high,closest,20,attack_rate,rhcr_pbs,token_passing,30,30,0.945,0.9616666666666666,-0.016666666666666607,-0.9928363396253957,0.3253328201893996,-0.09,0.48984647544979576,False
E1_warehouse_single_dock,warehouse_single_dock,wear_high,closest,20,critical_time,pibt,rhcr_pbs,30,30,0.20138,0.17978666666666665,0.021593333333333353,7.522634067877941,4.2848410702287183e-10,0.8444444444444444,3.379997536962542e-09,True
E1_warehouse_single_dock,warehouse_single_dock,wear_high,closest,20,critical_time,pibt,token_passing,30,30,0.20138,0.19115666666666664,0.010223333333333362,1.4967938153975906,0.14373427765879948,0.12111111111111111,0.26289222804951407,False
E1_warehouse_single_dock,warehouse_single_dock,wear_high,closest,20,critical_time,rhcr_pbs,token_passing,30,30,0.17978666666666665,0.19115666666666664,-0.011369999999999991,-1.6454457200235248,0.1087768492220982,-0.6244444444444445,0.20650722408998567,False
E1_warehouse_single_dock,warehouse_single_dock,wear_high,closest,20,fault_tolerance,pibt,rhcr_pbs,30,30,0.16993666666666668,0.1774633333333333,-0.007526666666666626,-0.6108105490680159,0.5437440091050397,-0.07444444444444444,0.6892572510755592,False
E1_warehouse_single_dock,warehouse_single_dock,wear_high,closest,20,fault_tolerance,pibt,token_passing,30,30,0.16993666666666668,0.2148466666666667,-0.04491000000000003,-1.7969873194880372,0.08076127604838045,-0.21555555555555556,0.16244290851896465,False
E1_warehouse_single_dock,warehouse_single_dock,wear_high,closest,20,fault_tolerance,rhcr_pbs,token_passing,30,30,0.1774633333333333,0.2148466666666667,-0.03738333333333341,-1.4749661017335542,0.14854156037093022,-0.15222222222222223,0.26924349581996593,False
E1_warehouse_single_dock,warehouse_single_dock,wear_high,closest,20,itae,pibt,rhcr_pbs,30,30,21142.05,18847.944443333334,2294.1055566666655,3.808266720883561,0.00034275725976450414,0.5133333333333333,0.0012160131929333665,True
E1_warehouse_single_dock,warehouse_single_dock,wear_high,closest,20,itae,pibt,token_passing,30,30,21142.05,19283.9,1858.1499999999978,2.1508260438020543,0.03701650220996463,0.2822222222222222,0.08205227805411312,False
E1_warehouse_single_dock,warehouse_single_dock,wear_high,closest,20,itae,rhcr_pbs,token_passing,30,30,18847.944443333334,19283.9,-435.9555566666677,-0.49267246610337095,0.6245486277491215,-0.24888888888888888,0.7628569743786847,False
E1_warehouse_single_dock,warehouse_single_dock,wear_high,closest,20,rapidity,pibt,rhcr_pbs,30,30,3.8333333333333335,0.6,3.2333333333333334,1.801234071466529,0.08089141734010952,0.10888888888888888,0.16247323084528398,False
E1_warehouse_single_dock,warehouse_single_dock,wear_high,closest,20,rapidity,pibt,token_passing,30,29,3.8333333333333335,2.3448275862068964,1.4885057471264371,0.5699131031509129,0.5710138169534917,0.067816091954023,0.7084986902797279,False
E1_warehouse_single_dock,warehouse_single_dock,wear_high,closest,20,rapidity,rhcr_pbs,token_passing,30,29,0.6,2.3448275862068964,-1.7448275862068963,-0.8736962643756464,0.38903081170526005,-0.0367816091954023,0.5416219381296866,False
E1_warehouse_single_dock,warehouse_single_dock,wear_medium,closest,20,attack_rate,pibt,rhcr_pbs,30,30,0.5950000000000001,0.52,0.07500000000000007,3.0984341629108565,0.0030319876201052136,0.4311111111111111,0.008545242554068985,True
E1_warehouse_single_dock,warehouse_single_dock,wear_medium,closest,20,attack_rate,pibt,token_passing,30,30,0.5950000000000001,0.49500000000000005,0.10000000000000003,3.662727727045411,0.0005870064105913499,0.4866666666666667,0.0019734596470356814,True
E1_warehouse_single_dock,warehouse_single_dock,wear_medium,closest,20,attack_rate,rhcr_pbs,token_passing,30,30,0.52,0.49500000000000005,0.024999999999999967,0.8602602136854192,0.3933135235802808,0.11222222222222222,0.5460754132697704,False
E1_warehouse_single_dock,warehouse_single_dock,wear_medium,closest,20,critical_time,pibt,rhcr_pbs,30,30,0.16562333333333334,0.15701,0.008613333333333334,1.9977577730538882,0.05081946700682958,0.3377777777777778,0.10921931113187726,False
E1_warehouse_single_dock,warehouse_single_dock,wear_medium,closest,20,critical_time,pibt,token_passing,30,30,0.16562333333333334,0.15965666666666667,0.005966666666666676,0.8797762756413375,0.38443197233136644,0.0,0.5379761594964216,False
E1_warehouse_single_dock,warehouse_single_dock,wear_medium,closest,20,critical_time,rhcr_pbs,token_passing,30,30,0.15701,0.15965666666666667,-0.0026466666666666583,-0.369669934947855,0.7133584299514614,-0.25,0.825624674665134,False
E1_warehouse_single_dock,warehouse_single_dock,wear_medium,closest,20,fault_tolerance,pibt,rhcr_pbs,30,30,0.6485299999999999,0.6499466666666667,-0.0014166666666667327,-0.05643481634101042,0.955190700185811,-0.014444444444444444,1.0,False
E1_warehouse_single_dock,warehouse_single_dock,wear_medium,closest,20,fault_tolerance,pibt,token_passing,30,30,0.6485299999999999,0.6714366666666667,-0.022906666666666742,-0.7289896253781947,0.46922109676794854,-0.11222222222222222,0.6226881472146084,False
E1_warehouse_single_dock,warehouse_single_dock,wear_medium,closest,20,fault_tolerance,rhcr_pbs,token_passing,30,30,0.6499466666666667,0.6714366666666667,-0.02149000000000001,-0.7026052946280377,0.4855204615997648,-0.07555555555555556,0.6359507344887457,False
E1_warehouse_single_dock,warehouse_single_dock,wear_medium,closest,20,itae,pibt,rhcr_pbs,30,30,12837.783336666667,11788.427776666667,1049.35556,0.9324465058599,0.35497560803397094,0.12666666666666668,0.5134716244348752,False
E1_warehouse_single_dock,warehouse_single_dock,wear_medium,closest,20,itae,pibt,token_passing,30,30,12837.783336666667,11032.872223333334,1804.9111133333336,1.6128408990135183,0.11221038353720852,0.22666666666666666,0.2106929010033756,False
E1_warehouse_single_dock,warehouse_single_dock,wear_medium,closest,20,itae,rhcr_pbs,token_passing,30,30,11788.427776666667,11032.872223333334,755.5555533333336,0.6639810356044199,0.5093337408681397,0.08222222222222222,0.6589635225520265,False
E1_warehouse_single_dock,warehouse_single_dock,wear_medium,closest,20,rapidity,pibt,rhcr_pbs,30,30,0.16666666666666666,1.4,-1.2333333333333332,-1.033332740476307,0.3096653231788915,-0.035555555555555556,0.47528227849218313,False
E1_warehouse_single_dock,warehouse_single_dock,wear_medium,closest,20,rapidity,pibt,token_passing,30,30,0.16666666666666666,2.2,-2.0333333333333337,-1.0653918521710888,0.2953570809453796,-0.06666666666666667,0.46235498702314415,False
E1_warehouse_single_dock,warehouse_single_dock,wear_medium,closest,20,rapidity,rhcr_pbs,token_passing,30,30,1.4,2.2,-0.8000000000000003,-0.3573603531707857,0.7223724368119357,-0.03111111111111111,0.8316151948125867,False
E1_warehouse_single_dock,warehouse_single_dock,zone_50t,closest,20,attack_rate,pibt,rhcr_pbs,30,30,0.24333333333333332,0.225,0.018333333333333313,0.4526115990760631,0.6525169381715191,0.08222222222222222,0.7862922821197049,False
E1_warehouse_single_dock,warehouse_single_dock,zone_50t,closest,20,attack_rate,pibt,token_passing,30,30,0.24333333333333332,0.22833333333333336,0.014999999999999958,0.40522625626884046,0.6868599597951788,0.06333333333333334,0.8113175043434311,False
E1_warehouse_single_dock,warehouse_single_dock,zone_50t,closest,20,attack_rate,rhcr_pbs,token_passing,30,30,0.225,0.22833333333333336,-0.003333333333333355,-0.09004713182523459,0.928572068054329,-0.04111111111111111,0.9940437908208586,False
E1_warehouse_single_dock,warehouse_single_dock,zone_50t,closest,20,cascade_depth_avg,pibt,rhcr_pbs,30,30,0.06400000000000002,0.04633333333333334,0.017666666666666678,0.5867880564357145,0.5597483666064814,0.1688888888888889,0.7024277517447612,False
E1_warehouse_single_dock,warehouse_single_dock,zone_50t,closest,20,cascade_depth_avg,pibt,token_passing,30,30,0.06400000000000002,0.029,0.03500000000000002,1.6071940717037971,0.11460138784333541,0.16444444444444445,0.21432736375468825,False
E1_warehouse_single_dock,warehouse_single_dock,zone_50t,closest,20,cascade_depth_avg,rhcr_pbs,token_passing,30,30,0.04633333333333334,0.029,0.017333333333333336,0.6612655051142898,0.5120919317830662,-0.021111111111111112,0.6603413768746023,False
E1_warehouse_single_dock,warehouse_single_dock,zone_50t,closest,20,critical_time,pibt,rhcr_pbs,28,27,0.14963214285714285,0.15018148148148147,-0.0005493386243386189,-0.11017970014445355,0.9127107634115579,0.01984126984126984,0.9822771325740242,False
E1_warehouse_single_dock,warehouse_single_dock,zone_50t,closest,20,critical_time,pibt,token_passing,28,29,0.14963214285714285,0.14300689655172413,0.006625246305418719,1.04206027246034,0.30314146228477346,0.08620689655172414,0.4703125777568457,False
E1_warehouse_single_dock,warehouse_single_dock,zone_50t,closest,20,critical_time,rhcr_pbs,token_passing,27,29,0.15018148148148147,0.14300689655172413,0.007174584929757338,1.053496144093177,0.29722131112251887,0.05363984674329502,0.46337235187215464,False
E1_warehouse_single_dock,warehouse_single_dock,zone_50t,closest,20,fault_tolerance,pibt,rhcr_pbs,30,30,0.9708733333333334,0.9705066666666667,0.0003666666666666263,0.02884682115620487,0.9770904788460574,-0.01,1.0,False
E1_warehouse_single_dock,warehouse_single_dock,zone_50t,closest,20,fault_tolerance,pibt,token_passing,30,30,0.9708733333333334,0.98625,-0.015376666666666594,-1.0317026679847983,0.3072863234817873,-0.12333333333333334,0.4747136638471375,False
E1_warehouse_single_dock,warehouse_single_dock,zone_50t,closest,20,fault_tolerance,rhcr_pbs,token_passing,30,30,0.9705066666666667,0.98625,-0.01574333333333322,-0.9814093848992815,0.3306918723742961,-0.06333333333333334,0.49003774157567986,False
E1_warehouse_single_dock,warehouse_single_dock,zone_50t,closest,20,itae,pibt,rhcr_pbs,28,27,13987.458332142856,13680.583337037036,306.87499510581983,0.9298638524114753,0.3576111823126523,0.17195767195767195,0.5147267985988431,False
E1_warehouse_single_dock,warehouse_single_dock,zone_50t,closest,20,itae,pibt,token_passing,28,29,13987.458332142856,13111.045979310346,876.4123528325108,1.5226784970804783,0.13724794599755905,0.10098522167487685,0.2523360673809289,False
E1_warehouse_single_dock,warehouse_single_dock,zone_50t,closest,20,itae,rhcr_pbs,token_passing,27,29,13680.583337037036,13111.045979310346,569.537357726691,0.9225034371622662,0.3615891808842375,-0.05491698595146871,0.5188657758216904,False
E1_warehouse_single_dock,warehouse_single_dock,zone_50t,closest,20,rapidity,pibt,rhcr_pbs,28,27,3.9285714285714284,6.62962962962963,-2.7010582010582014,-0.6154343022594628,0.5413875418079546,0.018518518518518517,0.6880640945390025,False
E1_warehouse_single_dock,warehouse_single_dock,zone_50t,closest,20,rapidity,pibt,token_passing,28,29,3.9285714285714284,2.2413793103448274,1.687192118226601,0.5931148110794819,0.5559616178262466,0.06896551724137931,0.7002835007766818,False
E1_warehouse_single_dock,warehouse_single_dock,zone_50t,closest,20,rapidity,rhcr_pbs,token_passing,27,29,6.62962962962963,2.2413793103448274,4.388250319284802,1.0965209411619394,0.28032565176972823,0.04980842911877394,0.4434598027522543,False
E1_warehouse_single_dock,warehouse_single_dock,burst_20pct,closest,40,attack_rate,pibt,rhcr_pbs,30,30,0.20000000000000007,0.20000000000000007,0.0,0.0,1.0,0.0,1.0,False
E1_warehouse_single_dock,warehouse_single_dock,burst_20pct,closest,40,attack_rate,pibt,token_passing,30,30,0.20000000000000007,0.20000000000000007,0.0,0.0,1.0,0.0,1.0,False
E1_warehouse_single_dock,warehouse_single_dock,burst_20pct,closest,40,attack_rate,rhcr_pbs,token_passing,30,30,0.20000000000000007,0.20000000000000007,0.0,0.0,1.0,0.0,1.0,False
E1_warehouse_single_dock,warehouse_single_dock,burst_20pct,closest,40,critical_time,pibt,rhcr_pbs,30,30,0.25295333333333336,0.21446333333333328,0.03849000000000008,3.478095653081205,0.0013530616136479942,0.46111111111111114,0.0041353311655215755,True
E1_warehouse_single_dock,warehouse_single_dock,burst_20pct,closest,40,critical_time,pibt,token_passing,30,30,0.25295333333333336,0.23041999999999999,0.022533333333333377,1.9555955053172087,0.05854025352710747,0.19444444444444445,0.12429900448161767,False
E1_warehouse_single_dock,warehouse_single_dock,burst_20pct,closest,40,critical_time,rhcr_pbs,token_passing,30,30,0.21446333333333328,0.23041999999999999,-0.015956666666666702,-1.0516744398858362,0.2973196535383655,-0.16111111111111112,0.46337235187215464,False
E1_warehouse_single_dock,warehouse_single_dock,burst_20pct,closest,40,fault_tolerance,pibt,rhcr_pbs,30,30,0.71157,0.9279066666666667,-0.21633666666666662,-0.5789632204656657,0.5670707885364606,0.44666666666666666,0.7048216839221415,False
E1_warehouse_single_dock,warehouse_single_dock,burst_20pct,closest,40,fault_tolerance,pibt,token_passing,30,30,0.71157,0.71058,0.0009900000000000464,0.021445772990507716,0.9830108924065307,-0.07222222222222222,1.0,False
E1_warehouse_single_dock,warehouse_single_dock,burst_20pct,closest,40,fault_tolerance,rhcr_pbs,token_passing,30,30,0.9279066666666667,0.71058,0.21732666666666667,0.5780833901728594,0.5675511718268236,-0.3522222222222222,0.7048216839221415,False
E1_warehouse_single_dock,warehouse_single_dock,burst_20pct,closest,40,itae,pibt,rhcr_pbs,30,30,22539.29722333333,20394.498890000006,2144.798333333325,2.3520175146133138,0.02464933010084742,0.3466666666666667,0.05705713787278125,False
E1_warehouse_single_dock,warehouse_single_dock,burst_20pct,closest,40,itae,pibt,token_passing,30,30,22539.29722333333,19393.424996666665,3145.8722266666664,2.7493659331526628,0.009744194768161797,0.33111111111111113,0.024925367776529816,True
E1_warehouse_single_dock,warehouse_single_dock,burst_20pct,closest,40,itae,rhcr_pbs,token_passing,30,30,20394.498890000006,19393.424996666665,1001.0738933333414,0.7053671130617069,0.4835633812644951,0.051111111111111114,0.6351548784608996,False
E1_warehouse_single_dock,warehouse_single_dock,burst_20pct,closest,40,rapidity,pibt,rhcr_pbs,30,29,11.866666666666667,20.413793103448278,-8.54712643678161,-1.2040302224311543,0.2342686306200015,-0.1206896551724138,0.38508417512857057,False
E1_warehouse_single_dock,warehouse_single_dock,burst_20pct,closest,40,rapidity,pibt,token_passing,30,29,11.866666666666667,14.413793103448276,-2.5471264367816087,-0.4072199076578736,0.6854303645609339,-0.04827586206896552,0.8112553853814238,False
E1_warehouse_single_dock,warehouse_single_dock,burst_20pct,closest,40,rapidity,rhcr_pbs,token_passing,29,29,20.413793103448278,14.413793103448276,6.000000000000002,0.7920536967911168,0.43180021716093037,0.09750297265160524,0.5834468006040514,False
E1_warehouse_single_dock,warehouse_single_dock,burst_50pct,closest,40,critical_time,pibt,rhcr_pbs,30,30,0.30499000000000004,0.2513666666666667,0.053623333333333356,5.394682662715492,4.316658149040493e-06,0.8788888888888889,1.9853815330440313e-05,True
E1_warehouse_single_dock,warehouse_single_dock,burst_50pct,closest,40,critical_time,pibt,token_passing,30,30,0.30499000000000004,0.2640966666666667,0.04089333333333334,3.5606040984066105,0.001104149768258004,0.44,0.0034189900718866266,True
E1_warehouse_single_dock,warehouse_single_dock,burst_50pct,closest,40,critical_time,rhcr_pbs,token_passing,30,30,0.2513666666666667,0.2640966666666667,-0.012730000000000019,-0.8830528722752273,0.38094533383464335,-0.26,0.5357035402346788,False
E1_warehouse_single_dock,warehouse_single_dock,burst_50pct,closest,40,fault_tolerance,pibt,rhcr_pbs,30,30,0.3661166666666667,0.4045433333333334,-0.03842666666666672,-0.2922371626167724,0.7721108859287097,0.4311111111111111,0.8707832036192795,False
E1_warehouse_single_dock,warehouse_single_dock,burst_50pct,closest,40,fault_tolerance,pibt,token_passing,30,30,0.3661166666666667,0.35632,0.009796666666666676,0.28681187033230654,0.7754877724608857,0.14888888888888888,0.8718063174480659,False
E1_warehouse_single_dock,warehouse_single_dock,burst_50pct,closest,40,fault_tolerance,rhcr_pbs,token_passing,30,30,0.4045433333333334,0.35632,0.048223333333333396,0.36125972294932274,0.7202877687394025,-0.2611111111111111,0.8302419016000296,False
E1_warehouse_single_dock,warehouse_single_dock,burst_50pct,closest,40,itae,pibt,rhcr_pbs,30,30,25631.95277666667,22007.35611333333,3624.5966633333373,4.179379037141133,0.00016557263935382106,0.7822222222222223,0.0006251031196994527,True
E1_warehouse_single_dock,warehouse_single_dock,burst_50pct,closest,40,itae,pibt,token_passing,30,30,25631.95277666667,21078.136106666665,4553.816670000004,3.849401036565324,0.0005049007591499385,0.46444444444444444,0.0017261982370937365,True
E1_warehouse_single_dock,warehouse_single_dock,burst_50pct,closest,40,itae,rhcr_pbs,token_passing,30,30,22007.35611333333,21078.136106666665,929.2200066666664,0.6660676663213787,0.5082995779232621,-0.011111111111111112,0.6589635225520265,False
E1_warehouse_single_dock,warehouse_single_dock,burst_50pct,closest,40,rapidity,pibt,rhcr_pbs,22,24,65.95454545454545,66.41666666666667,-0.46212121212121815,-0.016617821561655054,0.9868173236818664,-0.020833333333333332,1.0,False
E1_warehouse_single_dock,warehouse_single_dock,burst_50pct,closest,40,rapidity,pibt,token_passing,22,22,65.95454545454545,75.54545454545455,-9.590909090909093,-0.31840528938163093,0.7517727178397795,-0.024793388429752067,0.8557792190089908,False
E1_warehouse_single_dock,warehouse_single_dock,burst_50pct,closest,40,rapidity,rhcr_pbs,token_passing,24,22,66.41666666666667,75.54545454545455,-9.128787878787875,-0.30980028813665234,0.7582336578118852,-0.001893939393939394,0.859340089523151,False
E1_warehouse_single_dock,warehouse_single_dock,intermittent_80s80m15r,closest,40,attack_rate,pibt,rhcr_pbs,30,30,0.9983333333333333,0.9991666666666668,-0.0008333333333334636,-0.5841031335203922,0.5616437193482734,-0.03333333333333333,0.7024277517447612,False
E1_warehouse_single_dock,warehouse_single_dock,intermittent_80s80m15r,closest,40,attack_rate,pibt,token_passing,30,30,0.9983333333333333,0.9941666666666668,0.004166666666666541,1.8278440373523623,0.07392508032597457,0.16666666666666666,0.15084134887323133,False
E1_warehouse_single_dock,warehouse_single_dock,intermittent_80s80m15r,closest,40,attack_rate,rhcr_pbs,token_passing,30,30,0.9991666666666668,0.9941666666666668,0.0050000000000000044,2.344085502302606,0.0242456343264248,0.2,0.05649312816652115,False
E1_warehouse_single_dock,warehouse_single_dock,intermittent_80s80m15r,closest,40,cascade_depth_avg,pibt,rhcr_pbs,30,30,0.26499999999999996,0.253,0.011999999999999955,0.5021793159629855,0.6182565409897368,0.3211111111111111,0.7577936075325593,False
E1_warehouse_single_dock,warehouse_single_dock,intermittent_80s80m15r,closest,40,cascade_depth_avg,pibt,token_passing,30,30,0.26499999999999996,0.05133333333333334,0.21366666666666662,19.458777727116402,1.8095320334093416e-22,1.0,6.387648077934976e-21,True
E1_warehouse_single_dock,warehouse_single_dock,intermittent_80s80m15r,closest,40,cascade_depth_avg,rhcr_pbs,token_passing,30,30,0.253,0.05133333333333334,0.20166666666666666,9.065014447224165,2.5619412259969303e-10,1.0,2.1405094740282046e-09,True
E1_warehouse_single_dock,warehouse_single_dock,intermittent_80s80m15r,closest,40,critical_time,pibt,rhcr_pbs,30,30,0.24631333333333333,0.17901666666666666,0.06729666666666667,6.676924043168468,1.3257823521732067e-07,0.72,7.227817302195243e-07,True
E1_warehouse_single_dock,warehouse_single_dock,intermittent_80s80m15r,closest,40,critical_time,pibt,token_passing,30,30,0.24631333333333333,0.21383000000000005,0.03248333333333328,3.661888140759465,0.0008358656813237902,0.4866666666666667,0.0026522299820880718,True
E1_warehouse_single_dock,warehouse_single_dock,intermittent_80s80m15r,closest,40,critical_time,rhcr_pbs,token_passing,30,30,0.17901666666666666,0.21383000000000005,-0.03481333333333339,-2.69421047425194,0.009255806531423714,-0.43666666666666665,0.023805462335829298,True
E1_warehouse_single_dock,warehouse_single_dock,intermittent_80s80m15r,closest,40,fault_tolerance,pibt,rhcr_pbs,30,30,0.7160233333333333,0.6864633333333334,0.02955999999999992,1.1264720464686921,0.26817562687321367,-0.08666666666666667,0.4298115608910076,False
E1_warehouse_single_dock,warehouse_single_dock,intermittent_80s80m15r,closest,40,fault_tolerance,pibt,token_passing,30,30,0.7160233333333333,0.8267466666666667,-0.1107233333333334,-2.200458095840169,0.03562506147703256,-0.37777777777777777,0.07959270064172465,False
E1_warehouse_single_dock,warehouse_single_dock,intermittent_80s80m15r,closest,40,fault_tolerance,rhcr_pbs,token_passing,30,30,0.6864633333333334,0.8267466666666667,-0.14028333333333332,-2.5040460834811933,0.016139980734826444,-0.37333333333333335,0.039233033014196984,True
E1_warehouse_single_dock,warehouse_single_dock,intermittent_80s80m15r,closest,40,itae,pibt,rhcr_pbs,30,30,24287.86111333333,20332.477219999993,3955.3838933333354,4.354113243153341,0.00011865331514492986,0.6444444444444445,0.0004602705521556071,True
E1_warehouse_single_dock,warehouse_single_dock,intermittent_80s80m15r,closest,40,itae,pibt,token_passing,30,30,24287.86111333333,20023.811113333337,4264.049999999992,3.8998051336495774,0.00046240392557282786,0.5511111111111111,0.0015924740070947145,True
E1_warehouse_single_dock,warehouse_single_dock,intermittent_80s80m15r,closest,40,itae,rhcr_pbs,token_passing,30,30,20332.477219999993,20023.811113333337,308.66610666665656,0.2239247063666503,0.8236326096551456,-0.05555555555555555,0.9105697653963131,False
E1_warehouse_single_dock,warehouse_single_dock,intermittent_80s80m15r,closest,40,rapidity,pibt,rhcr_pbs,30,30,0.0,2.033333333333333,-2.033333333333333,-1.712189480453057,0.09753711494819685,-0.13333333333333333,0.1884761683094995,False
E1_warehouse_single_dock,warehouse_single_dock,intermittent_80s80m15r,closest,40,rapidity,pibt,token_passing,30,30,0.0,5.233333333333333,-5.233333333333333,-1.9317241246530197,0.06321770057739123,-0.13333333333333333,0.1332289450974275,False
E1_warehouse_single_dock,warehouse_single_dock,intermittent_80s80m15r,closest,40,rapidity,rhcr_pbs,token_passing,30,30,2.033333333333333,5.233333333333333,-3.2,-1.0818092885835344,0.285857021606958,-0.011111111111111112,0.4499778311137399,False
E1_warehouse_single_dock,warehouse_single_dock,wear_high,closest,40,attack_rate,pibt,rhcr_pbs,30,30,0.9633333333333333,0.8341666666666664,0.12916666666666687,3.8022329070387597,0.0006310637478079728,0.7244444444444444,0.002086796280807629,True
E1_warehouse_single_dock,warehouse_single_dock,wear_high,closest,40,attack_rate,pibt,token_passing,30,30,0.9633333333333333,0.87,0.09333333333333327,4.004229076071074,0.0003274674219247404,0.5777777777777777,0.0011676363630245793,True
E1_warehouse_single_dock,warehouse_single_dock,wear_high,closest,40,attack_rate,rhcr_pbs,token_passing,30,30,0.8341666666666664,0.87,-0.035833333333333606,-0.8901429155918557,0.37758659458322413,-0.15777777777777777,0.5336859575090215,False
E1_warehouse_single_dock,warehouse_single_dock,wear_high,closest,40,critical_time,pibt,rhcr_pbs,30,30,0.32878,0.25842666666666664,0.07035333333333338,7.548057697991276,1.3505424478626158e-08,1.0,8.25526379386153e-08,True
E1_warehouse_single_dock,warehouse_single_dock,wear_high,closest,40,critical_time,pibt,token_passing,30,30,0.32878,0.27878333333333327,0.049996666666666745,4.345219745011359,0.0001392726259577083,0.6211111111111111,0.0005343830104681633,True
E1_warehouse_single_dock,warehouse_single_dock,wear_high,closest,40,critical_time,rhcr_pbs,token_passing,30,30,0.25842666666666664,0.27878333333333327,-0.020356666666666634,-1.4023665895379769,0.1663832568160332,-0.38555555555555554,0.295142159075677,False
E1_warehouse_single_dock,warehouse_single_dock,wear_high,closest,40,fault_tolerance,pibt,rhcr_pbs,30,30,0.17476333333333335,0.18630999999999995,-0.011546666666666594,-1.0075623394169766,0.3179826822179686,-0.13777777777777778,0.4848720813086087,False
E1_warehouse_single_dock,warehouse_single_dock,wear_high,closest,40,fault_tolerance,pibt,token_passing,30,30,0.17476333333333335,0.24079,-0.06602666666666665,-4.44856737102903,5.440279387551545e-05,-0.6144444444444445,0.00022010528639606825,True
E1_warehouse_single_dock,warehouse_single_dock,wear_high,closest,40,fault_tolerance,rhcr_pbs,token_passing,30,30,0.18630999999999995,0.24079,-0.054480000000000056,-3.4894703236632303,0.0010046507509076372,-0.48,0.0031384222572601412,True
E1_warehouse_single_dock,warehouse_single_dock,wear_high,closest,40,itae,pibt,rhcr_pbs,30,30,36058.1,29538.065556666657,6520.034443333341,5.140317597888135,5.731540463190554e-06,0.78,2.5938894660336735e-05,True
E1_warehouse_single_dock,warehouse_single_dock,wear_high,closest,40,itae,pibt,token_passing,30,30,36058.1,28204.80832666667,7853.2916733333295,4.833184748281803,2.194641848715763e-05,0.6377777777777778,9.505626657627784e-05,True
E1_warehouse_single_dock,warehouse_single_dock,wear_high,closest,40,itae,rhcr_pbs,token_passing,30,30,29538.065556666657,28204.80832666667,1333.2572299999883,0.7125474365070222,0.47922966594080063,0.028888888888888888,0.6335882849329687,False
E1_warehouse_single_dock,warehouse_single_dock,wear_high,closest,40,rapidity,pibt,rhcr_pbs,30,30,0.8666666666666667,0.6666666666666666,0.20000000000000007,0.2035239457864621,0.8395117411474063,0.03111111111111111,0.9239209497273092,False
E1_warehouse_single_dock,warehouse_single_dock,wear_high,closest,40,rapidity,pibt,token_passing,30,29,0.8666666666666667,1.6206896551724137,-0.754022988505747,-0.5166923826037214,0.6077180501178012,-0.04252873563218391,0.7474720267999437,False
E1_warehouse_single_dock,warehouse_single_dock,wear_high,closest,40,rapidity,rhcr_pbs,token_passing,30,29,0.6666666666666666,1.6206896551724137,-0.9540229885057471,-0.7074857645513999,0.48338849508825493,-0.07126436781609195,0.6351548784608996,False
E1_warehouse_single_dock,warehouse_single_dock,wear_medium,closest,40,attack_rate,pibt,rhcr_pbs,30,30,0.5791666666666668,0.46666666666666673,0.1125000000000001,3.677288548398772,0.0006680977365891901,0.4866666666666667,0.002183689824222075,True
E1_warehouse_single_dock,warehouse_single_dock,wear_medium,closest,40,attack_rate,pibt,token_passing,30,30,0.5791666666666668,0.35,0.22916666666666685,9.240424177069086,2.6101864701239563e-12,0.92,2.948466636652021e-11,True
E1_warehouse_single_dock,warehouse_single_dock,wear_medium,closest,40,attack_rate,rhcr_pbs,token_passing,30,30,0.46666666666666673,0.35,0.11666666666666675,3.3676077745047808,0.0014019599992788952,0.5322222222222223,0.004257134449423226,True
E1_warehouse_single_dock,warehouse_single_dock,wear_medium,closest,40,critical_time,pibt,rhcr_pbs,30,29,0.25999333333333335,0.19614482758620688,0.06384850574712647,7.965941051604905,1.2856090191535288e-09,0.8091954022988506,9.261632321657053e-09,True
E1_warehouse_single_dock,warehouse_single_dock,wear_medium,closest,40,critical_time,pibt,token_passing,30,30,0.25999333333333335,0.21971999999999997,0.04027333333333338,3.717302915931609,0.0007159112492847571,0.43555555555555553,0.0023185015687845804,True
E1_warehouse_single_dock,warehouse_single_dock,wear_medium,closest,40,critical_time,rhcr_pbs,token_passing,29,30,0.19614482758620688,0.21971999999999997,-0.02357517241379309,-1.8531595878291216,0.06953973930500185,-0.3471264367816092,0.143134273904756,False
E1_warehouse_single_dock,warehouse_single_dock,wear_medium,closest,40,fault_tolerance,pibt,rhcr_pbs,30,30,0.6496566666666669,0.6321033333333335,0.01755333333333342,0.636062840960905,0.5275230023286123,0.13,0.6734742127377943,False
E1_warehouse_single_dock,warehouse_single_dock,wear_medium,closest,40,fault_tolerance,pibt,token_passing,30,30,0.6496566666666669,0.7399733333333334,-0.09031666666666649,-2.315676074232078,0.025776140767373543,-0.3233333333333333,0.05918034270492917,False
E1_warehouse_single_dock,warehouse_single_dock,wear_medium,closest,40,fault_tolerance,rhcr_pbs,token_passing,30,30,0.6321033333333335,0.7399733333333334,-0.10786999999999991,-2.557579893730726,0.013681729558298404,-0.38222222222222224,0.03383292843488152,True
E1_warehouse_single_dock,warehouse_single_dock,wear_medium,closest,40,itae,pibt,rhcr_pbs,30,29,23136.90278333333,19365.197137931034,3771.705645402297,2.441377637904328,0.017910638140491777,0.3425287356321839,0.04315669121906893,True
E1_warehouse_single_dock,warehouse_single_dock,wear_medium,closest,40,itae,pibt,token_passing,30,30,23136.90278333333,16576.388886666668,6560.513896666664,3.564254203224253,0.0007461045540795971,0.48,0.0024052502976264637,True
E1_warehouse_single_dock,warehouse_single_dock,wear_medium,closest,40,itae,rhcr_pbs,token_passing,29,30,19365.197137931034,16576.388886666668,2788.808251264367,1.6578505402984065,0.10346212570788277,0.26436781609195403,0.19768406156905338,False
E1_warehouse_single_dock,warehouse_single_dock,wear_medium,closest,40,rapidity,pibt,rhcr_pbs,30,29,1.6666666666666667,0.034482758620689655,1.632183908045977,0.9791008094060368,0.3356211383696367,0.0,0.4910850231895617,False
E1_warehouse_single_dock,warehouse_single_dock,wear_medium,closest,40,rapidity,pibt,token_passing,30,30,1.6666666666666667,2.7,-1.0333333333333334,-0.4242623941354725,0.6729503261920539,-0.06333333333333334,0.7998365829824748,False
E1_warehouse_single_dock,warehouse_single_dock,wear_medium,closest,40,rapidity,rhcr_pbs,token_passing,29,30,0.034482758620689655,2.7,-2.6655172413793107,-1.5005258785236746,0.1442800500341395,-0.06896551724137931,0.263208566728947,False
E1_warehouse_single_dock,warehouse_single_dock,zone_50t,closest,40,attack_rate,pibt,rhcr_pbs,30,30,0.25083333333333335,0.23249999999999998,0.018333333333333368,0.4485642619210071,0.6554186964966674,0.06444444444444444,0.7869482988548422,False
E1_warehouse_single_dock,warehouse_single_dock,zone_50t,closest,40,attack_rate,pibt,token_passing,30,30,0.25083333333333335,0.2375,0.013333333333333364,0.3775071040676334,0.707369276657808,0.07666666666666666,0.8234174926964756,False
E1_warehouse_single_dock,warehouse_single_dock,zone_50t,closest,40,attack_rate,rhcr_pbs,token_passing,30,30,0.23249999999999998,0.2375,-0.0050000000000000044,-0.14427711900308765,0.8858436833755123,-0.023333333333333334,0.9614736390770278,False
E1_warehouse_single_dock,warehouse_single_dock,zone_50t,closest,40,cascade_depth_avg,pibt,rhcr_pbs,30,30,0.208,0.043666666666666666,0.16433333333333333,3.718484906810504,0.000639167907514379,0.5444444444444444,0.0020988490358379145,True
E1_warehouse_single_dock,warehouse_single_dock,zone_50t,closest,40,cascade_depth_avg,pibt,token_passing,30,30,0.208,0.02033333333333333,0.18766666666666665,4.528410527825454,8.547401545358768e-05,0.6244444444444445,0.00033806529361475016,True
E1_warehouse_single_dock,warehouse_single_dock,zone_50t,closest,40,cascade_depth_avg,rhcr_pbs,token_passing,30,30,0.043666666666666666,0.02033333333333333,0.023333333333333334,1.3062668200315726,0.19941091999685875,0.03777777777777778,0.33964803261226123,False
E1_warehouse_single_dock,warehouse_single_dock,zone_50t,closest,40,critical_time,pibt,rhcr_pbs,28,30,0.2136642857142857,0.1753966666666667,0.038267619047618995,2.8466565725300477,0.007337667179518471,0.40714285714285714,0.01925796664959123,True
E1_warehouse_single_dock,warehouse_single_dock,zone_50t,closest,40,critical_time,pibt,token_passing,28,30,0.2136642857142857,0.19526000000000004,0.01840428571428565,1.7758786800798798,0.0834301587242043,0.22142857142857142,0.1666243056839837,False
E1_warehouse_single_dock,warehouse_single_dock,zone_50t,closest,40,critical_time,rhcr_pbs,token_passing,30,30,0.1753966666666667,0.19526000000000004,-0.019863333333333344,-1.2475512668132445,0.217626335020061,-0.18444444444444444,0.3649505760668957,False
E1_warehouse_single_dock,warehouse_single_dock,zone_50t,closest,40,fault_tolerance,pibt,rhcr_pbs,30,30,0.9549366666666665,0.90919,0.04574666666666649,1.1020920977029651,0.27906885649244717,0.035555555555555556,0.4422505335211396,False
E1_warehouse_single_dock,warehouse_single_dock,zone_50t,closest,40,fault_tolerance,pibt,token_passing,30,30,0.9549366666666665,0.9936000000000001,-0.038663333333333605,-0.6855731589091341,0.49828950348633455,-0.04666666666666667,0.6490634491906867,False
E1_warehouse_single_dock,warehouse_single_dock,zone_50t,closest,40,fault_tolerance,rhcr_pbs,token_passing,30,30,0.90919,0.9936000000000001,-0.0844100000000001,-1.2155952258791982,0.22951163685101691,-0.07444444444444444,0.37960957338302076,False
E1_warehouse_single_dock,warehouse_single_dock,zone_50t,closest,40,itae,pibt,rhcr_pbs,28,30,20873.130946428573,19039.782776666667,1833.3481697619063,1.9057499358722771,0.06510906909930858,0.3404761904761905,0.1364006017332696,False
E1_warehouse_single_dock,warehouse_single_dock,zone_50t,closest,40,itae,pibt,token_passing,28,30,20873.130946428573,17639.736113333332,3233.3948330952408,3.214265556298849,0.002876982576839565,0.4166666666666667,0.00817364064083997,True
E1_warehouse_single_dock,warehouse_single_dock,zone_50t,closest,40,itae,rhcr_pbs,token_passing,30,30,19039.782776666667,17639.736113333332,1400.0466633333344,1.0486233147360708,0.2987117847772484,0.09777777777777778,0.4645165639928136,False
E1_warehouse_single_dock,warehouse_single_dock,zone_50t,closest,40,rapidity,pibt,rhcr_pbs,28,30,6.035714285714286,7.966666666666667,-1.9309523809523812,-0.3807361615077419,0.7048508698476008,-0.02857142857142857,0.8232005196235007,False
E1_warehouse_single_dock,warehouse_single_dock,zone_50t,closest,40,rapidity,pibt,token_passing,28,30,6.035714285714286,7.666666666666667,-1.6309523809523814,-0.32977817707918505,0.7428003343239598,-0.030952380952380953,0.8472003813129493,False
E1_warehouse_single_dock,warehouse_single_dock,zone_50t,closest,40,rapidity,rhcr_pbs,token_passing,30,30,7.966666666666667,7.666666666666667,0.2999999999999998,0.057042727126510644,0.9547076305620265,-0.0022222222222222222,1.0,False
E1_warehouse_single_dock,warehouse_single_dock,burst_20pct,closest,60,attack_rate,pibt,rhcr_pbs,30,30,0.20000000000000007,0.20000000000000007,0.0,0.0,1.0,0.0,1.0,False
E1_warehouse_single_dock,warehouse_single_dock,burst_20pct,closest,60,attack_rate,pibt,token_passing,30,30,0.20000000000000007,0.20000000000000007,0.0,0.0,1.0,0.0,1.0,False
E1_warehouse_single_dock,warehouse_single_dock,burst_20pct,closest,60,attack_rate,rhcr_pbs,token_passing,30,30,0.20000000000000007,0.20000000000000007,0.0,0.0,1.0,0.0,1.0,False
E1_warehouse_single_dock,warehouse_single_dock,burst_20pct,closest,60,critical_time,pibt,rhcr_pbs,30,30,0.3044033333333333,0.12702333333333332,0.17737999999999998,7.109795827575177,5.017884866983596e-08,0.6533333333333333,2.868523656753376e-07,True
E1_warehouse_single_dock,warehouse_single_dock,burst_20pct,closest,60,critical_time,pibt,token_passing,30,30,0.3044033333333333,0.22959000000000002,0.07481333333333329,4.157132904910692,0.0002065957574983705,0.4033333333333333,0.000763647145517537,True
E1_warehouse_single_dock,warehouse_single_dock,burst_20pct,closest,60,critical_time,rhcr_pbs,token_passing,30,30,0.12702333333333332,0.22959000000000002,-0.1025666666666667,-3.4278722276721854,0.0011947541715181906,-0.4811111111111111,0.0036833905899207103,True
E1_warehouse_single_dock,warehouse_single_dock,burst_20pct,closest,60,fault_tolerance,pibt,rhcr_pbs,30,28,0.6524366666666667,1.9840035714285713,-1.3315669047619045,-2.956833940087251,0.006372031957155605,0.04285714285714286,0.016944084978349743,True
E1_warehouse_single_dock,warehouse_single_dock,burst_20pct,closest,60,fault_tolerance,pibt,token_passing,30,30,0.6524366666666667,0.6028433333333333,0.04959333333333338,0.8058166341131997,0.4258097549199802,0.18222222222222223,0.5795429300886502,False
E1_warehouse_single_dock,warehouse_single_dock,burst_20pct,closest,60,fault_tolerance,rhcr_pbs,token_passing,28,30,1.9840035714285713,0.6028433333333333,1.3811602380952381,3.043896962681733,0.005047469610360054,0.05952380952380952,0.013679514567808823,True
E1_warehouse_single_dock,warehouse_single_dock,burst_20pct,closest,60,itae,pibt,rhcr_pbs,30,30,28106.96389,10258.402223333334,17848.561666666665,7.5591442732883625,1.4963941031012515e-08,0.66,9.068276710639343e-08,True
E1_warehouse_single_dock,warehouse_single_dock,burst_20pct,closest,60,itae,pibt,token_passing,30,30,28106.96389,16677.482223333333,11429.481666666667,6.737341165602215,1.0100927469659589e-07,0.7488888888888889,5.615161254787141e-07,True
E1_warehouse_single_dock,warehouse_single_dock,burst_20pct,closest,60,itae,rhcr_pbs,token_passing,30,30,10258.402223333334,16677.482223333333,-6419.079999999998,-2.2667102838798905,0.027586238032591578,-0.38222222222222224,0.06272426425445943,False
E1_warehouse_single_dock,warehouse_single_dock,burst_20pct,closest,60,rapidity,pibt,rhcr_pbs,30,25,30.266666666666666,8.6,21.666666666666664,1.7044319293597323,0.09660712345458723,0.13333333333333333,0.18789154038275094,False
E1_warehouse_single_dock,warehouse_single_dock,burst_20pct,closest,60,rapidity,pibt,token_passing,30,26,30.266666666666666,9.5,20.766666666666666,1.6364300993372973,0.1101872458782106,0.1641025641025641,0.20790216386169644,False
E1_warehouse_single_dock,warehouse_single_dock,burst_20pct,closest,60,rapidity,rhcr_pbs,token_passing,25,26,8.6,9.5,-0.9000000000000004,-0.139436410491863,0.8896774910024009,0.06769230769230769,0.9648422559872428,False
E1_warehouse_single_dock,warehouse_single_dock,burst_50pct,closest,60,critical_time,pibt,rhcr_pbs,30,30,0.38120666666666664,0.14314666666666664,0.23806,8.965339751269987,3.570373163738792e-10,0.9022222222222223,2.897337302988031e-09,True
E1_warehouse_single_dock,warehouse_single_dock,burst_50pct,closest,60,critical_time,pibt,token_passing,30,30,0.38120666666666664,0.25686000000000003,0.1243466666666666,6.509462909091788,1.9154276782800317e-07,0.7766666666666666,1.01295276469341e-06,True
E1_warehouse_single_dock,warehouse_single_dock,burst_50pct,closest,60,critical_time,rhcr_pbs,token_passing,30,30,0.14314666666666664,0.25686000000000003,-0.11371333333333339,-3.5733780829246267,0.0007692571729900591,-0.48333333333333334,0.0024630184314330234,True
E1_warehouse_single_dock,warehouse_single_dock,burst_50pct,closest,60,fault_tolerance,pibt,rhcr_pbs,30,28,0.30123000000000005,4.3909714285714285,-4.089741428571428,-1.9066612387046702,0.06725772060703379,-0.10595238095238095,0.13965867867225254,False
E1_warehouse_single_dock,warehouse_single_dock,burst_50pct,closest,60,fault_tolerance,pibt,token_passing,30,30,0.30123000000000005,0.3194866666666666,-0.018256666666666532,-0.3738560848704893,0.7107851811274364,0.19777777777777777,0.8253525294012666,False
E1_warehouse_single_dock,warehouse_single_dock,burst_50pct,closest,60,fault_tolerance,rhcr_pbs,token_passing,28,30,4.3909714285714285,0.3194866666666666,4.071484761904762,1.897747104351961,0.06846010480483058,0.20952380952380953,0.1415309926565458,False
E1_warehouse_single_dock,warehouse_single_dock,burst_50pct,closest,60,itae,pibt,rhcr_pbs,30,30,32544.116660000003,10277.93612,22266.18054,9.50391842722665,8.948232509687265e-11,0.9111111111111111,8.047709747565872e-10,True
E1_warehouse_single_dock,warehouse_single_dock,burst_50pct,closest,60,itae,pibt,token_passing,30,30,32544.116660000003,17797.063889999998,14747.052770000006,8.296557394871966,1.2251559964350481e-09,0.8977777777777778,8.917114778176742e-09,True
E1_warehouse_single_dock,warehouse_single_dock,burst_50pct,closest,60,itae,rhcr_pbs,token_passing,30,30,10277.93612,17797.063889999998,-7519.127769999997,-2.628031299813276,0.011175479112453153,-0.42444444444444446,0.028380892997812684,True
E1_warehouse_single_dock,warehouse_single_dock,burst_50pct,closest,60,rapidity,pibt,rhcr_pbs,20,20,34.5,32.2,2.299999999999997,0.10124870445444319,0.919885390621633,-0.025,0.9876632396022574,False
E1_warehouse_single_dock,warehouse_single_dock,burst_50pct,closest,60,rapidity,pibt,token_passing,20,25,34.5,72.84,-38.34,-1.3552252083902874,0.18283066768338407,-0.108,0.3175361657674518,False
E1_warehouse_single_dock,warehouse_single_dock,burst_50pct,closest,60,rapidity,rhcr_pbs,token_passing,20,25,32.2,72.84,-40.64,-1.4362927225678261,0.15857105048585426,-0.09,0.28306235560812415,False
E1_warehouse_single_dock,warehouse_single_dock,intermittent_80s80m15r,closest,60,attack_rate,pibt,rhcr_pbs,30,30,0.9988866666666667,0.9983299999999999,0.0005566666666667608,0.4600856791042932,0.6472320357082652,0.03333333333333333,0.7824414678254598,False
E1_warehouse_single_dock,warehouse_single_dock,intermittent_80s80m15r,closest,60,attack_rate,pibt,token_passing,30,30,0.9988866666666667,0.9944366666666666,0.004450000000000065,2.4239932636210044,0.019851704877100262,0.23555555555555555,0.04718957455633935,True
E1_warehouse_single_dock,warehouse_single_dock,intermittent_80s80m15r,closest,60,attack_rate,rhcr_pbs,token_passing,30,30,0.9983299999999999,0.9944366666666666,0.0038933333333333042,2.0414049690802685,0.04703453017427581,0.20333333333333334,0.10233090386144443,False
E1_warehouse_single_dock,warehouse_single_dock,intermittent_80s80m15r,closest,60,cascade_depth_avg,pibt,rhcr_pbs,30,30,0.4326666666666666,0.32200000000000006,0.11066666666666652,3.731872649900903,0.0005558700750247367,0.6511111111111111,0.0018822267288607394,True
E1_warehouse_single_dock,warehouse_single_dock,intermittent_80s80m15r,closest,60,cascade_depth_avg,pibt,token_passing,30,30,0.4326666666666666,0.05133333333333334,0.38133333333333325,26.340945528483818,1.350330586348216e-26,1.0,7.061728844161781e-25,True
E1_warehouse_single_dock,warehouse_single_dock,intermittent_80s80m15r,closest,60,cascade_depth_avg,rhcr_pbs,token_passing,30,30,0.32200000000000006,0.05133333333333334,0.2706666666666667,9.983872559434259,2.6268510781541222e-11,1.0,2.4727424815690803e-10,True
E1_warehouse_single_dock,warehouse_single_dock,intermittent_80s80m15r,closest,60,critical_time,pibt,rhcr_pbs,30,30,0.30058,0.10813666666666664,0.19244333333333336,8.711224435087011,1.0456137285588598e-09,0.75,7.729877406937748e-09,True
E1_warehouse_single_dock,warehouse_single_dock,intermittent_80s80m15r,closest,60,critical_time,pibt,token_passing,30,30,0.30058,0.20796999999999996,0.09261000000000005,6.315310296863697,4.907096242464546e-07,0.7488888888888889,2.5104419907101226e-06,True
E1_warehouse_single_dock,warehouse_single_dock,intermittent_80s80m15r,closest,60,critical_time,rhcr_pbs,token_passing,30,30,0.10813666666666664,0.20796999999999996,-0.09983333333333332,-3.807187809041792,0.0003842370004470527,-0.49777777777777776,0.001346259664097366,True
E1_warehouse_single_dock,warehouse_single_dock,intermittent_80s80m15r,closest,60,fault_tolerance,pibt,rhcr_pbs,30,28,0.6510966666666668,1.3310142857142857,-0.6799176190476189,-2.438255213867651,0.021613019285245373,-0.4095238095238095,0.051203998709339706,False
E1_warehouse_single_dock,warehouse_single_dock,intermittent_80s80m15r,closest,60,fault_tolerance,pibt,token_passing,30,30,0.6510966666666668,0.8422266666666668,-0.19113000000000002,-2.5878585272903427,0.014873005134347915,-0.3466666666666667,0.036650407067537964,True
E1_warehouse_single_dock,warehouse_single_dock,intermittent_80s80m15r,closest,60,fault_tolerance,rhcr_pbs,token_passing,28,30,1.3310142857142857,0.8422266666666668,0.4887876190476189,1.6950210803357009,0.1001730518493833,0.09761904761904762,0.19270347303995805,False
E1_warehouse_single_dock,warehouse_single_dock,intermittent_80s80m15r,closest,60,itae,pibt,rhcr_pbs,30,30,30597.708346666666,10380.75166,20216.956686666665,8.62655142895366,1.173972785395781e-09,0.7733333333333333,8.588857891082087e-09,True
E1_warehouse_single_dock,warehouse_single_dock,intermittent_80s80m15r,closest,60,itae,pibt,token_passing,30,30,30597.708346666666,17439.130003333332,13158.578343333334,7.93155535267627,5.1628720297293495e-09,0.8377777777777777,3.454964599989498e-08,True
E1_warehouse_single_dock,warehouse_single_dock,intermittent_80s80m15r,closest,60,itae,rhcr_pbs,token_passing,30,30,10380.75166,17439.130003333332,-7058.378343333332,-2.494317195955231,0.01584124404752364,-0.4111111111111111,0.038833049644276696,True
E1_warehouse_single_dock,warehouse_single_dock,intermittent_80s80m15r,closest,60,rapidity,pibt,token_passing,30,30,0.0,3.6333333333333333,-3.6333333333333333,-1.6038204952439024,0.11959075844707222,-0.1,0.22247977724277465,False
E1_warehouse_single_dock,warehouse_single_dock,intermittent_80s80m15r,closest,60,rapidity,rhcr_pbs,token_passing,29,30,0.0,3.6333333333333333,-3.6333333333333333,-1.6038204952439024,0.11959075844707222,-0.1,0.22247977724277465,False
E1_warehouse_single_dock,warehouse_single_dock,wear_high,closest,60,attack_rate,pibt,rhcr_pbs,30,30,0.9488799999999998,0.4983333333333334,0.45054666666666643,7.337707802945315,3.1431369654190935e-08,0.9222222222222223,1.833929502137091e-07,True
E1_warehouse_single_dock,warehouse_single_dock,wear_high,closest,60,attack_rate,pibt,token_passing,30,30,0.9488799999999998,0.6383366666666668,0.31054333333333306,9.14187634261436,9.132735614591073e-11,0.9633333333333334,8.161659928988983e-10,True
E1_warehouse_single_dock,warehouse_single_dock,wear_high,closest,60,attack_rate,rhcr_pbs,token_passing,30,30,0.4983333333333334,0.6383366666666668,-0.14000333333333337,-2.0386772224620935,0.04747047407947057,-0.16444444444444445,0.10296207281138622,False
E1_warehouse_single_dock,warehouse_single_dock,wear_high,closest,60,critical_time,pibt,rhcr_pbs,30,30,0.41901000000000005,0.14989,0.26912,10.830196783340973,7.173476815279829e-12,1.0,7.183651959698666e-11,True
E1_warehouse_single_dock,warehouse_single_dock,wear_high,closest,60,critical_time,pibt,token_passing,30,30,0.41901000000000005,0.25728999999999996,0.16172000000000009,9.530134389826067,1.0025598630412205e-10,0.9955555555555555,8.84759079133877e-10,True
E1_warehouse_single_dock,warehouse_single_dock,wear_high,closest,60,critical_time,rhcr_pbs,token_passing,30,30,0.14989,0.25728999999999996,-0.10739999999999997,-3.607509395030059,0.0007038171910903762,-0.4888888888888889,0.002289838418939196,True
E1_warehouse_single_dock,warehouse_single_dock,wear_high,closest,60,fault_tolerance,pibt,rhcr_pbs,30,30,0.17429333333333336,0.6543599999999999,-0.4800666666666666,-4.346676891378564,0.00015251883947862548,-0.6266666666666667,0.0005832853781287536,True
E1_warehouse_single_dock,warehouse_single_dock,wear_high,closest,60,fault_tolerance,pibt,token_passing,30,30,0.17429333333333336,0.32474333333333333,-0.15044999999999997,-5.901816190661688,1.1034233123586178e-06,-0.8777777777777778,5.409839295313779e-06,True
E1_warehouse_single_dock,warehouse_single_dock,wear_high,closest,60,fault_tolerance,rhcr_pbs,token_passing,30,30,0.6543599999999999,0.32474333333333333,0.3296166666666666,2.9207773423162813,0.006369463680634475,0.16666666666666666,0.016944084978349743,True
E1_warehouse_single_dock,warehouse_single_dock,wear_high,closest,60,itae,pibt,rhcr_pbs,30,30,47151.81777666667,14633.925396666667,32517.892380000005,10.377323833247184,8.523400571352522e-12,0.9888888888888889,8.475381413204056e-11,True
E1_warehouse_single_dock,warehouse_single_dock,wear_high,closest,60,itae,pibt,token_passing,30,30,47151.81777666667,24344.361119999994,22807.456656666676,10.097793866923883,5.811802530775958e-12,0.98,5.861617981039752e-11,True
E1_warehouse_single_dock,warehouse_single_dock,wear_high,closest,60,itae,rhcr_pbs,token_passing,30,30,14633.925396666667,24344.361119999994,-9710.435723333327,-2.6047531039466585,0.011959452464980917,-0.41333333333333333,0.030092619354169292,True
E1_warehouse_single_dock,warehouse_single_dock,wear_high,closest,60,rapidity,pibt,rhcr_pbs,30,30,3.566666666666667,0.13333333333333333,3.4333333333333336,1.7004160894088354,0.0996619493348358,0.10222222222222223,0.19198181781826487,False
E1_warehouse_single_dock,warehouse_single_dock,wear_high,closest,60,rapidity,pibt,token_passing,30,30,3.566666666666667,0.1,3.466666666666667,1.7185651097416006,0.09630148281324581,0.10222222222222223,0.18755543963076288,False
E1_warehouse_single_dock,warehouse_single_dock,wear_high,closest,60,rapidity,rhcr_pbs,token_passing,30,30,0.13333333333333333,0.1,0.033333333333333326,0.19999999999999996,0.8422348856279344,0.0011111111111111111,0.9261959957216849,False
E1_warehouse_single_dock,warehouse_single_dock,wear_medium,closest,60,attack_rate,pibt,rhcr_pbs,30,30,0.5411066666666665,0.11833666666666669,0.4227699999999998,15.546764913463406,7.764047078991101e-18,1.0,1.636243951572453e-16,True
E1_warehouse_single_dock,warehouse_single_dock,wear_medium,closest,60,attack_rate,pibt,token_passing,30,30,0.5411066666666665,0.22611999999999993,0.3149866666666666,13.106863938847377,5.348952742564252e-16,0.9611111111111111,1.0070295030000964e-14,True
E1_warehouse_single_dock,warehouse_single_dock,wear_medium,closest,60,attack_rate,rhcr_pbs,token_passing,30,30,0.11833666666666669,0.22611999999999993,-0.10778333333333324,-3.2033158802387556,0.0022276901816858123,-0.5088888888888888,0.006512419330311319,True
E1_warehouse_single_dock,warehouse_single_dock,wear_medium,closest,60,critical_time,pibt,rhcr_pbs,30,25,0.31546333333333343,0.126356,0.18910733333333343,7.695705854117747,4.433864322975115e-08,0.8213333333333334,2.565826403295435e-07,True
E1_warehouse_single_dock,warehouse_single_dock,wear_medium,closest,60,critical_time,pibt,token_passing,30,30,0.31546333333333343,0.19228666666666666,0.12317666666666677,8.463173114174252,7.935773384838797e-10,0.9266666666666666,6.056925415887773e-09,True
E1_warehouse_single_dock,warehouse_single_dock,wear_medium,closest,60,critical_time,rhcr_pbs,token_passing,25,30,0.126356,0.19228666666666666,-0.06593066666666667,-2.3527433672945826,0.02376089593090126,-0.35733333333333334,0.05554699512323275,False
E1_warehouse_single_dock,warehouse_single_dock,wear_medium,closest,60,fault_tolerance,pibt,rhcr_pbs,30,29,0.6203000000000001,0.9487172413793103,-0.3284172413793103,-2.1299067500105453,0.04191489196518796,-0.335632183908046,0.09161583197344489,False
E1_warehouse_single_dock,warehouse_single_dock,wear_medium,closest,60,fault_tolerance,pibt,token_passing,30,30,0.6203000000000001,0.8659200000000001,-0.24562000000000006,-3.442423913567289,0.0016269791740278906,-0.6733333333333333,0.004846613066935404,True
E1_warehouse_single_dock,warehouse_single_dock,wear_medium,closest,60,fault_tolerance,rhcr_pbs,token_passing,29,30,0.9487172413793103,0.8659200000000001,0.08279724137931022,0.4916092016078948,0.6257435692445201,0.013793103448275862,0.7636559375741249,False
E1_warehouse_single_dock,warehouse_single_dock,wear_medium,closest,60,itae,pibt,rhcr_pbs,30,25,31118.509449999998,12860.204088,18258.305362,5.868456880921868,1.5362735975806778e-06,0.6426666666666667,7.353282439945481e-06,True
E1_warehouse_single_dock,warehouse_single_dock,wear_medium,closest,60,itae,pibt,token_passing,30,30,31118.509449999998,14074.097773333335,17044.411676666663,8.472124464217856,1.8389217420500225e-11,0.8688888888888889,1.7426560401172028e-10,True
E1_warehouse_single_dock,warehouse_single_dock,wear_medium,closest,60,itae,rhcr_pbs,token_passing,25,30,12860.204088,14074.097773333335,-1213.8936853333344,-0.36853158942582837,0.7145002578770788,-0.216,0.826268930485205,False
E1_warehouse_single_dock,warehouse_single_dock,wear_medium,closest,60,rapidity,pibt,rhcr_pbs,30,25,0.0,0.08,-0.08,-1.0,0.32728688127978534,-0.04,0.48984647544979576,False
E1_warehouse_single_dock,warehouse_single_dock,wear_medium,closest,60,rapidity,pibt,token_passing,30,30,0.0,1.1,-1.1,-1.8406943736745431,0.07591970197489212,-0.13333333333333333,0.15446486914776322,False
E1_warehouse_single_dock,warehouse_single_dock,wear_medium,closest,60,rapidity,rhcr_pbs,token_passing,25,30,0.08,1.1,-1.02,-1.6917343670863072,0.10104768828576616,-0.096,0.19385779328736658,False
E1_warehouse_single_dock,warehouse_single_dock,zone_50t,closest,60,attack_rate,pibt,rhcr_pbs,30,30,0.25111666666666665,0.19945666666666664,0.05166000000000001,1.341722434882144,0.18498892981083506,0.2011111111111111,0.32026694203925016,False
E1_warehouse_single_dock,warehouse_single_dock,zone_50t,closest,60,attack_rate,pibt,token_passing,30,30,0.25111666666666665,0.2361066666666667,0.015009999999999968,0.47105520563996583,0.639513149876386,0.12,0.7764338500648813,False
E1_warehouse_single_dock,warehouse_single_dock,zone_50t,closest,60,attack_rate,rhcr_pbs,token_passing,30,30,0.19945666666666664,0.2361066666666667,-0.036650000000000044,-1.06185199650988,0.2933775706929371,-0.22555555555555556,0.4602768109093635,False
E1_warehouse_single_dock,warehouse_single_dock,zone_50t,closest,60,cascade_depth_avg,pibt,rhcr_pbs,30,30,0.26,0.053000000000000005,0.20700000000000002,5.6021254119250345,1.1344882651523118e-06,0.6544444444444445,5.523784242741601e-06,True
E1_warehouse_single_dock,warehouse_single_dock,zone_50t,closest,60,cascade_depth_avg,pibt,token_passing,30,30,0.26,0.04933333333333333,0.21066666666666667,6.289107440762423,3.5829308048681103e-07,0.6866666666666666,1.8737401098051007e-06,True
E1_warehouse_single_dock,warehouse_single_dock,zone_50t,closest,60,cascade_depth_avg,rhcr_pbs,token_passing,30,30,0.053000000000000005,0.04933333333333333,0.0036666666666666722,0.17750775174788477,0.8599284735880985,-0.14888888888888888,0.9427166185608657,False
E1_warehouse_single_dock,warehouse_single_dock,zone_50t,closest,60,critical_time,pibt,rhcr_pbs,28,30,0.239225,0.10848000000000001,0.130745,5.5539507030269215,4.359690482737461e-06,0.5702380952380952,1.998663299228992e-05,True
E1_warehouse_single_dock,warehouse_single_dock,zone_50t,closest,60,critical_time,pibt,token_passing,28,30,0.239225,0.1759733333333333,0.0632516666666667,4.611608074274964,5.040383939125463e-05,0.6059523809523809,0.00020629049629116388,True
E1_warehouse_single_dock,warehouse_single_dock,zone_50t,closest,60,critical_time,rhcr_pbs,token_passing,30,30,0.10848000000000001,0.1759733333333333,-0.06749333333333328,-2.5434207891926968,0.014430111912760406,-0.45222222222222225,0.03562118535107989,True
E1_warehouse_single_dock,warehouse_single_dock,zone_50t,closest,60,fault_tolerance,pibt,rhcr_pbs,30,28,0.96072,1.475946428571429,-0.515226428571429,-1.2885158601643443,0.20849253308291846,0.09047619047619047,0.35088373863299266,False
E1_warehouse_single_dock,warehouse_single_dock,zone_50t,closest,60,fault_tolerance,pibt,token_passing,30,30,0.96072,1.0698566666666667,-0.10913666666666666,-1.355617558377924,0.18553708115305004,-0.10888888888888888,0.32026694203925016,False
E1_warehouse_single_dock,warehouse_single_dock,zone_50t,closest,60,fault_tolerance,rhcr_pbs,token_passing,28,30,1.475946428571429,1.0698566666666667,0.4060897619047623,0.9958787193602712,0.3274979855914325,-0.15476190476190477,0.48984647544979576,False
E1_warehouse_single_dock,warehouse_single_dock,zone_50t,closest,60,itae,pibt,rhcr_pbs,28,30,25037.741071428572,9736.751663333333,15300.98940809524,6.8238398041172905,1.396138999594969e-07,0.5738095238095238,7.553058495893089e-07,True
E1_warehouse_single_dock,warehouse_single_dock,zone_50t,closest,60,itae,pibt,token_passing,28,30,25037.741071428572,14248.009443333334,10789.731628095238,7.701327160152345,8.832373204408888e-09,0.8547619047619047,5.6946625409248174e-08,True
E1_warehouse_single_dock,warehouse_single_dock,zone_50t,closest,60,itae,rhcr_pbs,token_passing,30,30,9736.751663333333,14248.009443333334,-4511.257780000002,-1.7304899108203233,0.08994167501995001,-0.3622222222222222,0.17804103257565246,False
E1_warehouse_single_dock,warehouse_single_dock,zone_50t,closest,60,rapidity,pibt,rhcr_pbs,28,28,9.035714285714286,10.642857142857142,-1.6071428571428559,-0.2662411183567605,0.7910687368716672,-0.03571428571428571,0.8836938737838562,False
E1_warehouse_single_dock,warehouse_single_dock,zone_50t,closest,60,rapidity,pibt,token_passing,28,30,9.035714285714286,9.133333333333333,-0.09761904761904638,-0.016052306836810335,0.9872497275990242,0.03571428571428571,1.0,False
E1_warehouse_single_dock,warehouse_single_dock,zone_50t,closest,60,rapidity,rhcr_pbs,token_passing,28,30,10.642857142857142,9.133333333333333,1.5095238095238095,0.24404556242777672,0.8080878523483027,0.06904761904761905,0.8970283392419839,False
E2_scheduler,warehouse_single_dock,burst_20pct,closest,40,attack_rate,pibt,rhcr_pbs,30,30,0.20000000000000007,0.20000000000000007,0.0,0.0,1.0,0.0,1.0,False
E2_scheduler,warehouse_single_dock,burst_20pct,random,40,attack_rate,pibt,rhcr_pbs,30,30,0.20000000000000007,0.20000000000000007,0.0,0.0,1.0,0.0,1.0,False
E2_scheduler,warehouse_single_dock,burst_20pct,closest,40,attack_rate,pibt,token_passing,30,30,0.20000000000000007,0.20000000000000007,0.0,0.0,1.0,0.0,1.0,False
E2_scheduler,warehouse_single_dock,burst_20pct,random,40,attack_rate,pibt,token_passing,30,30,0.20000000000000007,0.20000000000000007,0.0,0.0,1.0,0.0,1.0,False
E2_scheduler,warehouse_single_dock,burst_20pct,closest,40,attack_rate,rhcr_pbs,token_passing,30,30,0.20000000000000007,0.20000000000000007,0.0,0.0,1.0,0.0,1.0,False
E2_scheduler,warehouse_single_dock,burst_20pct,random,40,attack_rate,rhcr_pbs,token_passing,30,30,0.20000000000000007,0.20000000000000007,0.0,0.0,1.0,0.0,1.0,False
E2_scheduler,warehouse_single_dock,burst_20pct,closest,40,critical_time,pibt,rhcr_pbs,30,30,0.25295333333333336,0.21446333333333328,0.03849000000000008,3.478095653081205,0.0013530616136479942,0.46111111111111114,0.0041353311655215755,True
E2_scheduler,warehouse_single_dock,burst_20pct,random,40,critical_time,pibt,rhcr_pbs,30,30,0.26126666666666665,0.19833666666666666,0.06292999999999999,5.211878477210058,9.607020145636852e-06,0.7022222222222222,4.3339017398208416e-05,True
E2_scheduler,warehouse_single_dock,burst_20pct,closest,40,critical_time,pibt,token_passing,30,30,0.25295333333333336,0.23041999999999999,0.022533333333333377,1.9555955053172087,0.05854025352710747,0.19444444444444445,0.12429900448161767,False
E2_scheduler,warehouse_single_dock,burst_20pct,random,40,critical_time,pibt,token_passing,30,30,0.26126666666666665,0.24297666666666667,0.018289999999999973,1.5734455079402963,0.12495647740818978,0.08,0.23124317968592917,False
E2_scheduler,warehouse_single_dock,burst_20pct,closest,40,critical_time,rhcr_pbs,token_passing,30,30,0.21446333333333328,0.23041999999999999,-0.015956666666666702,-1.0516744398858362,0.2973196535383655,-0.16111111111111112,0.46337235187215464,False
E2_scheduler,warehouse_single_dock,burst_20pct,random,40,critical_time,rhcr_pbs,token_passing,30,30,0.19833666666666666,0.24297666666666667,-0.04464000000000001,-2.7657916210393307,0.00760720320422497,-0.47555555555555556,0.01989142763771418,True
E2_scheduler,warehouse_single_dock,burst_20pct,closest,40,fault_tolerance,pibt,rhcr_pbs,30,30,0.71157,0.9279066666666667,-0.21633666666666662,-0.5789632204656657,0.5670707885364606,0.44666666666666666,0.7048216839221415,False
E2_scheduler,warehouse_single_dock,burst_20pct,random,40,fault_tolerance,pibt,rhcr_pbs,30,30,0.6578333333333333,0.5890900000000001,0.06874333333333316,1.1606784787815638,0.2532776718116468,0.3288888888888889,0.40871779725490887,False
E2_scheduler,warehouse_single_dock,burst_20pct,closest,40,fault_tolerance,pibt,token_passing,30,30,0.71157,0.71058,0.0009900000000000464,0.021445772990507716,0.9830108924065307,-0.07222222222222222,1.0,False
E2_scheduler,warehouse_single_dock,burst_20pct,random,40,fault_tolerance,pibt,token_passing,30,30,0.6578333333333333,0.6446233333333333,0.013209999999999944,0.26534418127488024,0.792099777873423,0.04666666666666667,0.884146155223141,False
E2_scheduler,warehouse_single_dock,burst_20pct,closest,40,fault_tolerance,rhcr_pbs,token_passing,30,30,0.9279066666666667,0.71058,0.21732666666666667,0.5780833901728594,0.5675511718268236,-0.3522222222222222,0.7048216839221415,False
E2_scheduler,warehouse_single_dock,burst_20pct,random,40,fault_tolerance,rhcr_pbs,token_passing,30,30,0.5890900000000001,0.6446233333333333,-0.05553333333333321,-0.77339039156467,0.44255683999786755,-0.19777777777777777,0.5928750076631774,False
E2_scheduler,warehouse_single_dock,burst_20pct,closest,40,itae,pibt,rhcr_pbs,30,30,22539.29722333333,20394.498890000006,2144.798333333325,2.3520175146133138,0.02464933010084742,0.3466666666666667,0.05705713787278125,False
E2_scheduler,warehouse_single_dock,burst_20pct,random,40,itae,pibt,rhcr_pbs,30,30,22932.49444,18442.533333333333,4489.961106666666,4.199906932263108,0.00019706138653863923,0.6533333333333333,0.0007341706538062232,True
E2_scheduler,warehouse_single_dock,burst_20pct,closest,40,itae,pibt,token_passing,30,30,22539.29722333333,19393.424996666665,3145.8722266666664,2.7493659331526628,0.009744194768161797,0.33111111111111113,0.024925367776529816,True
E2_scheduler,warehouse_single_dock,burst_20pct,random,40,itae,pibt,token_passing,30,30,22932.49444,20343.29722333333,2589.1972166666674,2.1627466649147298,0.0382532749770771,0.2111111111111111,0.08466085308406406,False
E2_scheduler,warehouse_single_dock,burst_20pct,closest,40,itae,rhcr_pbs,token_passing,30,30,20394.498890000006,19393.424996666665,1001.0738933333414,0.7053671130617069,0.4835633812644951,0.051111111111111114,0.6351548784608996,False
E2_scheduler,warehouse_single_dock,burst_20pct,random,40,itae,rhcr_pbs,token_passing,30,30,18442.533333333333,20343.29722333333,-1900.7638899999984,-1.212958971142436,0.2301310762800912,-0.3111111111111111,0.3799470501416157,False
E2_scheduler,warehouse_single_dock,burst_20pct,closest,40,rapidity,pibt,rhcr_pbs,30,29,11.866666666666667,20.413793103448278,-8.54712643678161,-1.2040302224311543,0.2342686306200015,-0.1206896551724138,0.38508417512857057,False
E2_scheduler,warehouse_single_dock,burst_20pct,random,40,rapidity,pibt,rhcr_pbs,30,30,20.366666666666667,10.133333333333333,10.233333333333334,1.4053755532537118,0.16562227075680055,0.24,0.29453230013677884,False
E2_scheduler,warehouse_single_dock,burst_20pct,closest,40,rapidity,pibt,token_passing,30,29,11.866666666666667,14.413793103448276,-2.5471264367816087,-0.4072199076578736,0.6854303645609339,-0.04827586206896552,0.8112553853814238,False
E2_scheduler,warehouse_single_dock,burst_20pct,random,40,rapidity,pibt,token_passing,30,30,20.366666666666667,16.766666666666666,3.6000000000000014,0.4341116249665129,0.6658188895728302,0.11333333333333333,0.7933639426808745,False
E2_scheduler,warehouse_single_dock,burst_20pct,closest,40,rapidity,rhcr_pbs,token_passing,29,29,20.413793103448278,14.413793103448276,6.000000000000002,0.7920536967911168,0.43180021716093037,0.09750297265160524,0.5834468006040514,False
E2_scheduler,warehouse_single_dock,burst_20pct,random,40,rapidity,rhcr_pbs,token_passing,30,30,10.133333333333333,16.766666666666666,-6.633333333333333,-0.8976064884283631,0.3734136314061174,-0.13111111111111112,0.529909595523053,False
E2_scheduler,warehouse_single_dock,burst_50pct,closest,40,critical_time,pibt,rhcr_pbs,30,30,0.30499000000000004,0.2513666666666667,0.053623333333333356,5.394682662715492,4.316658149040493e-06,0.8788888888888889,1.9853815330440313e-05,True
E2_scheduler,warehouse_single_dock,burst_50pct,random,40,critical_time,pibt,rhcr_pbs,30,30,0.3089033333333333,0.23765333333333333,0.07124999999999998,5.8997581857518036,1.0441721917111453e-06,0.9066666666666666,5.173232051565394e-06,True
E2_scheduler,warehouse_single_dock,burst_50pct,closest,40,critical_time,pibt,token_passing,30,30,0.30499000000000004,0.2640966666666667,0.04089333333333334,3.5606040984066105,0.001104149768258004,0.44,0.0034189900718866266,True
E2_scheduler,warehouse_single_dock,burst_50pct,random,40,critical_time,pibt,token_passing,30,30,0.3089033333333333,0.2753933333333333,0.033509999999999984,2.661678283354573,0.011722446048904581,0.29333333333333333,0.029610185726392253,True
E2_scheduler,warehouse_single_dock,burst_50pct,closest,40,critical_time,rhcr_pbs,token_passing,30,30,0.2513666666666667,0.2640966666666667,-0.012730000000000019,-0.8830528722752273,0.38094533383464335,-0.26,0.5357035402346788,False
E2_scheduler,warehouse_single_dock,burst_50pct,random,40,critical_time,rhcr_pbs,token_passing,30,30,0.23765333333333333,0.2753933333333333,-0.037739999999999996,-2.269042767171059,0.027009930033312618,-0.5322222222222223,0.06161231212768565,False
E2_scheduler,warehouse_single_dock,burst_50pct,closest,40,fault_tolerance,pibt,rhcr_pbs,30,30,0.3661166666666667,0.4045433333333334,-0.03842666666666672,-0.2922371626167724,0.7721108859287097,0.4311111111111111,0.8707832036192795,False
E2_scheduler,warehouse_single_dock,burst_50pct,random,40,fault_tolerance,pibt,rhcr_pbs,30,30,0.3189200000000001,0.75253,-0.43360999999999994,-0.9467940768319459,0.3515461789507172,0.19333333333333333,0.5101574559901467,False
E2_scheduler,warehouse_single_dock,burst_50pct,closest,40,fault_tolerance,pibt,token_passing,30,30,0.3661166666666667,0.35632,0.009796666666666676,0.28681187033230654,0.7754877724608857,0.14888888888888888,0.8718063174480659,False
E2_scheduler,warehouse_single_dock,burst_50pct,random,40,fault_tolerance,pibt,token_passing,30,30,0.3189200000000001,0.33579,-0.016869999999999885,-0.47846689999775743,0.6346634195664592,0.0011111111111111111,0.7718731683271667,False
E2_scheduler,warehouse_single_dock,burst_50pct,closest,40,fault_tolerance,rhcr_pbs,token_passing,30,30,0.4045433333333334,0.35632,0.048223333333333396,0.36125972294932274,0.7202877687394025,-0.2611111111111111,0.8302419016000296,False
E2_scheduler,warehouse_single_dock,burst_50pct,random,40,fault_tolerance,rhcr_pbs,token_passing,30,30,0.75253,0.33579,0.41674000000000005,0.9084723995965217,0.3710491883152894,-0.10444444444444445,0.5276147572015998,False
E2_scheduler,warehouse_single_dock,burst_50pct,closest,40,itae,pibt,rhcr_pbs,30,30,25631.95277666667,22007.35611333333,3624.5966633333373,4.179379037141133,0.00016557263935382106,0.7822222222222223,0.0006251031196994527,True
E2_scheduler,warehouse_single_dock,burst_50pct,random,40,itae,pibt,rhcr_pbs,30,30,25761.316666666666,20103.997219999997,5657.319446666668,5.095644483521696,1.2579553383678419e-05,0.8888888888888888,5.638834723096486e-05,True
E2_scheduler,warehouse_single_dock,burst_50pct,closest,40,itae,pibt,token_passing,30,30,25631.95277666667,21078.136106666665,4553.816670000004,3.849401036565324,0.0005049007591499385,0.46444444444444444,0.0017261982370937365,True
E2_scheduler,warehouse_single_dock,burst_50pct,random,40,itae,pibt,token_passing,30,30,25761.316666666666,21883.22222333333,3878.094443333335,3.0187155235113803,0.00487321894412019,0.3488888888888889,0.013309449031136768,True
E2_scheduler,warehouse_single_dock,burst_50pct,closest,40,itae,rhcr_pbs,token_passing,30,30,22007.35611333333,21078.136106666665,929.2200066666664,0.6660676663213787,0.5082995779232621,-0.011111111111111112,0.6589635225520265,False
E2_scheduler,warehouse_single_dock,burst_50pct,random,40,itae,rhcr_pbs,token_passing,30,30,20103.997219999997,21883.22222333333,-1779.225003333333,-1.0882671166756823,0.2810881894215776,-0.37777777777777777,0.4434598027522543,False
E2_scheduler,warehouse_single_dock,burst_50pct,closest,40,rapidity,pibt,rhcr_pbs,22,24,65.95454545454545,66.41666666666667,-0.46212121212121815,-0.016617821561655054,0.9868173236818664,-0.020833333333333332,1.0,False
E2_scheduler,warehouse_single_dock,burst_50pct,random,40,rapidity,pibt,rhcr_pbs,22,20,86.68181818181819,53.9,32.78181818181819,1.042925933301865,0.3034382141193247,0.16363636363636364,0.4703125777568457,False
E2_scheduler,warehouse_single_dock,burst_50pct,closest,40,rapidity,pibt,token_passing,22,22,65.95454545454545,75.54545454545455,-9.590909090909093,-0.31840528938163093,0.7517727178397795,-0.024793388429752067,0.8557792190089908,False
E2_scheduler,warehouse_single_dock,burst_50pct,random,40,rapidity,pibt,token_passing,22,24,86.68181818181819,73.625,13.056818181818187,0.38815806439554407,0.6997959193791776,0.12121212121212122,0.8198058430091424,False
E2_scheduler,warehouse_single_dock,burst_50pct,closest,40,rapidity,rhcr_pbs,token_passing,24,22,66.41666666666667,75.54545454545455,-9.128787878787875,-0.30980028813665234,0.7582336578118852,-0.001893939393939394,0.859340089523151,False
E2_scheduler,warehouse_single_dock,burst_50pct,random,40,rapidity,rhcr_pbs,token_passing,20,24,53.9,73.625,-19.725,-0.6545149845401057,0.5163626221828298,-0.0375,0.664187463764617,False
E2_scheduler,warehouse_single_dock,intermittent_80s80m15r,closest,40,attack_rate,pibt,rhcr_pbs,30,30,0.9983333333333333,0.9991666666666668,-0.0008333333333334636,-0.5841031335203922,0.5616437193482734,-0.03333333333333333,0.7024277517447612,False
E2_scheduler,warehouse_single_dock,intermittent_80s80m15r,random,40,attack_rate,pibt,rhcr_pbs,30,30,0.9974999999999999,1.0,-0.0025000000000000577,-1.7950549357115408,0.08307466551442269,-0.1,0.16638500383881535,False
E2_scheduler,warehouse_single_dock,intermittent_80s80m15r,closest,40,attack_rate,pibt,token_passing,30,30,0.9983333333333333,0.9941666666666668,0.004166666666666541,1.8278440373523623,0.07392508032597457,0.16666666666666666,0.15084134887323133,False
E2_scheduler,warehouse_single_dock,intermittent_80s80m15r,random,40,attack_rate,pibt,token_passing,30,30,0.9974999999999999,0.9941666666666668,0.0033333333333331883,1.3846860192479216,0.17202922848660857,0.13333333333333333,0.30424595253203784,False
E2_scheduler,warehouse_single_dock,intermittent_80s80m15r,closest,40,attack_rate,rhcr_pbs,token_passing,30,30,0.9991666666666668,0.9941666666666668,0.0050000000000000044,2.344085502302606,0.0242456343264248,0.2,0.05649312816652115,False
E2_scheduler,warehouse_single_dock,intermittent_80s80m15r,random,40,attack_rate,rhcr_pbs,token_passing,30,30,1.0,0.9941666666666668,0.005833333333333246,2.97087309667065,0.005912950806162098,0.23333333333333334,0.015872788095629056,True
E2_scheduler,warehouse_single_dock,intermittent_80s80m15r,closest,40,cascade_depth_avg,pibt,rhcr_pbs,30,30,0.26499999999999996,0.253,0.011999999999999955,0.5021793159629855,0.6182565409897368,0.3211111111111111,0.7577936075325593,False
E2_scheduler,warehouse_single_dock,intermittent_80s80m15r,random,40,cascade_depth_avg,pibt,rhcr_pbs,30,30,0.2743333333333334,0.256,0.018333333333333368,0.7882227286805247,0.43448709391947776,0.2511111111111111,0.585295832215431,False
E2_scheduler,warehouse_single_dock,intermittent_80s80m15r,closest,40,cascade_depth_avg,pibt,token_passing,30,30,0.26499999999999996,0.05133333333333334,0.21366666666666662,19.458777727116402,1.8095320334093416e-22,1.0,6.387648077934976e-21,True
E2_scheduler,warehouse_single_dock,intermittent_80s80m15r,random,40,cascade_depth_avg,pibt,token_passing,30,30,0.2743333333333334,0.06233333333333335,0.21200000000000002,16.672072800604333,1.1937237441592238e-18,1.0,2.7631769291029902e-17,True
E2_scheduler,warehouse_single_dock,intermittent_80s80m15r,closest,40,cascade_depth_avg,rhcr_pbs,token_passing,30,30,0.253,0.05133333333333334,0.20166666666666666,9.065014447224165,2.5619412259969303e-10,1.0,2.1405094740282046e-09,True
E2_scheduler,warehouse_single_dock,intermittent_80s80m15r,random,40,cascade_depth_avg,rhcr_pbs,token_passing,30,30,0.256,0.06233333333333335,0.19366666666666665,9.485640721163206,8.835334196073672e-11,1.0,7.997110182600016e-10,True
E2_scheduler,warehouse_single_dock,intermittent_80s80m15r,closest,40,critical_time,pibt,rhcr_pbs,30,30,0.24631333333333333,0.17901666666666666,0.06729666666666667,6.676924043168468,1.3257823521732067e-07,0.72,7.227817302195243e-07,True
E2_scheduler,warehouse_single_dock,intermittent_80s80m15r,random,40,critical_time,pibt,rhcr_pbs,30,30,0.25061666666666665,0.16950666666666667,0.08110999999999999,8.065605268012314,2.65448533429487e-09,0.9144444444444444,1.83732024118841e-08,True
E2_scheduler,warehouse_single_dock,intermittent_80s80m15r,closest,40,critical_time,pibt,token_passing,30,30,0.24631333333333333,0.21383000000000005,0.03248333333333328,3.661888140759465,0.0008358656813237902,0.4866666666666667,0.0026522299820880718,True
E2_scheduler,warehouse_single_dock,intermittent_80s80m15r,random,40,critical_time,pibt,token_passing,30,30,0.25061666666666665,0.22228,0.02833666666666665,3.0188679865936465,0.004819320843049045,0.4488888888888889,0.01318775393485514,True
E2_scheduler,warehouse_single_dock,intermittent_80s80m15r,closest,40,critical_time,rhcr_pbs,token_passing,30,30,0.17901666666666666,0.21383000000000005,-0.03481333333333339,-2.69421047425194,0.009255806531423714,-0.43666666666666665,0.023805462335829298,True
E2_scheduler,warehouse_single_dock,intermittent_80s80m15r,random,40,critical_time,rhcr_pbs,token_passing,30,30,0.16950666666666667,0.22228,-0.05277333333333334,-3.9745865348043745,0.00019857864347680424,-0.6233333333333333,0.0007378764331295989,True
E2_scheduler,warehouse_single_dock,intermittent_80s80m15r,closest,40,fault_tolerance,pibt,rhcr_pbs,30,30,0.7160233333333333,0.6864633333333334,0.02955999999999992,1.1264720464686921,0.26817562687321367,-0.08666666666666667,0.4298115608910076,False
E2_scheduler,warehouse_single_dock,intermittent_80s80m15r,random,40,fault_tolerance,pibt,rhcr_pbs,30,30,0.7106033333333334,0.8060733333333332,-0.09546999999999983,-1.9363371072179691,0.06222585587717216,-0.2822222222222222,0.13172849849860133,False
E2_scheduler,warehouse_single_dock,intermittent_80s80m15r,closest,40,fault_tolerance,pibt,token_passing,30,30,0.7160233333333333,0.8267466666666667,-0.1107233333333334,-2.200458095840169,0.03562506147703256,-0.37777777777777777,0.07959270064172465,False
E2_scheduler,warehouse_single_dock,intermittent_80s80m15r,random,40,fault_tolerance,pibt,token_passing,30,30,0.7106033333333334,0.8521866666666666,-0.14158333333333328,-2.91925846210917,0.00656526341392404,-0.5155555555555555,0.017425097632445007,True
E2_scheduler,warehouse_single_dock,intermittent_80s80m15r,closest,40,fault_tolerance,rhcr_pbs,token_passing,30,30,0.6864633333333334,0.8267466666666667,-0.14028333333333332,-2.5040460834811933,0.016139980734826444,-0.37333333333333335,0.039233033014196984,True
E2_scheduler,warehouse_single_dock,intermittent_80s80m15r,random,40,fault_tolerance,rhcr_pbs,token_passing,30,30,0.8060733333333332,0.8521866666666666,-0.04611333333333345,-0.6738853982362941,0.5030618285157805,-0.24666666666666667,0.6540730219744771,False
E2_scheduler,warehouse_single_dock,intermittent_80s80m15r,closest,40,itae,pibt,rhcr_pbs,30,30,24287.86111333333,20332.477219999993,3955.3838933333354,4.354113243153341,0.00011865331514492986,0.6444444444444445,0.0004602705521556071,True
E2_scheduler,warehouse_single_dock,intermittent_80s80m15r,random,40,itae,pibt,rhcr_pbs,30,30,24532.158336666667,18272.372223333332,6259.786113333335,5.848910060428308,1.5332671138630186e-06,0.84,7.353282439945481e-06,True
E2_scheduler,warehouse_single_dock,intermittent_80s80m15r,closest,40,itae,pibt,token_passing,30,30,24287.86111333333,20023.811113333337,4264.049999999992,3.8998051336495774,0.00046240392557282786,0.5511111111111111,0.0015924740070947145,True
E2_scheduler,warehouse_single_dock,intermittent_80s80m15r,random,40,itae,pibt,token_passing,30,30,24532.158336666667,20939.72222666667,3592.4361099999987,3.0234417611382756,0.004885989973816371,0.42444444444444446,0.013317253046624728,True
E2_scheduler,warehouse_single_dock,intermittent_80s80m15r,closest,40,itae,rhcr_pbs,token_passing,30,30,20332.477219999993,20023.811113333337,308.66610666665656,0.2239247063666503,0.8236326096551456,-0.05555555555555555,0.9105697653963131,False
E2_scheduler,warehouse_single_dock,intermittent_80s80m15r,random,40,itae,rhcr_pbs,token_passing,30,30,18272.372223333332,20939.72222666667,-2667.3500033333366,-1.716511354008077,0.09147022349133736,-0.45555555555555555,0.17987978638358917,False
E2_scheduler,warehouse_single_dock,intermittent_80s80m15r,closest,40,rapidity,pibt,rhcr_pbs,30,30,0.0,2.033333333333333,-2.033333333333333,-1.712189480453057,0.09753711494819685,-0.13333333333333333,0.1884761683094995,False
E2_scheduler,warehouse_single_dock,intermittent_80s80m15r,closest,40,rapidity,pibt,token_passing,30,30,0.0,5.233333333333333,-5.233333333333333,-1.9317241246530197,0.06321770057739123,-0.13333333333333333,0.1332289450974275,False
E2_scheduler,warehouse_single_dock,intermittent_80s80m15r,random,40,rapidity,pibt,token_passing,30,30,0.0,0.6666666666666666,-0.6666666666666666,-1.0,0.32558198801619337,-0.03333333333333333,0.48984647544979576,False
E2_scheduler,warehouse_single_dock,intermittent_80s80m15r,closest,40,rapidity,rhcr_pbs,token_passing,30,30,2.033333333333333,5.233333333333333,-3.2,-1.0818092885835344,0.285857021606958,-0.011111111111111112,0.4499778311137399,False
E2_scheduler,warehouse_single_dock,intermittent_80s80m15r,random,40,rapidity,rhcr_pbs,token_passing,30,30,0.0,0.6666666666666666,-0.6666666666666666,-1.0,0.32558198801619337,-0.03333333333333333,0.48984647544979576,False
E2_scheduler,warehouse_single_dock,wear_high,closest,40,attack_rate,pibt,rhcr_pbs,30,30,0.9633333333333333,0.8341666666666664,0.12916666666666687,3.8022329070387597,0.0006310637478079728,0.7244444444444444,0.002086796280807629,True
E2_scheduler,warehouse_single_dock,wear_high,random,40,attack_rate,pibt,rhcr_pbs,30,30,0.9525,0.9075,0.04500000000000004,3.4058772731852835,0.0012222468447385308,0.49333333333333335,0.003751766401675664,True
E2_scheduler,warehouse_single_dock,wear_high,closest,40,attack_rate,pibt,token_passing,30,30,0.9633333333333333,0.87,0.09333333333333327,4.004229076071074,0.0003274674219247404,0.5777777777777777,0.0011676363630245793,True
E2_scheduler,warehouse_single_dock,wear_high,random,40,attack_rate,pibt,token_passing,30,30,0.9525,0.8241666666666669,0.12833333333333308,4.987376469711586,1.5605914313950452e-05,0.5711111111111111,6.907696241786219e-05,True
E2_scheduler,warehouse_single_dock,wear_high,closest,40,attack_rate,rhcr_pbs,token_passing,30,30,0.8341666666666664,0.87,-0.035833333333333606,-0.8901429155918557,0.37758659458322413,-0.15777777777777777,0.5336859575090215,False
E2_scheduler,warehouse_single_dock,wear_high,random,40,attack_rate,rhcr_pbs,token_passing,30,30,0.9075,0.8241666666666669,0.08333333333333304,3.1678536204053875,0.0029923311618968735,0.35,0.008482500301360519,True
E2_scheduler,warehouse_single_dock,wear_high,closest,40,critical_time,pibt,rhcr_pbs,30,30,0.32878,0.25842666666666664,0.07035333333333338,7.548057697991276,1.3505424478626158e-08,1.0,8.25526379386153e-08,True
E2_scheduler,warehouse_single_dock,wear_high,random,40,critical_time,pibt,rhcr_pbs,30,30,0.32754333333333335,0.2459833333333333,0.08156000000000005,7.311065225174556,2.4720968232539217e-08,0.9955555555555555,1.4544169643477237e-07,True
E2_scheduler,warehouse_single_dock,wear_high,closest,40,critical_time,pibt,token_passing,30,30,0.32878,0.27878333333333327,0.049996666666666745,4.345219745011359,0.0001392726259577083,0.6211111111111111,0.0005343830104681633,True
E2_scheduler,warehouse_single_dock,wear_high,random,40,critical_time,pibt,token_passing,30,30,0.32754333333333335,0.2840266666666667,0.04351666666666665,3.724598886216532,0.0007547725454854565,0.5944444444444444,0.0024256374365733083,True
E2_scheduler,warehouse_single_dock,wear_high,closest,40,critical_time,rhcr_pbs,token_passing,30,30,0.25842666666666664,0.27878333333333327,-0.020356666666666634,-1.4023665895379769,0.1663832568160332,-0.38555555555555554,0.295142159075677,False
E2_scheduler,warehouse_single_dock,wear_high,random,40,critical_time,rhcr_pbs,token_passing,30,30,0.2459833333333333,0.2840266666666667,-0.0380433333333334,-2.4176374024387886,0.018792480171989753,-0.61,0.04497454576754158,True
E2_scheduler,warehouse_single_dock,wear_high,closest,40,fault_tolerance,pibt,rhcr_pbs,30,30,0.17476333333333335,0.18630999999999995,-0.011546666666666594,-1.0075623394169766,0.3179826822179686,-0.13777777777777778,0.4848720813086087,False
E2_scheduler,warehouse_single_dock,wear_high,random,40,fault_tolerance,pibt,rhcr_pbs,30,30,0.17463000000000004,0.3025266666666667,-0.1278966666666667,-1.3258876905800825,0.1951133003284898,-0.30666666666666664,0.3347508870763397,False
E2_scheduler,warehouse_single_dock,wear_high,closest,40,fault_tolerance,pibt,token_passing,30,30,0.17476333333333335,0.24079,-0.06602666666666665,-4.44856737102903,5.440279387551545e-05,-0.6144444444444445,0.00022010528639606825,True
E2_scheduler,warehouse_single_dock,wear_high,random,40,fault_tolerance,pibt,token_passing,30,30,0.17463000000000004,0.2421,-0.06746999999999997,-3.0364002933320138,0.00445390483265814,-0.45555555555555555,0.012259090884431372,True
E2_scheduler,warehouse_single_dock,wear_high,closest,40,fault_tolerance,rhcr_pbs,token_passing,30,30,0.18630999999999995,0.24079,-0.054480000000000056,-3.4894703236632303,0.0010046507509076372,-0.48,0.0031384222572601412,True
E2_scheduler,warehouse_single_dock,wear_high,random,40,fault_tolerance,rhcr_pbs,token_passing,30,30,0.3025266666666667,0.2421,0.06042666666666671,0.6136892727355048,0.5437907774066382,-0.16555555555555557,0.6892572510755592,False
E2_scheduler,warehouse_single_dock,wear_high,closest,40,itae,pibt,rhcr_pbs,30,30,36058.1,29538.065556666657,6520.034443333341,5.140317597888135,5.731540463190554e-06,0.78,2.5938894660336735e-05,True
E2_scheduler,warehouse_single_dock,wear_high,random,40,itae,pibt,rhcr_pbs,30,30,35845.413883333335,27452.99999666667,8392.413886666665,5.573861262697481,2.12519468001022e-06,0.8755555555555555,1.0069714389847083e-05,True
E2_scheduler,warehouse_single_dock,wear_high,closest,40,itae,pibt,token_passing,30,30,36058.1,28204.80832666667,7853.2916733333295,4.833184748281803,2.194641848715763e-05,0.6377777777777778,9.505626657627784e-05,True
E2_scheduler,warehouse_single_dock,wear_high,random,40,itae,pibt,token_passing,30,30,35845.413883333335,29519.805556666666,6325.608326666668,3.7184522979422847,0.0006765444832717161,0.5466666666666666,0.002206191247989984,True
E2_scheduler,warehouse_single_dock,wear_high,closest,40,itae,rhcr_pbs,token_passing,30,30,29538.065556666657,28204.80832666667,1333.2572299999883,0.7125474365070222,0.47922966594080063,0.028888888888888888,0.6335882849329687,False
E2_scheduler,warehouse_single_dock,wear_high,random,40,itae,rhcr_pbs,token_passing,30,30,27452.99999666667,29519.805556666666,-2066.805559999997,-0.9725920090899808,0.3348724429859458,-0.31777777777777777,0.4910850231895617,False
E2_scheduler,warehouse_single_dock,wear_high,closest,40,rapidity,pibt,rhcr_pbs,30,30,0.8666666666666667,0.6666666666666666,0.20000000000000007,0.2035239457864621,0.8395117411474063,0.03111111111111111,0.9239209497273092,False
E2_scheduler,warehouse_single_dock,wear_high,random,40,rapidity,pibt,rhcr_pbs,30,30,2.0,2.033333333333333,-0.033333333333333215,-0.02022598002282188,0.9839378450070291,0.03333333333333333,1.0,False
E2_scheduler,warehouse_single_dock,wear_high,closest,40,rapidity,pibt,token_passing,30,29,0.8666666666666667,1.6206896551724137,-0.754022988505747,-0.5166923826037214,0.6077180501178012,-0.04252873563218391,0.7474720267999437,False
E2_scheduler,warehouse_single_dock,wear_high,random,40,rapidity,pibt,token_passing,30,30,2.0,1.1,0.8999999999999999,0.7958167792808564,0.430308116638792,0.014444444444444444,0.5831046647734878,False
E2_scheduler,warehouse_single_dock,wear_high,closest,40,rapidity,rhcr_pbs,token_passing,30,29,0.6666666666666666,1.6206896551724137,-0.9540229885057471,-0.7074857645513999,0.48338849508825493,-0.07126436781609195,0.6351548784608996,False
E2_scheduler,warehouse_single_dock,wear_high,random,40,rapidity,rhcr_pbs,token_passing,30,30,2.033333333333333,1.1,0.9333333333333331,0.6547812229546595,0.5164857189897659,-0.024444444444444446,0.664187463764617,False
E2_scheduler,warehouse_single_dock,wear_medium,closest,40,attack_rate,pibt,rhcr_pbs,30,30,0.5791666666666668,0.46666666666666673,0.1125000000000001,3.677288548398772,0.0006680977365891901,0.4866666666666667,0.002183689824222075,True
E2_scheduler,warehouse_single_dock,wear_medium,random,40,attack_rate,pibt,rhcr_pbs,30,30,0.5775,0.46666666666666673,0.11083333333333328,4.82212032056652,1.5023113210428059e-05,0.6833333333333333,6.670640205385037e-05,True
E2_scheduler,warehouse_single_dock,wear_medium,closest,40,attack_rate,pibt,token_passing,30,30,0.5791666666666668,0.35,0.22916666666666685,9.240424177069086,2.6101864701239563e-12,0.92,2.948466636652021e-11,True
E2_scheduler,warehouse_single_dock,wear_medium,random,40,attack_rate,pibt,token_passing,30,30,0.5775,0.33749999999999997,0.24000000000000005,9.458633318482901,3.657498448903594e-12,0.9611111111111111,4.00340140298595e-11,True
E2_scheduler,warehouse_single_dock,wear_medium,closest,40,attack_rate,rhcr_pbs,token_passing,30,30,0.46666666666666673,0.35,0.11666666666666675,3.3676077745047808,0.0014019599992788952,0.5322222222222223,0.004257134449423226,True
E2_scheduler,warehouse_single_dock,wear_medium,random,40,attack_rate,rhcr_pbs,token_passing,30,30,0.46666666666666673,0.33749999999999997,0.12916666666666676,4.323944733050451,6.22275090518873e-05,0.6111111111111112,0.0002503283270121506,True
E2_scheduler,warehouse_single_dock,wear_medium,closest,40,critical_time,pibt,rhcr_pbs,30,29,0.25999333333333335,0.19614482758620688,0.06384850574712647,7.965941051604905,1.2856090191535288e-09,0.8091954022988506,9.261632321657053e-09,True
E2_scheduler,warehouse_single_dock,wear_medium,random,40,critical_time,pibt,rhcr_pbs,30,30,0.2594,0.17925,0.08015000000000003,6.9160720378609515,5.4775821083088955e-08,0.8111111111111111,3.1186878777952256e-07,True
E2_scheduler,warehouse_single_dock,wear_medium,closest,40,critical_time,pibt,token_passing,30,30,0.25999333333333335,0.21971999999999997,0.04027333333333338,3.717302915931609,0.0007159112492847571,0.43555555555555553,0.0023185015687845804,True
E2_scheduler,warehouse_single_dock,wear_medium,random,40,critical_time,pibt,token_passing,30,30,0.2594,0.22746666666666665,0.03193333333333337,2.962560383670671,0.0054411137082352855,0.3788888888888889,0.014689966646325475,True
E2_scheduler,warehouse_single_dock,wear_medium,closest,40,critical_time,rhcr_pbs,token_passing,29,30,0.19614482758620688,0.21971999999999997,-0.02357517241379309,-1.8531595878291216,0.06953973930500185,-0.3471264367816092,0.143134273904756,False
E2_scheduler,warehouse_single_dock,wear_medium,random,40,critical_time,rhcr_pbs,token_passing,30,30,0.17925,0.22746666666666665,-0.04821666666666666,-3.193669857059251,0.0022776660913850426,-0.5355555555555556,0.006644761407098513,True
E2_scheduler,warehouse_single_dock,wear_medium,closest,40,fault_tolerance,pibt,rhcr_pbs,30,30,0.6496566666666669,0.6321033333333335,0.01755333333333342,0.636062840960905,0.5275230023286123,0.13,0.6734742127377943,False
E2_scheduler,warehouse_single_dock,wear_medium,random,40,fault_tolerance,pibt,rhcr_pbs,30,30,0.6447799999999998,0.7013799999999999,-0.056600000000000095,-1.0058494697117515,0.3219484542566761,0.09111111111111111,0.48984647544979576,False
E2_scheduler,warehouse_single_dock,wear_medium,closest,40,fault_tolerance,pibt,token_passing,30,30,0.6496566666666669,0.7399733333333334,-0.09031666666666649,-2.315676074232078,0.025776140767373543,-0.3233333333333333,0.05918034270492917,False
E2_scheduler,warehouse_single_dock,wear_medium,random,40,fault_tolerance,pibt,token_passing,30,30,0.6447799999999998,0.6746633333333334,-0.029883333333333595,-0.8032532335752246,0.42693252631368206,-0.016666666666666666,0.5802008923531464,False
E2_scheduler,warehouse_single_dock,wear_medium,closest,40,fault_tolerance,rhcr_pbs,token_passing,30,30,0.6321033333333335,0.7399733333333334,-0.10786999999999991,-2.557579893730726,0.013681729558298404,-0.38222222222222224,0.03383292843488152,True
E2_scheduler,warehouse_single_dock,wear_medium,random,40,fault_tolerance,rhcr_pbs,token_passing,30,30,0.7013799999999999,0.6746633333333334,0.0267166666666665,0.4121626456296738,0.6820122104028018,-0.06555555555555556,0.8085652737940858,False
E2_scheduler,warehouse_single_dock,wear_medium,closest,40,itae,pibt,rhcr_pbs,30,29,23136.90278333333,19365.197137931034,3771.705645402297,2.441377637904328,0.017910638140491777,0.3425287356321839,0.04315669121906893,True
E2_scheduler,warehouse_single_dock,wear_medium,random,40,itae,pibt,rhcr_pbs,30,30,22958.887773333336,17001.891666666666,5956.996106666669,3.268772211056388,0.0018300005053341409,0.44,0.005428488893974384,True
E2_scheduler,warehouse_single_dock,wear_medium,closest,40,itae,pibt,token_passing,30,30,23136.90278333333,16576.388886666668,6560.513896666664,3.564254203224253,0.0007461045540795971,0.48,0.0024052502976264637,True
E2_scheduler,warehouse_single_dock,wear_medium,random,40,itae,pibt,token_passing,30,30,22958.887773333336,18160.794443333336,4798.09333,2.4465754887729667,0.017649686350059236,0.38,0.04267355672308843,True
E2_scheduler,warehouse_single_dock,wear_medium,closest,40,itae,rhcr_pbs,token_passing,29,30,19365.197137931034,16576.388886666668,2788.808251264367,1.6578505402984065,0.10346212570788277,0.26436781609195403,0.19768406156905338,False
E2_scheduler,warehouse_single_dock,wear_medium,random,40,itae,rhcr_pbs,token_passing,30,30,17001.891666666666,18160.794443333336,-1158.9027766666695,-0.56364905237505,0.5751993166722089,-0.08444444444444445,0.7130653513091826,False
E2_scheduler,warehouse_single_dock,wear_medium,closest,40,rapidity,pibt,rhcr_pbs,30,29,1.6666666666666667,0.034482758620689655,1.632183908045977,0.9791008094060368,0.3356211383696367,0.0,0.4910850231895617,False
E2_scheduler,warehouse_single_dock,wear_medium,random,40,rapidity,pibt,rhcr_pbs,30,30,1.5,0.6666666666666666,0.8333333333333334,0.7430818270389555,0.46191998101290677,0.03333333333333333,0.6141534964126406,False
E2_scheduler,warehouse_single_dock,wear_medium,closest,40,rapidity,pibt,token_passing,30,30,1.6666666666666667,2.7,-1.0333333333333334,-0.4242623941354725,0.6729503261920539,-0.06333333333333334,0.7998365829824748,False
E2_scheduler,warehouse_single_dock,wear_medium,random,40,rapidity,pibt,token_passing,30,30,1.5,4.9,-3.4000000000000004,-0.9510037823779822,0.3482616425211552,-0.06888888888888889,0.5069540610720321,False
E2_scheduler,warehouse_single_dock,wear_medium,closest,40,rapidity,rhcr_pbs,token_passing,29,30,0.034482758620689655,2.7,-2.6655172413793107,-1.5005258785236746,0.1442800500341395,-0.06896551724137931,0.263208566728947,False
E2_scheduler,warehouse_single_dock,wear_medium,random,40,rapidity,rhcr_pbs,token_passing,30,30,0.6666666666666666,4.9,-4.233333333333333,-1.2275160324138734,0.22920097398126765,-0.10333333333333333,0.37960957338302076,False
E2_scheduler,warehouse_single_dock,zone_50t,closest,40,attack_rate,pibt,rhcr_pbs,30,30,0.25083333333333335,0.23249999999999998,0.018333333333333368,0.4485642619210071,0.6554186964966674,0.06444444444444444,0.7869482988548422,False
E2_scheduler,warehouse_single_dock,zone_50t,random,40,attack_rate,pibt,rhcr_pbs,30,30,0.235,0.22583333333333336,0.009166666666666629,0.18212922472060655,0.8561168183421364,0.04111111111111111,0.9392672474740456,False
E2_scheduler,warehouse_single_dock,zone_50t,closest,40,attack_rate,pibt,token_passing,30,30,0.25083333333333335,0.2375,0.013333333333333364,0.3775071040676334,0.707369276657808,0.07666666666666666,0.8234174926964756,False
E2_scheduler,warehouse_single_dock,zone_50t,random,40,attack_rate,pibt,token_passing,30,30,0.235,0.24583333333333338,-0.01083333333333339,-0.26191995578992594,0.7945607763357238,-0.10888888888888888,0.8851174889066105,False
E2_scheduler,warehouse_single_dock,zone_50t,closest,40,attack_rate,rhcr_pbs,token_passing,30,30,0.23249999999999998,0.2375,-0.0050000000000000044,-0.14427711900308765,0.8858436833755123,-0.023333333333333334,0.9614736390770278,False
E2_scheduler,warehouse_single_dock,zone_50t,random,40,attack_rate,rhcr_pbs,token_passing,30,30,0.22583333333333336,0.24583333333333338,-0.020000000000000018,-0.4931897801507342,0.6242048752835798,-0.16777777777777778,0.7628569743786847,False
E2_scheduler,warehouse_single_dock,zone_50t,closest,40,cascade_depth_avg,pibt,rhcr_pbs,30,30,0.208,0.043666666666666666,0.16433333333333333,3.718484906810504,0.000639167907514379,0.5444444444444444,0.0020988490358379145,True
E2_scheduler,warehouse_single_dock,zone_50t,random,40,cascade_depth_avg,pibt,rhcr_pbs,30,30,0.16533333333333336,0.11233333333333334,0.05300000000000002,1.0242053723504059,0.3103929363540501,0.27555555555555555,0.4758684322822136,False
E2_scheduler,warehouse_single_dock,zone_50t,closest,40,cascade_depth_avg,pibt,token_passing,30,30,0.208,0.02033333333333333,0.18766666666666665,4.528410527825454,8.547401545358768e-05,0.6244444444444445,0.00033806529361475016,True
E2_scheduler,warehouse_single_dock,zone_50t,random,40,cascade_depth_avg,pibt,token_passing,30,30,0.16533333333333336,0.032,0.13333333333333336,4.186576689278219,0.00018549718547149693,0.47444444444444445,0.0006966011326748767,True
E2_scheduler,warehouse_single_dock,zone_50t,closest,40,cascade_depth_avg,rhcr_pbs,token_passing,30,30,0.043666666666666666,0.02033333333333333,0.023333333333333334,1.3062668200315726,0.19941091999685875,0.03777777777777778,0.33964803261226123,False
E2_scheduler,warehouse_single_dock,zone_50t,random,40,cascade_depth_avg,rhcr_pbs,token_passing,30,30,0.11233333333333334,0.032,0.08033333333333334,1.873121804833098,0.07023878378901212,0.11666666666666667,0.14436268225631022,False
E2_scheduler,warehouse_single_dock,zone_50t,closest,40,critical_time,pibt,rhcr_pbs,28,30,0.2136642857142857,0.1753966666666667,0.038267619047618995,2.8466565725300477,0.007337667179518471,0.40714285714285714,0.01925796664959123,True
E2_scheduler,warehouse_single_dock,zone_50t,random,40,critical_time,pibt,rhcr_pbs,25,27,0.21596000000000004,0.17235185185185187,0.043608148148148174,2.8342714390671913,0.007902994715037859,0.42962962962962964,0.020591288043274085,True
E2_scheduler,warehouse_single_dock,zone_50t,closest,40,critical_time,pibt,token_passing,28,30,0.2136642857142857,0.19526000000000004,0.01840428571428565,1.7758786800798798,0.0834301587242043,0.22142857142857142,0.1666243056839837,False
E2_scheduler,warehouse_single_dock,zone_50t,random,40,critical_time,pibt,token_passing,25,30,0.21596000000000004,0.1976766666666667,0.018283333333333346,1.7292617903928147,0.09086242931750678,0.23733333333333334,0.179186801950167,False
E2_scheduler,warehouse_single_dock,zone_50t,closest,40,critical_time,rhcr_pbs,token_passing,30,30,0.1753966666666667,0.19526000000000004,-0.019863333333333344,-1.2475512668132445,0.217626335020061,-0.18444444444444444,0.3649505760668957,False
E2_scheduler,warehouse_single_dock,zone_50t,random,40,critical_time,rhcr_pbs,token_passing,27,30,0.17235185185185187,0.1976766666666667,-0.025324814814814828,-1.4634530998558044,0.15029975424827374,-0.24320987654320989,0.27208109358790067,False
E2_scheduler,warehouse_single_dock,zone_50t,closest,40,fault_tolerance,pibt,rhcr_pbs,30,30,0.9549366666666665,0.90919,0.04574666666666649,1.1020920977029651,0.27906885649244717,0.035555555555555556,0.4422505335211396,False
E2_scheduler,warehouse_single_dock,zone_50t,random,40,fault_tolerance,pibt,rhcr_pbs,30,30,0.95725,1.0275866666666666,-0.0703366666666666,-1.3726605907495646,0.17999071558581953,-0.13111111111111112,0.31453823070195197,False
E2_scheduler,warehouse_single_dock,zone_50t,closest,40,fault_tolerance,pibt,token_passing,30,30,0.9549366666666665,0.9936000000000001,-0.038663333333333605,-0.6855731589091341,0.49828950348633455,-0.04666666666666667,0.6490634491906867,False
E2_scheduler,warehouse_single_dock,zone_50t,random,40,fault_tolerance,pibt,token_passing,30,30,0.95725,0.9702599999999999,-0.013009999999999855,-0.26251864824953036,0.7947037931483641,-0.1411111111111111,0.8851174889066105,False
E2_scheduler,warehouse_single_dock,zone_50t,closest,40,fault_tolerance,rhcr_pbs,token_passing,30,30,0.90919,0.9936000000000001,-0.0844100000000001,-1.2155952258791982,0.22951163685101691,-0.07444444444444444,0.37960957338302076,False
E2_scheduler,warehouse_single_dock,zone_50t,random,40,fault_tolerance,rhcr_pbs,token_passing,30,30,1.0275866666666666,0.9702599999999999,0.05732666666666675,0.8122215514245528,0.41998956397904375,-0.011111111111111112,0.5735254007141294,False
E2_scheduler,warehouse_single_dock,zone_50t,closest,40,itae,pibt,rhcr_pbs,28,30,20873.130946428573,19039.782776666667,1833.3481697619063,1.9057499358722771,0.06510906909930858,0.3404761904761905,0.1364006017332696,False
E2_scheduler,warehouse_single_dock,zone_50t,random,40,itae,pibt,rhcr_pbs,25,27,20791.559992,17696.966044444445,3094.5939475555533,2.48333216935575,0.019078006938416586,0.3540740740740741,0.045503624657169284,True
E2_scheduler,warehouse_single_dock,zone_50t,closest,40,itae,pibt,token_passing,28,30,20873.130946428573,17639.736113333332,3233.3948330952408,3.214265556298849,0.002876982576839565,0.4166666666666667,0.00817364064083997,True
E2_scheduler,warehouse_single_dock,zone_50t,random,40,itae,pibt,token_passing,25,30,20791.559992,17855.572223333333,2935.987768666666,2.785268079563917,0.008735945636010559,0.384,0.022674917716997995,True
E2_scheduler,warehouse_single_dock,zone_50t,closest,40,itae,rhcr_pbs,token_passing,30,30,19039.782776666667,17639.736113333332,1400.0466633333344,1.0486233147360708,0.2987117847772484,0.09777777777777778,0.4645165639928136,False
E2_scheduler,warehouse_single_dock,zone_50t,random,40,itae,rhcr_pbs,token_passing,27,30,17696.966044444445,17855.572223333333,-158.60617888888737,-0.10027093289737063,0.9205133309607442,-0.0049382716049382715,0.9876632396022574,False
E2_scheduler,warehouse_single_dock,zone_50t,closest,40,rapidity,pibt,rhcr_pbs,28,30,6.035714285714286,7.966666666666667,-1.9309523809523812,-0.3807361615077419,0.7048508698476008,-0.02857142857142857,0.8232005196235007,False
E2_scheduler,warehouse_single_dock,zone_50t,random,40,rapidity,pibt,rhcr_pbs,25,27,9.32,4.962962962962963,4.3570370370370375,0.781952364831143,0.4381943907615608,0.07703703703703704,0.5881468438738819,False
E2_scheduler,warehouse_single_dock,zone_50t,closest,40,rapidity,pibt,token_passing,28,30,6.035714285714286,7.666666666666667,-1.6309523809523814,-0.32977817707918505,0.7428003343239598,-0.030952380952380953,0.8472003813129493,False
E2_scheduler,warehouse_single_dock,zone_50t,random,40,rapidity,pibt,token_passing,25,30,9.32,4.266666666666667,5.053333333333334,0.9574883353849395,0.3436045643708069,0.08266666666666667,0.5006910679995659,False
E2_scheduler,warehouse_single_dock,zone_50t,closest,40,rapidity,rhcr_pbs,token_passing,30,30,7.966666666666667,7.666666666666667,0.2999999999999998,0.057042727126510644,0.9547076305620265,-0.0022222222222222222,1.0,False
E2_scheduler,warehouse_single_dock,zone_50t,random,40,rapidity,rhcr_pbs,token_passing,27,30,4.962962962962963,4.266666666666667,0.6962962962962962,0.15278408733117857,0.8791519553807121,0.007407407407407408,0.9593219173087831,False
aux_SDw1,warehouse_single_dock,burst_20pct,closest,20,attack_rate,pibt,rhcr_pbs,30,30,0.20000000000000007,0.20000000000000007,0.0,0.0,1.0,0.0,1.0,False
aux_SDw1,warehouse_single_dock,burst_20pct,closest,20,attack_rate,pibt,token_passing,30,30,0.20000000000000007,0.20000000000000007,0.0,0.0,1.0,0.0,1.0,False
aux_SDw1,warehouse_single_dock,burst_20pct,closest,20,attack_rate,rhcr_pbs,token_passing,30,30,0.20000000000000007,0.20000000000000007,0.0,0.0,1.0,0.0,1.0,False
aux_SDw1,warehouse_single_dock,burst_20pct,closest,20,critical_time,pibt,rhcr_pbs,30,30,0.16998666666666665,0.15386666666666665,0.016119999999999995,3.850565091580368,0.000309776199612811,0.52,0.0011101624209474343,True
aux_SDw1,warehouse_single_dock,burst_20pct,closest,20,critical_time,pibt,token_passing,30,30,0.16998666666666665,0.16134666666666667,0.008639999999999981,1.3741079583067877,0.1769896762110026,0.10666666666666667,0.310446487962653,False
aux_SDw1,warehouse_single_dock,burst_20pct,closest,20,critical_time,rhcr_pbs,token_passing,30,30,0.15386666666666665,0.16134666666666667,-0.007480000000000014,-1.1321327252197433,0.2634150600555353,-0.38555555555555554,0.42362421958817287,False
aux_SDw1,warehouse_single_dock,burst_20pct,closest,20,fault_tolerance,pibt,rhcr_pbs,30,30,0.74768,0.7142199999999999,0.033460000000000156,0.9050452722842214,0.36919478573757747,0.15333333333333332,0.5260373738258924,False
aux_SDw1,warehouse_single_dock,burst_20pct,closest,20,fault_tolerance,pibt,token_passing,30,30,0.74768,0.6974066666666666,0.05027333333333339,1.1686645470644859,0.24756029561397908,0.21888888888888888,0.4027132919434775,False
aux_SDw1,warehouse_single_dock,burst_20pct,closest,20,fault_tolerance,rhcr_pbs,token_passing,30,30,0.7142199999999999,0.6974066666666666,0.016813333333333236,0.3981978121641772,0.6920537299799734,0.02666666666666667,0.8149957187086926,False
aux_SDw1,warehouse_single_dock,burst_20pct,closest,20,itae,pibt,rhcr_pbs,30,30,15129.777776666666,13602.719446666666,1527.0583299999998,4.369893502552475,5.220369607414021e-05,0.5755555555555556,0.00021242541457258207,True
aux_SDw1,warehouse_single_dock,burst_20pct,closest,20,itae,pibt,token_passing,30,30,15129.777776666666,14116.238886666666,1013.5388899999998,1.6335392443825747,0.11037072375430178,0.1922222222222222,0.20790216386169644,False
aux_SDw1,warehouse_single_dock,burst_20pct,closest,20,itae,rhcr_pbs,token_passing,30,30,13602.719446666666,14116.238886666666,-513.51944,-0.8232351151034529,0.415276796706713,-0.41444444444444445,0.5699836289627561,False
aux_SDw1,warehouse_single_dock,burst_50pct,closest,20,critical_time,pibt,rhcr_pbs,30,30,0.1905166666666667,0.1781333333333333,0.012383333333333385,3.4946060726224952,0.0009598691534572779,0.45666666666666667,0.0030118560992926143,True
aux_SDw1,warehouse_single_dock,burst_50pct,closest,20,critical_time,pibt,token_passing,30,30,0.1905166666666667,0.18296,0.007556666666666684,1.1179268428444051,0.27115690469519665,0.04111111111111111,0.43262547958148895,False
aux_SDw1,warehouse_single_dock,burst_50pct,closest,20,critical_time,rhcr_pbs,token_passing,30,30,0.1781333333333333,0.18296,-0.004826666666666701,-0.6877933644862366,0.49555953391826707,-0.4111111111111111,0.6472988546647485,False
aux_SDw1,warehouse_single_dock,burst_50pct,closest,20,fault_tolerance,pibt,rhcr_pbs,30,30,0.4337333333333333,0.37052333333333337,0.06320999999999993,2.1393219196305164,0.03665771635290808,0.35777777777777775,0.08151290628394678,False
aux_SDw1,warehouse_single_dock,burst_50pct,closest,20,fault_tolerance,pibt,token_passing,30,30,0.4337333333333333,0.39225999999999994,0.04147333333333336,1.3072764250342341,0.19629803542230273,0.20222222222222222,0.33596706183792907,False
aux_SDw1,warehouse_single_dock,burst_50pct,closest,20,fault_tolerance,rhcr_pbs,token_passing,30,30,0.37052333333333337,0.39225999999999994,-0.02173666666666657,-0.7103710361061941,0.4803783988021699,-0.13777777777777778,0.6339199057090318,False
aux_SDw1,warehouse_single_dock,burst_50pct,closest,20,itae,pibt,rhcr_pbs,30,30,16096.466666666667,14871.991673333334,1224.4749933333333,3.864773293226419,0.0002925813021809611,0.5088888888888888,0.0010565851628632152,True
aux_SDw1,warehouse_single_dock,burst_50pct,closest,20,itae,pibt,token_passing,30,30,16096.466666666667,15302.555553333334,793.9111133333336,1.2200481386343929,0.2306052563536577,0.051111111111111114,0.3799470501416157,False
aux_SDw1,warehouse_single_dock,burst_50pct,closest,20,itae,rhcr_pbs,token_passing,30,30,14871.991673333334,15302.555553333334,-430.5638799999997,-0.6463782008640547,0.5219290341700874,-0.43222222222222223,0.6678953338866178,False
aux_SDw1,warehouse_single_dock,intermittent_80s80m15r,closest,20,attack_rate,pibt,rhcr_pbs,30,30,0.9983333333333333,0.9966666666666666,0.0016666666666667052,0.5841031335203146,0.5616437193483254,0.03333333333333333,0.7024277517447612,False
aux_SDw1,warehouse_single_dock,intermittent_80s80m15r,closest,20,attack_rate,pibt,token_passing,30,30,0.9983333333333333,0.9949999999999999,0.0033333333333334103,1.0269106361049638,0.3096740058163917,0.06666666666666667,0.47528227849218313,False
aux_SDw1,warehouse_single_dock,intermittent_80s80m15r,closest,20,attack_rate,rhcr_pbs,token_passing,30,30,0.9966666666666666,0.9949999999999999,0.0016666666666667052,0.46008567910422693,0.6472320357083123,0.03333333333333333,0.7824414678254598,False
aux_SDw1,warehouse_single_dock,intermittent_80s80m15r,closest,20,cascade_depth_avg,pibt,rhcr_pbs,30,30,0.1406666666666667,0.10599999999999997,0.03466666666666672,3.3261397170905576,0.0016005023259857355,0.48,0.004777820897022956,True
aux_SDw1,warehouse_single_dock,intermittent_80s80m15r,closest,20,cascade_depth_avg,pibt,token_passing,30,30,0.1406666666666667,0.027000000000000007,0.11366666666666668,12.240914635479083,2.543506833386525e-15,0.9844444444444445,4.327026082821414e-14,True
aux_SDw1,warehouse_single_dock,intermittent_80s80m15r,closest,20,cascade_depth_avg,rhcr_pbs,token_passing,30,30,0.10599999999999997,0.027000000000000007,0.07899999999999996,10.776951043629701,1.422114114283966e-14,0.9588888888888889,2.1361969461371916e-13,True
aux_SDw1,warehouse_single_dock,intermittent_80s80m15r,closest,20,critical_time,pibt,rhcr_pbs,30,30,0.16752666666666666,0.16028000000000003,0.0072466666666666235,1.6943940601935905,0.09757512679479045,0.2511111111111111,0.1884761683094995,False
aux_SDw1,warehouse_single_dock,intermittent_80s80m15r,closest,20,critical_time,pibt,token_passing,30,30,0.16752666666666666,0.16079333333333334,0.006733333333333313,1.1615059153343876,0.25314131221487546,0.06,0.40871779725490887,False
aux_SDw1,warehouse_single_dock,intermittent_80s80m15r,closest,20,critical_time,rhcr_pbs,token_passing,30,30,0.16028000000000003,0.16079333333333334,-0.0005133333333333101,-0.0766576880938795,0.9391903841803614,-0.1688888888888889,0.9993495271007312,False
aux_SDw1,warehouse_single_dock,intermittent_80s80m15r,closest,20,fault_tolerance,pibt,rhcr_pbs,30,30,0.7629633333333334,0.7823533333333333,-0.019389999999999907,-1.446810332567644,0.15357624094093897,-0.20333333333333334,0.2748411308093863,False
aux_SDw1,warehouse_single_dock,intermittent_80s80m15r,closest,20,fault_tolerance,pibt,token_passing,30,30,0.7629633333333334,0.7915499999999999,-0.028586666666666427,-1.4561644303103982,0.15288937959354565,-0.2877777777777778,0.2748411308093863,False
aux_SDw1,warehouse_single_dock,intermittent_80s80m15r,closest,20,fault_tolerance,rhcr_pbs,token_passing,30,30,0.7823533333333333,0.7915499999999999,-0.00919666666666652,-0.4468215803867913,0.6570592889476036,-0.06444444444444444,0.7875787062767541,False
aux_SDw1,warehouse_single_dock,intermittent_80s80m15r,closest,20,itae,pibt,rhcr_pbs,30,30,15890.95278,14986.01389,904.9388899999994,2.3403405770380625,0.0233229032950845,0.37555555555555553,0.05470421835989919,False
aux_SDw1,warehouse_single_dock,intermittent_80s80m15r,closest,20,itae,pibt,token_passing,30,30,15890.95278,15014.902776666666,876.0500033333337,1.3849956949563946,0.17455534341466145,0.08444444444444445,0.30770554919038945,False
aux_SDw1,warehouse_single_dock,intermittent_80s80m15r,closest,20,itae,rhcr_pbs,token_passing,30,30,14986.01389,15014.902776666666,-28.888886666665712,-0.04253823359085124,0.966258738968397,-0.2511111111111111,1.0,False
aux_SDw1,warehouse_single_dock,wear_high,closest,20,attack_rate,pibt,rhcr_pbs,30,30,0.965,0.945,0.020000000000000018,1.2950322133966177,0.20203454569891047,0.07666666666666666,0.34205369127921054,False
aux_SDw1,warehouse_single_dock,wear_high,closest,20,attack_rate,pibt,token_passing,30,30,0.965,0.9616666666666666,0.0033333333333334103,0.27356664576922163,0.7854719449496167,-0.023333333333333334,0.8782510452678919,False
aux_SDw1,warehouse_single_dock,wear_high,closest,20,attack_rate,rhcr_pbs,token_passing,30,30,0.945,0.9616666666666666,-0.016666666666666607,-0.9928363396253957,0.3253328201893996,-0.09,0.48984647544979576,False
aux_SDw1,warehouse_single_dock,wear_high,closest,20,critical_time,pibt,rhcr_pbs,30,30,0.20138,0.17978666666666665,0.021593333333333353,7.522634067877941,4.2848410702287183e-10,0.8444444444444444,3.379997536962542e-09,True
aux_SDw1,warehouse_single_dock,wear_high,closest,20,critical_time,pibt,token_passing,30,30,0.20138,0.19115666666666664,0.010223333333333362,1.4967938153975906,0.14373427765879948,0.12111111111111111,0.26289222804951407,False
aux_SDw1,warehouse_single_dock,wear_high,closest,20,critical_time,rhcr_pbs,token_passing,30,30,0.17978666666666665,0.19115666666666664,-0.011369999999999991,-1.6454457200235248,0.1087768492220982,-0.6244444444444445,0.20650722408998567,False
aux_SDw1,warehouse_single_dock,wear_high,closest,20,fault_tolerance,pibt,rhcr_pbs,30,30,0.16993666666666668,0.1774633333333333,-0.007526666666666626,-0.6108105490680159,0.5437440091050397,-0.07444444444444444,0.6892572510755592,False
aux_SDw1,warehouse_single_dock,wear_high,closest,20,fault_tolerance,pibt,token_passing,30,30,0.16993666666666668,0.2148466666666667,-0.04491000000000003,-1.7969873194880372,0.08076127604838045,-0.21555555555555556,0.16244290851896465,False
aux_SDw1,warehouse_single_dock,wear_high,closest,20,fault_tolerance,rhcr_pbs,token_passing,30,30,0.1774633333333333,0.2148466666666667,-0.03738333333333341,-1.4749661017335542,0.14854156037093022,-0.15222222222222223,0.26924349581996593,False
aux_SDw1,warehouse_single_dock,wear_high,closest,20,itae,pibt,rhcr_pbs,30,30,21142.05,18847.944443333334,2294.1055566666655,3.808266720883561,0.00034275725976450414,0.5133333333333333,0.0012160131929333665,True
aux_SDw1,warehouse_single_dock,wear_high,closest,20,itae,pibt,token_passing,30,30,21142.05,19283.9,1858.1499999999978,2.1508260438020543,0.03701650220996463,0.2822222222222222,0.08205227805411312,False
aux_SDw1,warehouse_single_dock,wear_high,closest,20,itae,rhcr_pbs,token_passing,30,30,18847.944443333334,19283.9,-435.9555566666677,-0.49267246610337095,0.6245486277491215,-0.24888888888888888,0.7628569743786847,False
aux_SDw1,warehouse_single_dock,wear_medium,closest,20,attack_rate,pibt,rhcr_pbs,30,30,0.5950000000000001,0.52,0.07500000000000007,3.0984341629108565,0.0030319876201052136,0.4311111111111111,0.008545242554068985,True
aux_SDw1,warehouse_single_dock,wear_medium,closest,20,attack_rate,pibt,token_passing,30,30,0.5950000000000001,0.49500000000000005,0.10000000000000003,3.662727727045411,0.0005870064105913499,0.4866666666666667,0.0019734596470356814,True
aux_SDw1,warehouse_single_dock,wear_medium,closest,20,attack_rate,rhcr_pbs,token_passing,30,30,0.52,0.49500000000000005,0.024999999999999967,0.8602602136854192,0.3933135235802808,0.11222222222222222,0.5460754132697704,False
aux_SDw1,warehouse_single_dock,wear_medium,closest,20,critical_time,pibt,rhcr_pbs,30,30,0.16562333333333334,0.15701,0.008613333333333334,1.9977577730538882,0.05081946700682958,0.3377777777777778,0.10921931113187726,False
aux_SDw1,warehouse_single_dock,wear_medium,closest,20,critical_time,pibt,token_passing,30,30,0.16562333333333334,0.15965666666666667,0.005966666666666676,0.8797762756413375,0.38443197233136644,0.0,0.5379761594964216,False
aux_SDw1,warehouse_single_dock,wear_medium,closest,20,critical_time,rhcr_pbs,token_passing,30,30,0.15701,0.15965666666666667,-0.0026466666666666583,-0.369669934947855,0.7133584299514614,-0.25,0.825624674665134,False
aux_SDw1,warehouse_single_dock,wear_medium,closest,20,fault_tolerance,pibt,rhcr_pbs,30,30,0.6485299999999999,0.6499466666666667,-0.0014166666666667327,-0.05643481634101042,0.955190700185811,-0.014444444444444444,1.0,False
aux_SDw1,warehouse_single_dock,wear_medium,closest,20,fault_tolerance,pibt,token_passing,30,30,0.6485299999999999,0.6714366666666667,-0.022906666666666742,-0.7289896253781947,0.46922109676794854,-0.11222222222222222,0.6226881472146084,False
aux_SDw1,warehouse_single_dock,wear_medium,closest,20,fault_tolerance,rhcr_pbs,token_passing,30,30,0.6499466666666667,0.6714366666666667,-0.02149000000000001,-0.7026052946280377,0.4855204615997648,-0.07555555555555556,0.6359507344887457,False
aux_SDw1,warehouse_single_dock,wear_medium,closest,20,itae,pibt,rhcr_pbs,30,30,12837.783336666667,11788.427776666667,1049.35556,0.9324465058599,0.35497560803397094,0.12666666666666668,0.5134716244348752,False
aux_SDw1,warehouse_single_dock,wear_medium,closest,20,itae,pibt,token_passing,30,30,12837.783336666667,11032.872223333334,1804.9111133333336,1.6128408990135183,0.11221038353720852,0.22666666666666666,0.2106929010033756,False
aux_SDw1,warehouse_single_dock,wear_medium,closest,20,itae,rhcr_pbs,token_passing,30,30,11788.427776666667,11032.872223333334,755.5555533333336,0.6639810356044199,0.5093337408681397,0.08222222222222222,0.6589635225520265,False
aux_SDw1,warehouse_single_dock,zone_50t,closest,20,attack_rate,pibt,rhcr_pbs,30,30,0.24333333333333332,0.225,0.018333333333333313,0.4526115990760631,0.6525169381715191,0.08222222222222222,0.7862922821197049,False
aux_SDw1,warehouse_single_dock,zone_50t,closest,20,attack_rate,pibt,token_passing,30,30,0.24333333333333332,0.22833333333333336,0.014999999999999958,0.40522625626884046,0.6868599597951788,0.06333333333333334,0.8113175043434311,False
aux_SDw1,warehouse_single_dock,zone_50t,closest,20,attack_rate,rhcr_pbs,token_passing,30,30,0.225,0.22833333333333336,-0.003333333333333355,-0.09004713182523459,0.928572068054329,-0.04111111111111111,0.9940437908208586,False
aux_SDw1,warehouse_single_dock,zone_50t,closest,20,cascade_depth_avg,pibt,rhcr_pbs,30,30,0.06400000000000002,0.04633333333333334,0.017666666666666678,0.5867880564357145,0.5597483666064814,0.1688888888888889,0.7024277517447612,False
aux_SDw1,warehouse_single_dock,zone_50t,closest,20,cascade_depth_avg,pibt,token_passing,30,30,0.06400000000000002,0.029,0.03500000000000002,1.6071940717037971,0.11460138784333541,0.16444444444444445,0.21432736375468825,False
aux_SDw1,warehouse_single_dock,zone_50t,closest,20,cascade_depth_avg,rhcr_pbs,token_passing,30,30,0.04633333333333334,0.029,0.017333333333333336,0.6612655051142898,0.5120919317830662,-0.021111111111111112,0.6603413768746023,False
aux_SDw1,warehouse_single_dock,zone_50t,closest,20,critical_time,pibt,rhcr_pbs,28,27,0.14963214285714285,0.15018148148148147,-0.0005493386243386189,-0.11017970014445355,0.9127107634115579,0.01984126984126984,0.9822771325740242,False
aux_SDw1,warehouse_single_dock,zone_50t,closest,20,critical_time,pibt,token_passing,28,29,0.14963214285714285,0.14300689655172413,0.006625246305418719,1.04206027246034,0.30314146228477346,0.08620689655172414,0.4703125777568457,False
aux_SDw1,warehouse_single_dock,zone_50t,closest,20,critical_time,rhcr_pbs,token_passing,27,29,0.15018148148148147,0.14300689655172413,0.007174584929757338,1.053496144093177,0.29722131112251887,0.05363984674329502,0.46337235187215464,False
aux_SDw1,warehouse_single_dock,zone_50t,closest,20,fault_tolerance,pibt,rhcr_pbs,30,30,0.9708733333333334,0.9705066666666667,0.0003666666666666263,0.02884682115620487,0.9770904788460574,-0.01,1.0,False
aux_SDw1,warehouse_single_dock,zone_50t,closest,20,fault_tolerance,pibt,token_passing,30,30,0.9708733333333334,0.98625,-0.015376666666666594,-1.0317026679847983,0.3072863234817873,-0.12333333333333334,0.4747136638471375,False
aux_SDw1,warehouse_single_dock,zone_50t,closest,20,fault_tolerance,rhcr_pbs,token_passing,30,30,0.9705066666666667,0.98625,-0.01574333333333322,-0.9814093848992815,0.3306918723742961,-0.06333333333333334,0.49003774157567986,False
aux_SDw1,warehouse_single_dock,zone_50t,closest,20,itae,pibt,rhcr_pbs,28,27,13987.458332142856,13680.583337037036,306.87499510581983,0.9298638524114753,0.3576111823126523,0.17195767195767195,0.5147267985988431,False
aux_SDw1,warehouse_single_dock,zone_50t,closest,20,itae,pibt,token_passing,28,29,13987.458332142856,13111.045979310346,876.4123528325108,1.5226784970804783,0.13724794599755905,0.10098522167487685,0.2523360673809289,False
aux_SDw1,warehouse_single_dock,zone_50t,closest,20,itae,rhcr_pbs,token_passing,27,29,13680.583337037036,13111.045979310346,569.537357726691,0.9225034371622662,0.3615891808842375,-0.05491698595146871,0.5188657758216904,False
aux_SDw1,warehouse_single_dock,burst_20pct,closest,40,attack_rate,pibt,rhcr_pbs,30,30,0.20000000000000007,0.20000000000000007,0.0,0.0,1.0,0.0,1.0,False
aux_SDw1,warehouse_single_dock,burst_20pct,closest,40,attack_rate,pibt,token_passing,30,30,0.20000000000000007,0.20000000000000007,0.0,0.0,1.0,0.0,1.0,False
aux_SDw1,warehouse_single_dock,burst_20pct,closest,40,attack_rate,rhcr_pbs,token_passing,30,30,0.20000000000000007,0.20000000000000007,0.0,0.0,1.0,0.0,1.0,False
aux_SDw1,warehouse_single_dock,burst_20pct,closest,40,critical_time,pibt,rhcr_pbs,30,30,0.25320333333333334,0.2130533333333333,0.04015000000000005,3.6072014436489974,0.000941818102574275,0.48333333333333334,0.0029684088411492775,True
aux_SDw1,warehouse_single_dock,burst_20pct,closest,40,critical_time,pibt,token_passing,30,30,0.25320333333333334,0.2361633333333333,0.017040000000000027,1.186425039450024,0.24397457159667674,-0.09555555555555556,0.398643862889416,False
aux_SDw1,warehouse_single_dock,burst_20pct,closest,40,critical_time,rhcr_pbs,token_passing,30,30,0.2130533333333333,0.2361633333333333,-0.02311000000000002,-1.3240816600163776,0.19104868431482158,-0.3211111111111111,0.3289765149421074,False
aux_SDw1,warehouse_single_dock,burst_20pct,closest,40,fault_tolerance,pibt,rhcr_pbs,30,30,0.7117533333333333,0.9311633333333335,-0.2194100000000001,-0.587373990658776,0.5614848430799798,0.44555555555555554,0.7024277517447612,False
aux_SDw1,warehouse_single_dock,burst_20pct,closest,40,fault_tolerance,pibt,token_passing,30,30,0.7117533333333333,0.6855133333333333,0.02624000000000004,0.37476052945155763,0.7103428042750642,0.3511111111111111,0.8253525294012666,False
aux_SDw1,warehouse_single_dock,burst_20pct,closest,40,fault_tolerance,rhcr_pbs,token_passing,30,30,0.9311633333333335,0.6855133333333333,0.24565000000000015,0.6473047968178037,0.5222071165799052,-0.06444444444444444,0.6678953338866178,False
aux_SDw1,warehouse_single_dock,burst_20pct,closest,40,itae,pibt,rhcr_pbs,30,30,22572.525,20248.78222333334,2323.7427766666624,2.5617086516011365,0.015028126583387105,0.3888888888888889,0.03696814413892437,True
aux_SDw1,warehouse_single_dock,burst_20pct,closest,40,itae,pibt,token_passing,30,30,22572.525,20038.21111,2534.3138900000013,1.7699324898348126,0.08660612347527674,-0.04666666666666667,0.17247933194230008,False
aux_SDw1,warehouse_single_dock,burst_20pct,closest,40,itae,rhcr_pbs,token_passing,30,30,20248.78222333334,20038.21111,210.57111333333887,0.12714516361238473,0.8993531169096404,-0.2288888888888889,0.9722914497286331,False
aux_SDw1,warehouse_single_dock,burst_20pct,closest,40,rapidity,pibt,rhcr_pbs,24,23,9.125,22.695652173913043,-13.570652173913043,-1.6589157067827889,0.10594885561935415,-0.19746376811594202,0.20188904741501762,False
aux_SDw1,warehouse_single_dock,burst_20pct,closest,40,rapidity,pibt,token_passing,24,24,9.125,15.0,-5.875,-0.820182802306994,0.4168346210492846,-0.06076388888888889,0.5704619770560925,False
aux_SDw1,warehouse_single_dock,burst_20pct,closest,40,rapidity,rhcr_pbs,token_passing,23,24,22.695652173913043,15.0,7.695652173913043,0.8372757843703726,0.40705109345296403,0.1503623188405797,0.5612852968316262,False
aux_SDw1,warehouse_single_dock,burst_50pct,closest,40,critical_time,pibt,rhcr_pbs,30,30,0.30499000000000004,0.25045,0.05454000000000003,5.526610632114479,2.8272542992986417e-06,0.8844444444444445,1.3218818114601595e-05,True
aux_SDw1,warehouse_single_dock,burst_50pct,closest,40,critical_time,pibt,token_passing,30,30,0.30499000000000004,0.26192666666666664,0.0430633333333334,2.8761851696659986,0.007091331434272071,0.26,0.018680895494761502,True
aux_SDw1,warehouse_single_dock,burst_50pct,closest,40,critical_time,rhcr_pbs,token_passing,30,30,0.25045,0.26192666666666664,-0.011476666666666635,-0.6642692887927268,0.5096233474694143,-0.42777777777777776,0.6589635225520265,False
aux_SDw1,warehouse_single_dock,burst_50pct,closest,40,fault_tolerance,pibt,rhcr_pbs,30,30,0.36668333333333336,0.40492,-0.03823666666666664,-0.2908083293751079,0.7731934684870854,0.42444444444444446,0.8710020105998413,False
aux_SDw1,warehouse_single_dock,burst_50pct,closest,40,fault_tolerance,pibt,token_passing,30,30,0.36668333333333336,0.36730000000000007,-0.0006166666666667098,-0.014403147142845501,0.9885788666441343,0.20222222222222222,1.0,False
aux_SDw1,warehouse_single_dock,burst_50pct,closest,40,fault_tolerance,rhcr_pbs,token_passing,30,30,0.40492,0.36730000000000007,0.03761999999999993,0.27668274649852287,0.7836919697780532,-0.15,0.8782325883544533,False
aux_SDw1,warehouse_single_dock,burst_50pct,closest,40,itae,pibt,rhcr_pbs,30,30,25638.891666666674,21883.900556666667,3754.9911100000063,4.361063685598435,9.418027867497425e-05,0.8177777777777778,0.0003683727243464366,True
aux_SDw1,warehouse_single_dock,burst_50pct,closest,40,itae,pibt,token_passing,30,30,25638.891666666674,21238.944443333334,4399.94722333334,2.940701899485623,0.006055003230275108,0.2777777777777778,0.016223272412046397,True
aux_SDw1,warehouse_single_dock,burst_50pct,closest,40,itae,rhcr_pbs,token_passing,30,30,21883.900556666667,21238.944443333334,644.9561133333336,0.387520609242002,0.7002024409837293,-0.3288888888888889,0.8198058430091424,False
aux_SDw1,warehouse_single_dock,burst_50pct,closest,40,rapidity,pibt,rhcr_pbs,20,18,69.7,47.0,22.700000000000003,0.8234824276084478,0.4158977760268873,0.07222222222222222,0.5701433589805485,False
aux_SDw1,warehouse_single_dock,burst_50pct,closest,40,rapidity,pibt,token_passing,20,23,69.7,27.782608695652176,41.91739130434783,1.716244935579416,0.09724303730549327,0.28043478260869564,0.1884761683094995,False
aux_SDw1,warehouse_single_dock,burst_50pct,closest,40,rapidity,rhcr_pbs,token_passing,18,23,47.0,27.782608695652176,19.217391304347824,0.9687249166209962,0.3404285768319356,0.25120772946859904,0.49741910558396013,False
aux_SDw1,warehouse_single_dock,intermittent_80s80m15r,closest,40,attack_rate,pibt,rhcr_pbs,30,30,0.9983333333333333,0.9991666666666668,-0.0008333333333334636,-0.5841031335203922,0.5616437193482734,-0.03333333333333333,0.7024277517447612,False
aux_SDw1,warehouse_single_dock,intermittent_80s80m15r,closest,40,attack_rate,pibt,token_passing,30,30,0.9983333333333333,0.995,0.0033333333333332993,1.523154621172765,0.1342020282633292,0.13333333333333333,0.24738024008853893,False
aux_SDw1,warehouse_single_dock,intermittent_80s80m15r,closest,40,attack_rate,rhcr_pbs,token_passing,30,30,0.9991666666666668,0.995,0.004166666666666763,2.047132493290772,0.047215640871374524,0.16666666666666666,0.10256689986212435,False
aux_SDw1,warehouse_single_dock,intermittent_80s80m15r,closest,40,cascade_depth_avg,pibt,rhcr_pbs,30,30,0.26499999999999996,0.2533333333333333,0.011666666666666659,0.4879173364315761,0.6282363494126431,0.32,0.7653750866010802,False
aux_SDw1,warehouse_single_dock,intermittent_80s80m15r,closest,40,cascade_depth_avg,pibt,token_passing,30,30,0.26499999999999996,0.05233333333333334,0.21266666666666662,19.671027462869382,4.9318156512820085e-22,1.0,1.698469195026877e-20,True
aux_SDw1,warehouse_single_dock,intermittent_80s80m15r,closest,40,cascade_depth_avg,rhcr_pbs,token_passing,30,30,0.2533333333333333,0.05233333333333334,0.20099999999999996,9.062167977422648,2.9453311576307327e-10,1.0,2.417911392194532e-09,True
aux_SDw1,warehouse_single_dock,intermittent_80s80m15r,closest,40,critical_time,pibt,rhcr_pbs,30,30,0.24631333333333333,0.17909666666666668,0.06721666666666665,6.775314316135803,9.762131843145656e-08,0.7422222222222222,5.44827279151054e-07,True
aux_SDw1,warehouse_single_dock,intermittent_80s80m15r,closest,40,critical_time,pibt,token_passing,30,30,0.24631333333333333,0.20856,0.03775333333333333,3.2407717578718223,0.0027832147789392907,0.40444444444444444,0.008003868162652299,True
aux_SDw1,warehouse_single_dock,intermittent_80s80m15r,closest,40,critical_time,rhcr_pbs,token_passing,30,30,0.17909666666666668,0.20856,-0.029463333333333314,-1.982704616089312,0.05227968727228646,-0.33555555555555555,0.11201656817673518,False
aux_SDw1,warehouse_single_dock,intermittent_80s80m15r,closest,40,fault_tolerance,pibt,rhcr_pbs,30,30,0.7160233333333333,0.6836366666666667,0.032386666666666675,1.2246526371439417,0.2294827431428468,-0.08222222222222222,0.37960957338302076,False
aux_SDw1,warehouse_single_dock,intermittent_80s80m15r,closest,40,fault_tolerance,pibt,token_passing,30,30,0.7160233333333333,0.9271466666666667,-0.21112333333333333,-2.9045274143568807,0.0069100354295876755,-0.47555555555555556,0.018237327152481865,True
aux_SDw1,warehouse_single_dock,intermittent_80s80m15r,closest,40,fault_tolerance,rhcr_pbs,token_passing,30,30,0.6836366666666667,0.9271466666666667,-0.24351,-3.16999593363494,0.0030991186514316023,-0.4211111111111111,0.00868245145996314,True
aux_SDw1,warehouse_single_dock,intermittent_80s80m15r,closest,40,itae,pibt,rhcr_pbs,30,30,24287.86111333333,20266.977219999993,4020.8838933333354,4.519014594202208,7.25026557983808e-05,0.66,0.0002891913841449539,True
aux_SDw1,warehouse_single_dock,intermittent_80s80m15r,closest,40,itae,pibt,token_passing,30,30,24287.86111333333,19613.23333,4674.62778333333,3.5638225096363,0.0012032288967526292,0.5133333333333333,0.0037014361704024237,True
aux_SDw1,warehouse_single_dock,intermittent_80s80m15r,closest,40,itae,rhcr_pbs,token_passing,30,30,20266.977219999993,19613.23333,653.7438899999943,0.4227349322766603,0.6742869650928193,-0.18444444444444444,0.8007512150639704,False
aux_SDw1,warehouse_single_dock,intermittent_80s80m15r,closest,40,rapidity,pibt,rhcr_pbs,25,25,0.0,2.04,-2.04,-1.4754743244493371,0.15308486502738405,-0.12,0.2748411308093863,False
aux_SDw1,warehouse_single_dock,intermittent_80s80m15r,closest,40,rapidity,pibt,token_passing,25,19,0.0,4.2105263157894735,-4.2105263157894735,-1.7783633435966144,0.09224006584463332,-0.15789473684210525,0.18039192932496156,False
aux_SDw1,warehouse_single_dock,intermittent_80s80m15r,closest,40,rapidity,rhcr_pbs,token_passing,25,19,2.04,4.2105263157894735,-2.1705263157894734,-0.791650329696765,0.43482671954248375,-0.04842105263157895,0.585295832215431,False
aux_SDw1,warehouse_single_dock,wear_high,closest,40,attack_rate,pibt,rhcr_pbs,30,30,0.9633333333333333,0.8341666666666664,0.12916666666666687,3.8022329070387597,0.0006310637478079728,0.7244444444444444,0.002086796280807629,True
aux_SDw1,warehouse_single_dock,wear_high,closest,40,attack_rate,pibt,token_passing,30,30,0.9633333333333333,0.8825000000000002,0.08083333333333309,3.6741369925310545,0.0008158926066362157,0.5488888888888889,0.002600542574650873,True
aux_SDw1,warehouse_single_dock,wear_high,closest,40,attack_rate,rhcr_pbs,token_passing,30,30,0.8341666666666664,0.8825000000000002,-0.04833333333333378,-1.2232348783427187,0.22709376500414458,-0.19777777777777777,0.37857898014858576,False
aux_SDw1,warehouse_single_dock,wear_high,closest,40,critical_time,pibt,rhcr_pbs,30,30,0.32878,0.25775,0.07103000000000004,7.612199664811923,1.133438768431741e-08,1.0,7.081484694803621e-08,True
aux_SDw1,warehouse_single_dock,wear_high,closest,40,critical_time,pibt,token_passing,30,30,0.32878,0.2722,0.05658000000000002,3.911834699600384,0.0004819474394638224,0.7077777777777777,0.0016557415681822804,True
aux_SDw1,warehouse_single_dock,wear_high,closest,40,critical_time,rhcr_pbs,token_passing,30,30,0.25775,0.2722,-0.014450000000000018,-0.8518944229958042,0.3984050666992521,-0.5088888888888888,0.5520588362898371,False
aux_SDw1,warehouse_single_dock,wear_high,closest,40,fault_tolerance,pibt,rhcr_pbs,30,30,0.17476333333333335,0.18639999999999995,-0.0116366666666666,-1.0153558790343764,0.3142873417584254,-0.13777777777777778,0.4802745958472907,False
aux_SDw1,warehouse_single_dock,wear_high,closest,40,fault_tolerance,pibt,token_passing,30,30,0.17476333333333335,0.2550266666666667,-0.08026333333333333,-4.352417466172649,9.218511859661179e-05,-0.5911111111111111,0.0003615705207178218,True
aux_SDw1,warehouse_single_dock,wear_high,closest,40,fault_tolerance,rhcr_pbs,token_passing,30,30,0.18639999999999995,0.2550266666666667,-0.06862666666666672,-3.5992230206711993,0.0008106985057966395,-0.4722222222222222,0.0025898332357123417,True
aux_SDw1,warehouse_single_dock,wear_high,closest,40,itae,pibt,rhcr_pbs,30,30,36058.1,29430.265556666658,6627.8344433333405,5.212972886625994,4.510523562276545e-06,0.7822222222222223,2.0611195048331656e-05,True
aux_SDw1,warehouse_single_dock,wear_high,closest,40,itae,pibt,token_passing,30,30,36058.1,28147.47221666667,7910.62778333333,3.935545486431757,0.0003778999836460902,0.5288888888888889,0.0013273501913141279,True
aux_SDw1,warehouse_single_dock,wear_high,closest,40,itae,rhcr_pbs,token_passing,30,30,29430.265556666658,28147.47221666667,1282.7933399999893,0.5789888145244221,0.5653832020556709,-0.19333333333333333,0.7046081917940047,False
aux_SDw1,warehouse_single_dock,wear_high,closest,40,rapidity,pibt,rhcr_pbs,15,19,1.7333333333333334,1.0526315789473684,0.680701754385965,0.3720423118691253,0.7133312862671498,0.08771929824561403,0.825624674665134,False
aux_SDw1,warehouse_single_dock,wear_high,closest,40,rapidity,pibt,token_passing,15,17,1.7333333333333334,2.588235294117647,-0.8549019607843138,-0.31666922940756304,0.7538107441843276,0.011764705882352941,0.856299896048488,False
aux_SDw1,warehouse_single_dock,wear_high,closest,40,rapidity,rhcr_pbs,token_passing,19,17,1.0526315789473684,2.588235294117647,-1.5356037151702788,-0.6512281429538455,0.521841895188611,-0.07120743034055728,0.6678953338866178,False
aux_SDw1,warehouse_single_dock,wear_medium,closest,40,attack_rate,pibt,rhcr_pbs,30,30,0.5791666666666668,0.4650000000000001,0.11416666666666675,3.6999079284635834,0.0006280743721078087,0.4866666666666667,0.002086796280807629,True
aux_SDw1,warehouse_single_dock,wear_medium,closest,40,attack_rate,pibt,token_passing,30,30,0.5791666666666668,0.3358333333333333,0.2433333333333335,9.967914450491897,1.954261294118669e-13,0.97,2.5521931422821077e-12,True
aux_SDw1,warehouse_single_dock,wear_medium,closest,40,attack_rate,rhcr_pbs,token_passing,30,30,0.4650000000000001,0.3358333333333333,0.12916666666666676,3.7330063112948557,0.00046133078463594105,0.5888888888888889,0.0015924740070947145,True
aux_SDw1,warehouse_single_dock,wear_medium,closest,40,critical_time,pibt,rhcr_pbs,30,29,0.2596833333333334,0.1954965517241379,0.06418678160919547,8.225016019690617,4.96051415446203e-10,0.8413793103448276,3.8697491635913736e-09,True
aux_SDw1,warehouse_single_dock,wear_medium,closest,40,critical_time,pibt,token_passing,30,30,0.2596833333333334,0.21917666666666671,0.04050666666666666,2.7830571660718726,0.008972690564907324,0.27111111111111114,0.02324667720669567,True
aux_SDw1,warehouse_single_dock,wear_medium,closest,40,critical_time,rhcr_pbs,token_passing,29,30,0.1954965517241379,0.21917666666666671,-0.023680114942528807,-1.4902062218703678,0.14353062061983785,-0.39770114942528734,0.26289222804951407,False
aux_SDw1,warehouse_single_dock,wear_medium,closest,40,fault_tolerance,pibt,rhcr_pbs,30,30,0.6503866666666667,0.6330100000000001,0.017376666666666596,0.633117959178108,0.5294407969296285,0.12111111111111111,0.6751465844343926,False
aux_SDw1,warehouse_single_dock,wear_medium,closest,40,fault_tolerance,pibt,token_passing,30,30,0.6503866666666667,0.7382966666666667,-0.08791000000000004,-1.822291456349493,0.07677776566494854,-0.11777777777777777,0.15576178896394732,False
aux_SDw1,warehouse_single_dock,wear_medium,closest,40,fault_tolerance,rhcr_pbs,token_passing,30,30,0.6330100000000001,0.7382966666666667,-0.10528666666666664,-2.069890392717412,0.04459969180345954,-0.17888888888888888,0.09733348504866286,False
aux_SDw1,warehouse_single_dock,wear_medium,closest,40,itae,pibt,rhcr_pbs,30,29,23116.802783333333,19273.300586206893,3843.5021971264396,2.48893759108017,0.01591361033780054,0.34942528735632183,0.03888302327660523,True
aux_SDw1,warehouse_single_dock,wear_medium,closest,40,itae,pibt,token_passing,30,30,23116.802783333333,17131.191663333335,5985.611119999998,2.8994271453170457,0.005425780936773726,0.38222222222222224,0.01467663349180939,True
aux_SDw1,warehouse_single_dock,wear_medium,closest,40,itae,rhcr_pbs,token_passing,29,30,19273.300586206893,17131.191663333335,2142.108922873558,1.116669465200084,0.26995123962151824,0.11724137931034483,0.431677406959891,False
aux_SDw1,warehouse_single_dock,wear_medium,closest,40,rapidity,pibt,rhcr_pbs,15,20,3.3333333333333335,0.05,3.2833333333333337,0.9848892061961038,0.3413871149478248,0.02,0.4979737668453808,False
aux_SDw1,warehouse_single_dock,wear_medium,closest,40,rapidity,pibt,token_passing,15,16,3.3333333333333335,0.0,3.3333333333333335,0.9999999999999999,0.3342819433946576,0.06666666666666667,0.4910850231895617,False
aux_SDw1,warehouse_single_dock,wear_medium,closest,40,rapidity,rhcr_pbs,token_passing,20,16,0.05,0.0,0.05,1.0000000000000002,0.3298768009211252,0.05,0.49003774157567986,False
aux_SDw1,warehouse_single_dock,zone_50t,closest,40,attack_rate,pibt,rhcr_pbs,30,30,0.25083333333333335,0.23249999999999998,0.018333333333333368,0.4485642619210071,0.6554186964966674,0.06444444444444444,0.7869482988548422,False
aux_SDw1,warehouse_single_dock,zone_50t,closest,40,attack_rate,pibt,token_passing,30,30,0.25083333333333335,0.2391666666666667,0.011666666666666659,0.31743074235518587,0.7521402342706498,0.056666666666666664,0.8557792190089908,False
aux_SDw1,warehouse_single_dock,zone_50t,closest,40,attack_rate,rhcr_pbs,token_passing,30,30,0.23249999999999998,0.2391666666666667,-0.00666666666666671,-0.18459090468626999,0.8542324189557245,-0.04666666666666667,0.9379285968627397,False
aux_SDw1,warehouse_single_dock,zone_50t,closest,40,cascade_depth_avg,pibt,rhcr_pbs,30,30,0.208,0.043666666666666666,0.16433333333333333,3.718484906810504,0.000639167907514379,0.5444444444444444,0.0020988490358379145,True
aux_SDw1,warehouse_single_dock,zone_50t,closest,40,cascade_depth_avg,pibt,token_passing,30,30,0.208,0.045000000000000005,0.16299999999999998,3.843628492983524,0.0005191970853015364,0.5166666666666667,0.0017707881266806026,True
aux_SDw1,warehouse_single_dock,zone_50t,closest,40,cascade_depth_avg,rhcr_pbs,token_passing,30,30,0.043666666666666666,0.045000000000000005,-0.0013333333333333391,-0.0666621971289558,0.9471140639696546,-0.13111111111111112,1.0,False
aux_SDw1,warehouse_single_dock,zone_50t,closest,40,critical_time,pibt,rhcr_pbs,28,30,0.21357500000000001,0.17514666666666667,0.03842833333333334,2.904198101372718,0.006319753498925438,0.4142857142857143,0.016894652477840104,True
aux_SDw1,warehouse_single_dock,zone_50t,closest,40,critical_time,pibt,token_passing,28,30,0.21357500000000001,0.18695333333333333,0.026621666666666682,2.2435192509072386,0.030955878506758176,0.15,0.07016003282751612,False
aux_SDw1,warehouse_single_dock,zone_50t,closest,40,critical_time,rhcr_pbs,token_passing,30,30,0.17514666666666667,0.18695333333333333,-0.01180666666666666,-0.7037797960329552,0.4844275101599022,-0.14555555555555555,0.6356985542247044,False
aux_SDw1,warehouse_single_dock,zone_50t,closest,40,fault_tolerance,pibt,rhcr_pbs,30,30,0.9549366666666665,0.9087599999999999,0.046176666666666644,1.112700134252054,0.27455680620217804,0.04666666666666667,0.4370622439204908,False
aux_SDw1,warehouse_single_dock,zone_50t,closest,40,fault_tolerance,pibt,token_passing,30,30,0.9549366666666665,1.0554266666666667,-0.10049000000000019,-2.024352276068804,0.05192388134815199,-0.28555555555555556,0.11142328337931703,False
aux_SDw1,warehouse_single_dock,zone_50t,closest,40,fault_tolerance,rhcr_pbs,token_passing,30,30,0.9087599999999999,1.0554266666666667,-0.14666666666666683,-2.2892213908442183,0.025847470786541708,-0.3011111111111111,0.05924777394577417,False
aux_SDw1,warehouse_single_dock,zone_50t,closest,40,itae,pibt,rhcr_pbs,28,30,20826.113089285715,19014.66611,1811.4469792857162,1.917787950762587,0.0633927944472993,0.35,0.13339884613947334,False
aux_SDw1,warehouse_single_dock,zone_50t,closest,40,itae,pibt,token_passing,28,30,20826.113089285715,17019.141663333332,3806.9714259523826,3.2331619819915036,0.0028028390428394903,0.3404761904761905,0.008028502336629356,True
aux_SDw1,warehouse_single_dock,zone_50t,closest,40,itae,rhcr_pbs,token_passing,30,30,19014.66611,17019.141663333332,1995.5244466666663,1.3717384625436895,0.17571488375574595,0.024444444444444446,0.3093633614253283,False
aux_SDw1,warehouse_single_dock,zone_50t,closest,40,rapidity,pibt,rhcr_pbs,23,21,7.3478260869565215,11.380952380952381,-4.03312629399586,-0.6052880388091586,0.5485556938313785,-0.06418219461697723,0.6935012688022159,False
aux_SDw1,warehouse_single_dock,zone_50t,closest,40,rapidity,pibt,token_passing,23,22,7.3478260869565215,7.590909090909091,-0.24308300395256932,-0.041827675749357744,0.9668302343061728,-0.003952569169960474,1.0,False
aux_SDw1,warehouse_single_dock,zone_50t,closest,40,rapidity,rhcr_pbs,token_passing,21,22,11.380952380952381,7.590909090909091,3.7900432900432905,0.5624923212682073,0.5770471611167777,0.06060606060606061,0.7147285890323597,False
aux_SDw1,warehouse_single_dock,burst_20pct,closest,60,attack_rate,pibt,rhcr_pbs,30,30,0.20000000000000007,0.20000000000000007,0.0,0.0,1.0,0.0,1.0,False
aux_SDw1,warehouse_single_dock,burst_20pct,closest,60,attack_rate,pibt,token_passing,30,30,0.20000000000000007,0.20000000000000007,0.0,0.0,1.0,0.0,1.0,False
aux_SDw1,warehouse_single_dock,burst_20pct,closest,60,attack_rate,rhcr_pbs,token_passing,30,30,0.20000000000000007,0.20000000000000007,0.0,0.0,1.0,0.0,1.0,False
aux_SDw1,warehouse_single_dock,burst_20pct,closest,60,critical_time,pibt,rhcr_pbs,30,30,0.3064,0.12162333333333332,0.1847766666666667,7.6607687641406,9.672915461473032e-09,0.7133333333333334,6.12473391551566e-08,True
aux_SDw1,warehouse_single_dock,burst_20pct,closest,60,critical_time,pibt,token_passing,30,30,0.3064,0.2155533333333333,0.09084666666666671,4.7301506368811745,3.825278511760323e-05,0.5722222222222222,0.00016171536702411907,True
aux_SDw1,warehouse_single_dock,burst_20pct,closest,60,critical_time,rhcr_pbs,token_passing,30,30,0.12162333333333332,0.2155533333333333,-0.09392999999999997,-3.146309285844448,0.002671056573062949,-0.4411111111111111,0.00771274413326152,True
aux_SDw1,warehouse_single_dock,burst_20pct,closest,60,fault_tolerance,pibt,rhcr_pbs,30,28,0.6543366666666668,1.9860178571428573,-1.3316811904761905,-2.959550845047451,0.006329512153525082,0.05238095238095238,0.016894652477840104,True
aux_SDw1,warehouse_single_dock,burst_20pct,closest,60,fault_tolerance,pibt,token_passing,30,30,0.6543366666666668,0.65935,-0.005013333333333203,-0.06729176771795181,0.9467552497299935,0.2088888888888889,1.0,False
aux_SDw1,warehouse_single_dock,burst_20pct,closest,60,fault_tolerance,rhcr_pbs,token_passing,28,30,1.9860178571428573,0.65935,1.3266678571428572,2.9138736098270934,0.006890337090762004,0.04285714285714286,0.01821939320628455,True
aux_SDw1,warehouse_single_dock,burst_20pct,closest,60,itae,pibt,rhcr_pbs,30,30,28260.124996666673,9571.399446666666,18688.725550000006,8.269412040902138,1.99836133929084e-09,0.7244444444444444,1.3968743619201317e-08,True
aux_SDw1,warehouse_single_dock,burst_20pct,closest,60,itae,pibt,token_passing,30,30,28260.124996666673,16138.377776666666,12121.747220000007,6.485172962282053,2.2755956023643506e-07,0.7288888888888889,1.1989332054247997e-06,True
aux_SDw1,warehouse_single_dock,burst_20pct,closest,60,itae,rhcr_pbs,token_passing,30,30,9571.399446666666,16138.377776666666,-6566.97833,-2.3031143901790925,0.02502304411690189,-0.4066666666666667,0.057732905707623315,False
aux_SDw1,warehouse_single_dock,burst_20pct,closest,60,rapidity,pibt,rhcr_pbs,20,18,22.25,13.61111111111111,8.63888888888889,0.5564276426842004,0.5822592395182377,-0.044444444444444446,0.7192913790024074,False
aux_SDw1,warehouse_single_dock,burst_20pct,closest,60,rapidity,pibt,token_passing,20,26,22.25,17.5,4.75,0.3176842932000807,0.7532661262656838,-0.07884615384615384,0.856299896048488,False
aux_SDw1,warehouse_single_dock,burst_20pct,closest,60,rapidity,rhcr_pbs,token_passing,18,26,13.61111111111111,17.5,-3.8888888888888893,-0.4172434099998893,0.6789625270635323,0.008547008547008548,0.8056261245493341,False
aux_SDw1,warehouse_single_dock,burst_50pct,closest,60,critical_time,pibt,rhcr_pbs,30,30,0.38328999999999996,0.13782666666666665,0.2454633333333333,9.42133301940026,1.1503789256572558e-10,0.9177777777777778,1.0089037534335685e-09,True
aux_SDw1,warehouse_single_dock,burst_50pct,closest,60,critical_time,pibt,token_passing,30,30,0.38328999999999996,0.24372999999999997,0.13956,6.6364162037643295,1.5557776522266833e-07,0.7833333333333333,8.352692186099152e-07,True
aux_SDw1,warehouse_single_dock,burst_50pct,closest,60,critical_time,rhcr_pbs,token_passing,30,30,0.13782666666666665,0.24372999999999997,-0.10590333333333332,-3.242072222315251,0.0020132873129048235,-0.45,0.005947200179543119,True
aux_SDw1,warehouse_single_dock,burst_50pct,closest,60,fault_tolerance,pibt,rhcr_pbs,30,28,0.30126000000000003,4.412039285714285,-4.110779285714285,-1.917774308065414,0.06577335393176513,-0.14523809523809525,0.13718164808220437,False
aux_SDw1,warehouse_single_dock,burst_50pct,closest,60,fault_tolerance,pibt,token_passing,30,30,0.30126000000000003,0.3009133333333333,0.0003466666666667173,0.009570860102448543,0.9924102155435,0.17777777777777778,1.0,False
aux_SDw1,warehouse_single_dock,burst_50pct,closest,60,fault_tolerance,rhcr_pbs,token_passing,28,30,4.412039285714285,0.3009133333333333,4.111125952380952,1.9177589545602627,0.06577142865403908,0.2369047619047619,0.13718164808220437,False
aux_SDw1,warehouse_single_dock,burst_50pct,closest,60,itae,pibt,rhcr_pbs,30,30,32779.32777,9583.169453333334,23196.158316666668,10.277796824158056,1.2885690267280598e-11,0.9444444444444444,1.2565035954371609e-10,True
aux_SDw1,warehouse_single_dock,burst_50pct,closest,60,itae,pibt,token_passing,30,30,32779.32777,17308.36666,15470.961110000004,7.809187862560026,5.8734105831377454e-09,0.8777777777777778,3.911913086504951e-08,True
aux_SDw1,warehouse_single_dock,burst_50pct,closest,60,itae,rhcr_pbs,token_passing,30,30,9583.169453333334,17308.36666,-7725.197206666666,-2.6395940155407396,0.010690055053623214,-0.45111111111111113,0.027246133096960248,True
aux_SDw1,warehouse_single_dock,burst_50pct,closest,60,rapidity,pibt,rhcr_pbs,17,17,43.1764705882353,37.294117647058826,5.882352941176471,0.22034016316515886,0.8270075521216972,-0.058823529411764705,0.9130059918653921,False
aux_SDw1,warehouse_single_dock,burst_50pct,closest,60,rapidity,pibt,token_passing,17,21,43.1764705882353,60.23809523809524,-17.061624649859944,-0.5836760981198941,0.5630802763245862,-0.10364145658263306,0.7029760866087292,False
aux_SDw1,warehouse_single_dock,burst_50pct,closest,60,rapidity,rhcr_pbs,token_passing,17,21,37.294117647058826,60.23809523809524,-22.943977591036415,-0.7961485636564507,0.43118327831736364,-0.06442577030812324,0.5834468006040514,False
aux_SDw1,warehouse_single_dock,intermittent_80s80m15r,closest,60,attack_rate,pibt,rhcr_pbs,30,30,0.9988866666666667,0.9983299999999999,0.0005566666666667608,0.4600856791042932,0.6472320357082652,0.03333333333333333,0.7824414678254598,False
aux_SDw1,warehouse_single_dock,intermittent_80s80m15r,closest,60,attack_rate,pibt,token_passing,30,30,0.9988866666666667,0.9949966666666666,0.00389000000000006,1.9730300750339964,0.055570407216587216,0.1711111111111111,0.1183490422169248,False
aux_SDw1,warehouse_single_dock,intermittent_80s80m15r,closest,60,attack_rate,rhcr_pbs,token_passing,30,30,0.9983299999999999,0.9949966666666666,0.0033333333333332993,1.6354238168824349,0.10921423431811264,0.14,0.2069939581975504,False
aux_SDw1,warehouse_single_dock,intermittent_80s80m15r,closest,60,cascade_depth_avg,pibt,rhcr_pbs,30,30,0.43966666666666665,0.32833333333333337,0.11133333333333328,3.698114194800257,0.0005670050083907615,0.66,0.0019153374924587446,True
aux_SDw1,warehouse_single_dock,intermittent_80s80m15r,closest,60,cascade_depth_avg,pibt,token_passing,30,30,0.43966666666666665,0.05100000000000001,0.38866666666666666,23.92668366855412,9.495499728297728e-24,1.0,3.724346004543442e-22,True
aux_SDw1,warehouse_single_dock,intermittent_80s80m15r,closest,60,cascade_depth_avg,rhcr_pbs,token_passing,30,30,0.32833333333333337,0.05100000000000001,0.2773333333333334,10.47459230941245,8.59876607813716e-12,1.0,8.490529861769001e-11,True
aux_SDw1,warehouse_single_dock,intermittent_80s80m15r,closest,60,critical_time,pibt,rhcr_pbs,30,30,0.3037533333333334,0.10345333333333333,0.20030000000000003,9.612739791703278,1.197506969650557e-10,0.8244444444444444,1.037349595795452e-09,True
aux_SDw1,warehouse_single_dock,intermittent_80s80m15r,closest,60,critical_time,pibt,token_passing,30,30,0.3037533333333334,0.19022333333333333,0.11353000000000005,7.773888378374593,9.51604809811549e-09,0.8966666666666666,6.079936612913607e-08,True
aux_SDw1,warehouse_single_dock,intermittent_80s80m15r,closest,60,critical_time,rhcr_pbs,token_passing,30,30,0.10345333333333333,0.19022333333333333,-0.08677,-3.4436420312099565,0.0011455489868172281,-0.4955555555555556,0.003539420501938569,True
aux_SDw1,warehouse_single_dock,intermittent_80s80m15r,closest,60,fault_tolerance,pibt,rhcr_pbs,30,28,0.6498333333333334,1.3449214285714286,-0.6950880952380952,-2.5097203657958804,0.018374762438445054,-0.40476190476190477,0.044124429529055126,True
aux_SDw1,warehouse_single_dock,intermittent_80s80m15r,closest,60,fault_tolerance,pibt,token_passing,30,30,0.6498333333333334,0.8186933333333335,-0.16886000000000012,-3.2528350473695418,0.002832518606758177,-0.5333333333333333,0.008079830854025347,True
aux_SDw1,warehouse_single_dock,intermittent_80s80m15r,closest,60,fault_tolerance,rhcr_pbs,token_passing,28,30,1.3449214285714286,0.8186933333333335,0.5262280952380951,1.8684700961873433,0.07187545115140918,0.1595238095238095,0.1472977315323509,False
aux_SDw1,warehouse_single_dock,intermittent_80s80m15r,closest,60,itae,pibt,rhcr_pbs,30,30,30881.455563333337,9564.082216666666,21317.37334666667,9.613355518195835,9.858733899558778e-11,0.8244444444444444,8.755051739733959e-10,True
aux_SDw1,warehouse_single_dock,intermittent_80s80m15r,closest,60,itae,pibt,token_passing,30,30,30881.455563333337,16298.375006666667,14583.08055666667,8.39827987670895,1.5867048799532936e-09,0.9,1.1258428595447489e-08,True
aux_SDw1,warehouse_single_dock,intermittent_80s80m15r,closest,60,itae,rhcr_pbs,token_passing,30,30,9564.082216666666,16298.375006666667,-6734.292790000001,-2.4274143488174214,0.018529694178637153,-0.4288888888888889,0.04442093069649518,True
aux_SDw1,warehouse_single_dock,intermittent_80s80m15r,closest,60,rapidity,pibt,token_passing,18,15,0.0,1.8666666666666667,-1.8666666666666667,-1.12153916701114,0.28092726505020116,-0.13333333333333333,0.4434598027522543,False
aux_SDw1,warehouse_single_dock,intermittent_80s80m15r,closest,60,rapidity,rhcr_pbs,token_passing,23,15,0.0,1.8666666666666667,-1.8666666666666667,-1.12153916701114,0.28092726505020116,-0.13333333333333333,0.4434598027522543,False
aux_SDw1,warehouse_single_dock,wear_high,closest,60,attack_rate,pibt,rhcr_pbs,30,30,0.9516533333333334,0.5105566666666668,0.4410966666666666,7.3031358937733755,3.717927976636619e-08,0.9311111111111111,2.1603762563830892e-07,True
aux_SDw1,warehouse_single_dock,wear_high,closest,60,attack_rate,pibt,token_passing,30,30,0.9516533333333334,0.6511133333333332,0.30054000000000014,10.319523180654434,3.922390334846063e-12,0.9655555555555555,4.206588942025268e-11,True
aux_SDw1,warehouse_single_dock,wear_high,closest,60,attack_rate,rhcr_pbs,token_passing,30,30,0.5105566666666668,0.6511133333333332,-0.14055666666666644,-2.133597788242911,0.03891338415445319,-0.18,0.08585265379076235,False
aux_SDw1,warehouse_single_dock,wear_high,closest,60,critical_time,pibt,rhcr_pbs,30,30,0.42037666666666673,0.14629999999999999,0.27407666666666675,11.289169980052124,2.6536552241087907e-12,1.0,2.9737787114615975e-11,True
aux_SDw1,warehouse_single_dock,wear_high,closest,60,critical_time,pibt,token_passing,30,30,0.42037666666666673,0.24913666666666665,0.1712400000000001,8.747763885228567,8.417008152660614e-10,0.9355555555555556,6.3217103784876526e-09,True
aux_SDw1,warehouse_single_dock,wear_high,closest,60,critical_time,rhcr_pbs,token_passing,30,30,0.14629999999999999,0.24913666666666665,-0.10283666666666666,-3.327995123348598,0.001558755190209388,-0.4577777777777778,0.004682898571437565,True
aux_SDw1,warehouse_single_dock,wear_high,closest,60,fault_tolerance,pibt,rhcr_pbs,30,30,0.17492,0.6652633333333332,-0.49034333333333324,-4.474071427163068,0.00010715218313266402,-0.64,0.0004179527143185679,True
aux_SDw1,warehouse_single_dock,wear_high,closest,60,fault_tolerance,pibt,token_passing,30,30,0.17492,0.3582766666666667,-0.1833566666666667,-4.975858226151479,2.2100476638098963e-05,-0.8311111111111111,9.543080432108787e-05,True
aux_SDw1,warehouse_single_dock,wear_high,closest,60,fault_tolerance,rhcr_pbs,token_passing,30,30,0.6652633333333332,0.3582766666666667,0.3069866666666665,2.666339944346268,0.01150061566737983,0.18666666666666668,0.029154163953932354,True
aux_SDw1,warehouse_single_dock,wear_high,closest,60,itae,pibt,rhcr_pbs,30,30,47379.884443333336,13848.403173333332,33531.481270000004,11.093606743416286,1.3134950670553022e-12,0.9911111111111112,1.5585336425899888e-11,True
aux_SDw1,warehouse_single_dock,wear_high,closest,60,itae,pibt,token_passing,30,30,47379.884443333336,23831.03611,23548.848333333335,9.056126610739154,1.3913649156116126e-10,0.9244444444444444,1.1764115334392797e-09,True
aux_SDw1,warehouse_single_dock,wear_high,closest,60,itae,rhcr_pbs,token_passing,30,30,13848.403173333332,23831.03611,-9982.632936666669,-2.593146000744139,0.012085361543818831,-0.42,0.03027310753088706,True
aux_SDw1,warehouse_single_dock,wear_high,closest,60,rapidity,pibt,rhcr_pbs,8,13,0.25,0.3076923076923077,-0.05769230769230771,-0.1455213750217998,0.8858375465093209,0.038461538461538464,0.9614736390770278,False
aux_SDw1,warehouse_single_dock,wear_high,closest,60,rapidity,pibt,token_passing,8,12,0.25,0.25,0.0,0.0,1.0,0.03125,1.0,False
aux_SDw1,warehouse_single_dock,wear_high,closest,60,rapidity,rhcr_pbs,token_passing,13,12,0.3076923076923077,0.25,0.05769230769230771,0.1455213750217998,0.8855998619348987,0.0,0.9614736390770278,False
aux_SDw1,warehouse_single_dock,wear_medium,closest,60,attack_rate,pibt,rhcr_pbs,30,30,0.5366666666666666,0.11944333333333335,0.4172233333333333,15.605304669526122,3.194227016511704e-18,1.0,7.274594431152462e-17,True
aux_SDw1,warehouse_single_dock,wear_medium,closest,60,attack_rate,pibt,token_passing,30,30,0.5366666666666666,0.1755533333333333,0.3611133333333333,16.51112225491826,2.1084498871750674e-20,1.0,6.472024436285207e-19,True
aux_SDw1,warehouse_single_dock,wear_medium,closest,60,attack_rate,rhcr_pbs,token_passing,30,30,0.11944333333333335,0.1755533333333333,-0.056109999999999965,-1.7848309000559657,0.0798182079686188,-0.36333333333333334,0.16123506387938447,False
aux_SDw1,warehouse_single_dock,wear_medium,closest,60,critical_time,pibt,rhcr_pbs,30,25,0.31883000000000006,0.1175,0.20133000000000006,8.473855213136403,7.910031670729132e-09,0.832,5.1469883498016286e-08,True
aux_SDw1,warehouse_single_dock,wear_medium,closest,60,critical_time,pibt,token_passing,30,29,0.31883000000000006,0.20445172413793103,0.11437827586206903,6.60699460796423,2.428382411296192e-07,0.8206896551724138,1.2746750798327968e-06,True
aux_SDw1,warehouse_single_dock,wear_medium,closest,60,critical_time,rhcr_pbs,token_passing,25,29,0.1175,0.20445172413793103,-0.08695172413793104,-3.001006723238894,0.0043763450854301415,-0.4731034482758621,0.012069139180912812,True
aux_SDw1,warehouse_single_dock,wear_medium,closest,60,fault_tolerance,pibt,rhcr_pbs,30,29,0.6110066666666668,0.9755241379310344,-0.3645174712643676,-2.400276538725988,0.023123036975370822,-0.4689655172413793,0.05441621368203934,False
aux_SDw1,warehouse_single_dock,wear_medium,closest,60,fault_tolerance,pibt,token_passing,30,30,0.6110066666666668,0.6749899999999999,-0.06398333333333306,-1.3720963723284882,0.17847500287717893,-0.18888888888888888,0.3122759653811359,False
aux_SDw1,warehouse_single_dock,wear_medium,closest,60,fault_tolerance,rhcr_pbs,token_passing,29,30,0.9755241379310344,0.6749899999999999,0.30053413793103456,1.910324411847891,0.06489072166073934,0.31264367816091954,0.13634776634667253,False
aux_SDw1,warehouse_single_dock,wear_medium,closest,60,itae,pibt,rhcr_pbs,30,25,31484.784453333334,11769.714091999998,19715.070361333335,6.6722147908454525,1.3182247634505796e-07,0.7173333333333334,7.227817302195243e-07,True
aux_SDw1,warehouse_single_dock,wear_medium,closest,60,itae,pibt,token_passing,30,29,31484.784453333334,15740.936782758621,15743.847670574713,6.798991140339053,1.823676847659984e-08,0.7701149425287356,1.0865112695763278e-07,True
aux_SDw1,warehouse_single_dock,wear_medium,closest,60,itae,rhcr_pbs,token_passing,25,29,11769.714091999998,15740.936782758621,-3971.222690758623,-1.1836155568478317,0.24270969504470866,-0.2882758620689655,0.39711018470814435,False
aux_SDw1,warehouse_single_dock,wear_medium,closest,60,rapidity,pibt,rhcr_pbs,10,16,0.0,0.125,-0.125,-1.0,0.3331701359154764,-0.0625,0.49003774157567986,False
aux_SDw1,warehouse_single_dock,wear_medium,closest,60,rapidity,pibt,token_passing,10,19,0.0,3.736842105263158,-3.736842105263158,-1.4262575659073438,0.17090832088478664,-0.15789473684210525,0.30278864377580766,False
aux_SDw1,warehouse_single_dock,wear_medium,closest,60,rapidity,rhcr_pbs,token_passing,16,19,0.125,3.736842105263158,-3.611842105263158,-1.3769820077623447,0.18532774573465083,-0.09868421052631579,0.32026694203925016,False
aux_SDw1,warehouse_single_dock,zone_50t,closest,60,attack_rate,pibt,rhcr_pbs,30,30,0.24944999999999998,0.19889999999999997,0.05055000000000001,1.3148625017776654,0.1938211024027449,0.2011111111111111,0.33293843867722117,False
aux_SDw1,warehouse_single_dock,zone_50t,closest,60,attack_rate,pibt,token_passing,30,30,0.24944999999999998,0.2388866666666667,0.010563333333333286,0.3390703932499952,0.735907861131931,0.1111111111111111,0.8427428223181562,False
aux_SDw1,warehouse_single_dock,zone_50t,closest,60,attack_rate,rhcr_pbs,token_passing,30,30,0.19889999999999997,0.2388866666666667,-0.039986666666666726,-1.1712298209092507,0.24719846640008492,-0.23444444444444446,0.4027132919434775,False
aux_SDw1,warehouse_single_dock,zone_50t,closest,60,cascade_depth_avg,pibt,rhcr_pbs,30,30,0.26,0.053000000000000005,0.20700000000000002,5.611581839259234,1.0941171996413152e-06,0.6544444444444445,5.38290413203323e-06,True
aux_SDw1,warehouse_single_dock,zone_50t,closest,60,cascade_depth_avg,pibt,token_passing,30,30,0.26,0.054000000000000006,0.20600000000000002,5.789361293836569,8.048175214573187e-07,0.6533333333333333,4.015555972783513e-06,True
aux_SDw1,warehouse_single_dock,zone_50t,closest,60,cascade_depth_avg,rhcr_pbs,token_passing,30,30,0.053000000000000005,0.054000000000000006,-0.0010000000000000009,-0.041690383820332085,0.966892570742628,-0.10777777777777778,1.0,False
aux_SDw1,warehouse_single_dock,zone_50t,closest,60,critical_time,pibt,rhcr_pbs,28,29,0.24242857142857144,0.10680344827586206,0.13562512315270936,5.62172197126084,3.978004262880048e-06,0.5541871921182266,1.8416203341595502e-05,True
aux_SDw1,warehouse_single_dock,zone_50t,closest,60,critical_time,pibt,token_passing,28,30,0.24242857142857144,0.18006333333333333,0.06236523809523811,3.8262795942401926,0.0005314686398978978,0.45357142857142857,0.0018082740229779077,True
aux_SDw1,warehouse_single_dock,zone_50t,closest,60,critical_time,rhcr_pbs,token_passing,29,30,0.10680344827586206,0.18006333333333333,-0.07325988505747126,-2.581752039218392,0.01288613855918391,-0.435632183908046,0.03220394273551802,True
aux_SDw1,warehouse_single_dock,zone_50t,closest,60,fault_tolerance,pibt,rhcr_pbs,30,28,0.9609066666666667,1.4322678571428573,-0.47136119047619063,-1.180279048391138,0.24817655755918774,0.10714285714285714,0.4029032118652107,False
aux_SDw1,warehouse_single_dock,zone_50t,closest,60,fault_tolerance,pibt,token_passing,30,30,0.9609066666666667,1.01552,-0.05461333333333329,-0.7931422107238846,0.4339916524191433,-0.008888888888888889,0.585295832215431,False
aux_SDw1,warehouse_single_dock,zone_50t,closest,60,fault_tolerance,rhcr_pbs,token_passing,28,30,1.4322678571428573,1.01552,0.41674785714285734,1.0286954826520107,0.3122483045127775,-0.1392857142857143,0.4779934551264553,False
aux_SDw1,warehouse_single_dock,zone_50t,closest,60,itae,pibt,rhcr_pbs,28,29,25446.526785714286,9091.030455172413,16355.496330541873,7.299602957891736,4.7529535579315866e-08,0.583743842364532,2.7392532342038366e-07,True
aux_SDw1,warehouse_single_dock,zone_50t,closest,60,itae,pibt,token_passing,28,30,25446.526785714286,14545.2,10901.326785714286,6.74705379409964,1.436064176117402e-07,0.8571428571428571,7.739399300296838e-07,True
aux_SDw1,warehouse_single_dock,zone_50t,closest,60,itae,rhcr_pbs,token_passing,29,30,9091.030455172413,14545.2,-5454.169544827588,-2.0001437058162286,0.05081900795682767,-0.37701149425287356,0.10921931113187726,False
aux_SDw1,warehouse_single_dock,zone_50t,closest,60,rapidity,pibt,rhcr_pbs,16,18,15.875,16.555555555555557,-0.6805555555555571,-0.07112485939481081,0.9437539160757245,-0.0625,1.0,False
aux_SDw1,warehouse_single_dock,zone_50t,closest,60,rapidity,pibt,token_passing,16,24,15.875,9.541666666666666,6.333333333333334,0.7539637694573382,0.4575451064356014,0.109375,0.6094846134783672,False
aux_SDw1,warehouse_single_dock,zone_50t,closest,60,rapidity,rhcr_pbs,token_passing,18,24,16.555555555555557,9.541666666666666,7.013888888888891,0.900487347654732,0.37459750537331266,0.1712962962962963,0.5305232473291048,False
aux_SDw2_inenv,warehouse_single_dock_w2,burst_20pct,closest,36,attack_rate,pibt,rhcr_pbs,30,30,0.19439999999999996,0.19439999999999996,0.0,0.0,1.0,0.0,1.0,False
aux_SDw2_inenv,warehouse_single_dock_w2,burst_20pct,closest,36,attack_rate,pibt,token_passing,30,30,0.19439999999999996,0.19439999999999996,0.0,0.0,1.0,0.0,1.0,False
aux_SDw2_inenv,warehouse_single_dock_w2,burst_20pct,closest,36,attack_rate,rhcr_pbs,token_passing,30,30,0.19439999999999996,0.19439999999999996,0.0,0.0,1.0,0.0,1.0,False
aux_SDw2_inenv,warehouse_single_dock_w2,burst_20pct,closest,36,critical_time,pibt,rhcr_pbs,30,30,0.24464666666666665,0.19999666666666668,0.04464999999999997,4.841693819214522,2.273495820447568e-05,0.59,9.787122251438921e-05,True
aux_SDw2_inenv,warehouse_single_dock_w2,burst_20pct,closest,36,critical_time,pibt,token_passing,30,30,0.24464666666666665,0.2437266666666667,0.0009199999999999486,0.12662230971310867,0.8998313257551153,0.024444444444444446,0.9722914497286331,False
aux_SDw2_inenv,warehouse_single_dock_w2,burst_20pct,closest,36,critical_time,rhcr_pbs,token_passing,30,30,0.19999666666666668,0.2437266666666667,-0.04373000000000002,-4.053211239735394,0.00016356535387617143,-0.5322222222222223,0.0006215255156695843,True
aux_SDw2_inenv,warehouse_single_dock_w2,burst_20pct,closest,36,fault_tolerance,pibt,rhcr_pbs,30,30,0.7718766666666667,0.7205166666666667,0.05135999999999996,2.484915381108452,0.01614333723884451,0.39555555555555555,0.039233033014196984,True
aux_SDw2_inenv,warehouse_single_dock_w2,burst_20pct,closest,36,fault_tolerance,pibt,token_passing,30,30,0.7718766666666667,0.6731033333333333,0.09877333333333338,2.995074565451332,0.004810758002679749,0.34,0.01318775393485514,True
aux_SDw2_inenv,warehouse_single_dock_w2,burst_20pct,closest,36,fault_tolerance,rhcr_pbs,token_passing,30,30,0.7205166666666667,0.6731033333333333,0.04741333333333342,1.358958244236183,0.18096077738677782,0.07777777777777778,0.3155236763880721,False
aux_SDw2_inenv,warehouse_single_dock_w2,burst_20pct,closest,36,itae,pibt,rhcr_pbs,30,30,22515.44444,19877.005546666667,2638.438893333332,4.291252577251127,8.766623975000865e-05,0.5244444444444445,0.000345767403706738,True
aux_SDw2_inenv,warehouse_single_dock_w2,burst_20pct,closest,36,itae,pibt,token_passing,30,30,22515.44444,21687.502780000003,827.9416599999968,1.1465292036729042,0.25810071183988875,0.08666666666666667,0.41602534830813115,False
aux_SDw2_inenv,warehouse_single_dock_w2,burst_20pct,closest,36,itae,rhcr_pbs,token_passing,30,30,19877.005546666667,21687.502780000003,-1810.4972333333353,-2.159365119274153,0.03514491316306896,-0.38,0.07889446325318501,False
aux_SDw2_inenv,warehouse_single_dock_w2,burst_20pct,closest,36,rapidity,pibt,rhcr_pbs,23,23,7.913043478260869,16.47826086956522,-8.56521739130435,-1.2988742920983303,0.20196733326064725,-0.1342155009451796,0.34205369127921054,False
aux_SDw2_inenv,warehouse_single_dock_w2,burst_20pct,closest,36,rapidity,pibt,token_passing,23,21,7.913043478260869,18.428571428571427,-10.515527950310558,-1.234172358309929,0.22736872024966404,-0.13457556935817805,0.37859036909495947,False
aux_SDw2_inenv,warehouse_single_dock_w2,burst_20pct,closest,36,rapidity,rhcr_pbs,token_passing,23,21,16.47826086956522,18.428571428571427,-1.9503105590062084,-0.20435202415973333,0.839198373281995,0.008281573498964804,0.9239209497273092,False
aux_SDw2_inenv,warehouse_single_dock_w2,burst_50pct,closest,36,critical_time,pibt,rhcr_pbs,30,30,0.3017466666666666,0.2384,0.0633466666666666,10.224318768133497,6.459070328613219e-14,0.95,8.603969154718741e-13,True
aux_SDw2_inenv,warehouse_single_dock_w2,burst_50pct,closest,36,critical_time,pibt,token_passing,30,30,0.3017466666666666,0.2917666666666666,0.009979999999999989,1.2871013527138204,0.20502506511893231,0.06888888888888889,0.34628635400470387,False
aux_SDw2_inenv,warehouse_single_dock_w2,burst_50pct,closest,36,critical_time,rhcr_pbs,token_passing,30,30,0.2384,0.2917666666666666,-0.05336666666666662,-6.174780381985489,9.241590697644378e-08,-0.78,5.178224628997564e-07,True
aux_SDw2_inenv,warehouse_single_dock_w2,burst_50pct,closest,36,fault_tolerance,pibt,rhcr_pbs,30,30,0.4252700000000001,0.37363666666666673,0.051633333333333364,2.699099851294646,0.009131378809119807,0.36666666666666664,0.023571310563943633,True
aux_SDw2_inenv,warehouse_single_dock_w2,burst_50pct,closest,36,fault_tolerance,pibt,token_passing,30,30,0.4252700000000001,0.3482633333333333,0.07700666666666678,3.244250747779921,0.002128535555158734,0.44666666666666666,0.006261442091425276,True
aux_SDw2_inenv,warehouse_single_dock_w2,burst_50pct,closest,36,fault_tolerance,rhcr_pbs,token_passing,30,30,0.37363666666666673,0.3482633333333333,0.025373333333333414,1.0268566666799004,0.3091952937419803,0.17555555555555555,0.47528227849218313,False
aux_SDw2_inenv,warehouse_single_dock_w2,burst_50pct,closest,36,itae,pibt,rhcr_pbs,30,30,25935.647229999995,20910.139996666672,5025.507233333323,9.03681115642347,3.1995718774034405e-12,0.9,3.557319284168234e-11,True
aux_SDw2_inenv,warehouse_single_dock_w2,burst_50pct,closest,36,itae,pibt,token_passing,30,30,25935.647229999995,24675.24445,1260.4027799999967,1.6321752464305495,0.11042961961492374,0.06666666666666667,0.20790216386169644,False
aux_SDw2_inenv,warehouse_single_dock_w2,burst_50pct,closest,36,itae,rhcr_pbs,token_passing,30,30,20910.139996666672,24675.24445,-3765.104453333326,-4.486858041746786,4.287266860528608e-05,-0.7155555555555555,0.00017752553686411712,True
aux_SDw2_inenv,warehouse_single_dock_w2,burst_50pct,closest,36,rapidity,pibt,rhcr_pbs,23,19,61.56521739130435,74.0,-12.434782608695649,-0.39920569268292866,0.6919853691238719,-0.043478260869565216,0.8149957187086926,False
aux_SDw2_inenv,warehouse_single_dock_w2,burst_50pct,closest,36,rapidity,pibt,token_passing,23,15,61.56521739130435,84.2,-22.63478260869565,-0.6495371390208641,0.5213377899280627,-0.15072463768115943,0.6678953338866178,False
aux_SDw2_inenv,warehouse_single_dock_w2,burst_50pct,closest,36,rapidity,rhcr_pbs,token_passing,19,15,74.0,84.2,-10.200000000000003,-0.2778642781454249,0.7830733534929973,-0.07017543859649122,0.8782325883544533,False
aux_SDw2_inenv,warehouse_single_dock_w2,intermittent_80s80m15r,closest,36,attack_rate,pibt,rhcr_pbs,30,30,0.9944399999999999,0.9944399999999999,0.0,0.0,1.0,0.0,1.0,False
aux_SDw2_inenv,warehouse_single_dock_w2,intermittent_80s80m15r,closest,36,attack_rate,pibt,token_passing,30,30,0.9944399999999999,0.9935133333333332,0.0009266666666666312,0.3083536398570757,0.7589214529995533,0.03333333333333333,0.859340089523151,False
aux_SDw2_inenv,warehouse_single_dock_w2,intermittent_80s80m15r,closest,36,attack_rate,rhcr_pbs,token_passing,30,30,0.9944399999999999,0.9935133333333332,0.0009266666666666312,0.3083536398570757,0.7589214529995533,0.03333333333333333,0.859340089523151,False
aux_SDw2_inenv,warehouse_single_dock_w2,intermittent_80s80m15r,closest,36,cascade_depth_avg,pibt,rhcr_pbs,30,30,0.0976666666666667,0.1383333333333333,-0.040666666666666615,-4.5481965884753395,3.180072813576771e-05,-0.5777777777777777,0.00013565748679064655,True
aux_SDw2_inenv,warehouse_single_dock_w2,intermittent_80s80m15r,closest,36,cascade_depth_avg,pibt,token_passing,30,30,0.0976666666666667,0.038000000000000006,0.05966666666666669,9.62741824399916,7.892236989752512e-13,0.9377777777777778,9.690294460461345e-12,True
aux_SDw2_inenv,warehouse_single_dock_w2,intermittent_80s80m15r,closest,36,cascade_depth_avg,rhcr_pbs,token_passing,30,30,0.1383333333333333,0.038000000000000006,0.1003333333333333,12.65390113632726,1.2356353012101572e-15,0.9944444444444445,2.236816724754797e-14,True
aux_SDw2_inenv,warehouse_single_dock_w2,intermittent_80s80m15r,closest,36,critical_time,pibt,rhcr_pbs,30,30,0.24384000000000003,0.17275999999999997,0.07108000000000006,8.370027470087402,1.1114171713134456e-09,0.7588888888888888,8.173547114034299e-09,True
aux_SDw2_inenv,warehouse_single_dock_w2,intermittent_80s80m15r,closest,36,critical_time,pibt,token_passing,30,30,0.24384000000000003,0.23008,0.013760000000000022,2.3403752414630095,0.02460059873985399,0.29444444444444445,0.05705713787278125,False
aux_SDw2_inenv,warehouse_single_dock_w2,intermittent_80s80m15r,closest,36,critical_time,rhcr_pbs,token_passing,30,30,0.17275999999999997,0.23008,-0.05732000000000004,-5.817050563864049,4.093110295487605e-07,-0.6377777777777778,2.132646397501291e-06,True
aux_SDw2_inenv,warehouse_single_dock_w2,intermittent_80s80m15r,closest,36,fault_tolerance,pibt,rhcr_pbs,30,30,0.77585,0.7798100000000001,-0.003960000000000075,-0.39232205773931106,0.6963408620441287,-0.02666666666666667,0.8173177865389109,False
aux_SDw2_inenv,warehouse_single_dock_w2,intermittent_80s80m15r,closest,36,fault_tolerance,pibt,token_passing,30,30,0.77585,0.8156000000000001,-0.03975000000000006,-1.9891623453784255,0.054508779577084936,-0.3055555555555556,0.11643932944454452,False
aux_SDw2_inenv,warehouse_single_dock_w2,intermittent_80s80m15r,closest,36,fault_tolerance,rhcr_pbs,token_passing,30,30,0.7798100000000001,0.8156000000000001,-0.03578999999999999,-1.7385712386094438,0.09002924735057781,-0.22333333333333333,0.17804103257565246,False
aux_SDw2_inenv,warehouse_single_dock_w2,intermittent_80s80m15r,closest,36,itae,pibt,rhcr_pbs,30,30,24934.377776666668,19788.74610333333,5145.631673333337,7.053622167121299,1.85203622296616e-08,0.7222222222222222,1.09877107009589e-07,True
aux_SDw2_inenv,warehouse_single_dock_w2,intermittent_80s80m15r,closest,36,itae,pibt,token_passing,30,30,24934.377776666668,22695.40778,2238.9699966666667,3.131454818381755,0.0032792933189762005,0.41333333333333333,0.009150913372320938,True
aux_SDw2_inenv,warehouse_single_dock_w2,intermittent_80s80m15r,closest,36,itae,rhcr_pbs,token_passing,30,30,19788.74610333333,22695.40778,-2906.6616766666702,-3.089524533947574,0.0030770267461672895,-0.4777777777777778,0.008637697347093862,True
aux_SDw2_inenv,warehouse_single_dock_w2,intermittent_80s80m15r,closest,36,rapidity,pibt,rhcr_pbs,22,23,0.8636363636363636,3.3043478260869565,-2.440711462450593,-0.7146309883671649,0.4814610574886539,0.0,0.6347553811148267,False
aux_SDw2_inenv,warehouse_single_dock_w2,intermittent_80s80m15r,closest,36,rapidity,pibt,token_passing,22,19,0.8636363636363636,0.0,0.8636363636363636,1.0000000000000002,0.32869468323646356,0.045454545454545456,0.4898949283102776,False
aux_SDw2_inenv,warehouse_single_dock_w2,intermittent_80s80m15r,closest,36,rapidity,rhcr_pbs,token_passing,23,19,3.3043478260869565,0.0,3.3043478260869565,1.0000000000000002,0.32818326188067054,0.043478260869565216,0.48984647544979576,False
aux_SDw2_inenv,warehouse_single_dock_w2,wear_high,closest,36,attack_rate,pibt,rhcr_pbs,30,30,0.94907,0.93055,0.01851999999999998,1.1636776455438615,0.24932989721226542,0.2111111111111111,0.4037314390638977,False
aux_SDw2_inenv,warehouse_single_dock_w2,wear_high,closest,36,attack_rate,pibt,token_passing,30,30,0.94907,0.9324,0.016669999999999963,0.9872233087907798,0.32772954864862003,0.16333333333333333,0.48984647544979576,False
aux_SDw2_inenv,warehouse_single_dock_w2,wear_high,closest,36,attack_rate,rhcr_pbs,token_passing,30,30,0.93055,0.9324,-0.0018500000000000183,-0.107355912099341,0.9148813784074922,-0.051111111111111114,0.9838632949820099,False
aux_SDw2_inenv,warehouse_single_dock_w2,wear_high,closest,36,critical_time,pibt,rhcr_pbs,30,30,0.3333366666666666,0.26087666666666665,0.07245999999999997,22.490648459660562,2.571404369422052e-30,1.0,1.9109594576968094e-28,True
aux_SDw2_inenv,warehouse_single_dock_w2,wear_high,closest,36,critical_time,pibt,token_passing,30,30,0.3333366666666666,0.30401666666666666,0.029319999999999957,3.9262100344558464,0.0003854674319586193,0.6822222222222222,0.0013472277572415111,True
aux_SDw2_inenv,warehouse_single_dock_w2,wear_high,closest,36,critical_time,rhcr_pbs,token_passing,30,30,0.26087666666666665,0.30401666666666666,-0.04314000000000001,-5.791494019321405,1.4902420453826938e-06,-0.8466666666666667,7.191421919816024e-06,True
aux_SDw2_inenv,warehouse_single_dock_w2,wear_high,closest,36,fault_tolerance,pibt,rhcr_pbs,30,30,0.19195666666666666,0.20033,-0.008373333333333344,-0.7411830573598199,0.4616586164802757,-0.09666666666666666,0.6141534964126406,False
aux_SDw2_inenv,warehouse_single_dock_w2,wear_high,closest,36,fault_tolerance,pibt,token_passing,30,30,0.19195666666666666,0.22964666666666667,-0.03769,-3.2686792160616926,0.0018544578075588968,-0.4388888888888889,0.005489506130551703,True
aux_SDw2_inenv,warehouse_single_dock_w2,wear_high,closest,36,fault_tolerance,rhcr_pbs,token_passing,30,30,0.20033,0.22964666666666667,-0.029316666666666658,-2.357830211125913,0.021780086899072848,-0.3211111111111111,0.05151337135928117,False
aux_SDw2_inenv,warehouse_single_dock_w2,wear_high,closest,36,itae,pibt,rhcr_pbs,30,30,37171.416666666664,29688.139449999995,7483.277216666669,8.95081424277473,1.980352165677444e-12,0.8933333333333333,2.292014145849632e-11,True
aux_SDw2_inenv,warehouse_single_dock_w2,wear_high,closest,36,itae,pibt,token_passing,30,30,37171.416666666664,32992.76166666667,4178.654999999992,3.3910377519480583,0.001408422751138371,0.4533333333333333,0.004267581383277639,True
aux_SDw2_inenv,warehouse_single_dock_w2,wear_high,closest,36,itae,rhcr_pbs,token_passing,30,30,29688.139449999995,32992.76166666667,-3304.6222166666776,-2.7851762628403374,0.007904021331058466,-0.5533333333333333,0.020591288043274085,True
aux_SDw2_inenv,warehouse_single_dock_w2,wear_high,closest,36,rapidity,pibt,rhcr_pbs,21,23,0.09523809523809523,1.0869565217391304,-0.9917184265010351,-1.2347474860151442,0.22959389211692616,-0.08902691511387163,0.37960957338302076,False
aux_SDw2_inenv,warehouse_single_dock_w2,wear_high,closest,36,rapidity,pibt,token_passing,21,17,0.09523809523809523,0.0,0.09523809523809523,1.0,0.3292565771717091,0.047619047619047616,0.4898949283102776,False
aux_SDw2_inenv,warehouse_single_dock_w2,wear_high,closest,36,rapidity,rhcr_pbs,token_passing,23,17,1.0869565217391304,0.0,1.0869565217391304,1.3629402233474017,0.18668994879511316,0.13043478260869565,0.3218635014636139,False
aux_SDw2_inenv,warehouse_single_dock_w2,wear_medium,closest,36,attack_rate,pibt,rhcr_pbs,30,30,0.5694600000000001,0.5138966666666668,0.0555633333333333,2.5947280718376273,0.011977373992240185,0.45222222222222225,0.030092619354169292,True
aux_SDw2_inenv,warehouse_single_dock_w2,wear_medium,closest,36,attack_rate,pibt,token_passing,30,30,0.5694600000000001,0.4574100000000001,0.11204999999999998,4.407031707401969,4.9462177729461636e-05,0.5977777777777777,0.00020302498533139484,True
aux_SDw2_inenv,warehouse_single_dock_w2,wear_medium,closest,36,attack_rate,rhcr_pbs,token_passing,30,30,0.5138966666666668,0.4574100000000001,0.056486666666666685,2.268729650251508,0.02737312604044877,0.3111111111111111,0.06234008704695752,False
aux_SDw2_inenv,warehouse_single_dock_w2,wear_medium,closest,36,critical_time,pibt,rhcr_pbs,30,30,0.2512133333333333,0.19351,0.0577033333333333,7.368075641783109,5.111219222787469e-09,0.7888888888888889,3.436686448845669e-08,True
aux_SDw2_inenv,warehouse_single_dock_w2,wear_medium,closest,36,critical_time,pibt,token_passing,30,30,0.2512133333333333,0.23425333333333334,0.016959999999999947,2.5673016715171455,0.01354988679413133,0.3877777777777778,0.03362467513763346,True
aux_SDw2_inenv,warehouse_single_dock_w2,wear_medium,closest,36,critical_time,rhcr_pbs,token_passing,30,30,0.19351,0.23425333333333334,-0.040743333333333354,-4.462145093157212,4.0117646241892324e-05,-0.5866666666666667,0.00016909288505537897,True
aux_SDw2_inenv,warehouse_single_dock_w2,wear_medium,closest,36,fault_tolerance,pibt,rhcr_pbs,30,30,0.6831733333333333,0.6860333333333334,-0.0028600000000000847,-0.12584616110981364,0.9002906474399622,0.022222222222222223,0.9722914497286331,False
aux_SDw2_inenv,warehouse_single_dock_w2,wear_medium,closest,36,fault_tolerance,pibt,token_passing,30,30,0.6831733333333333,0.6942800000000001,-0.01110666666666682,-0.4403212623307173,0.6613717938307062,-0.052222222222222225,0.7900651208874426,False
aux_SDw2_inenv,warehouse_single_dock_w2,wear_medium,closest,36,fault_tolerance,rhcr_pbs,token_passing,30,30,0.6860333333333334,0.6942800000000001,-0.008246666666666735,-0.33563693647921516,0.7384033073776538,-0.02666666666666667,0.8449152917481744,False
aux_SDw2_inenv,warehouse_single_dock_w2,wear_medium,closest,36,itae,pibt,rhcr_pbs,30,30,23270.991666666665,18835.11333333334,4435.878333333327,2.6081141516180812,0.01155860333524258,0.3933333333333333,0.02924865216731635,True
aux_SDw2_inenv,warehouse_single_dock_w2,wear_medium,closest,36,itae,pibt,token_passing,30,30,23270.991666666665,20333.05555333333,2937.936113333333,1.669463962855042,0.10044163085019679,0.25333333333333335,0.1929572554564325,False
aux_SDw2_inenv,warehouse_single_dock_w2,wear_medium,closest,36,itae,rhcr_pbs,token_passing,30,30,18835.11333333334,20333.05555333333,-1497.9422199999935,-0.8492563686330095,0.39924545470852585,-0.13333333333333333,0.5521396494108114,False
aux_SDw2_inenv,warehouse_single_dock_w2,wear_medium,closest,36,rapidity,pibt,rhcr_pbs,11,21,0.45454545454545453,0.047619047619047616,0.4069264069264069,0.8903655219096362,0.39374648874038237,0.047619047619047616,0.5461395305514931,False
aux_SDw2_inenv,warehouse_single_dock_w2,wear_medium,closest,36,rapidity,pibt,token_passing,11,20,0.45454545454545453,0.55,-0.09545454545454551,-0.1337796730949949,0.8945160314154262,0.03636363636363636,0.9686017149989126,False
aux_SDw2_inenv,warehouse_single_dock_w2,wear_medium,closest,36,rapidity,rhcr_pbs,token_passing,21,20,0.047619047619047616,0.55,-0.5023809523809524,-0.9100154927363296,0.3740484517388393,-0.004761904761904762,0.5302775239510453,False
aux_SDw2_inenv,warehouse_single_dock_w2,zone_50t,closest,36,attack_rate,pibt,rhcr_pbs,30,30,0.2509266666666667,0.2379733333333333,0.0129533333333334,0.3785354821387831,0.7064179946468233,0.11555555555555555,0.8234174926964756,False
aux_SDw2_inenv,warehouse_single_dock_w2,zone_50t,closest,36,attack_rate,pibt,token_passing,30,30,0.2509266666666667,0.23888666666666666,0.012040000000000023,0.3715110131835599,0.7116159212364948,0.07333333333333333,0.825624674665134,False
aux_SDw2_inenv,warehouse_single_dock_w2,zone_50t,closest,36,attack_rate,rhcr_pbs,token_passing,30,30,0.2379733333333333,0.23888666666666666,-0.0009133333333333771,-0.027467117396798784,0.9781825785717162,-0.014444444444444444,1.0,False
aux_SDw2_inenv,warehouse_single_dock_w2,zone_50t,closest,36,cascade_depth_avg,pibt,rhcr_pbs,30,30,0.042,0.06133333333333334,-0.019333333333333334,-0.7497944334329172,0.4565270440886956,-0.05555555555555555,0.6087027254515941,False
aux_SDw2_inenv,warehouse_single_dock_w2,zone_50t,closest,36,cascade_depth_avg,pibt,token_passing,30,30,0.042,0.010333333333333333,0.03166666666666667,1.8172502984921524,0.07731331661827746,0.17666666666666667,0.15662324686514748,False
aux_SDw2_inenv,warehouse_single_dock_w2,zone_50t,closest,36,cascade_depth_avg,rhcr_pbs,token_passing,30,30,0.06133333333333334,0.010333333333333333,0.051000000000000004,2.4452843753844555,0.01975308825432918,0.21777777777777776,0.0470343349327366,True
aux_SDw2_inenv,warehouse_single_dock_w2,zone_50t,closest,36,critical_time,pibt,rhcr_pbs,29,30,0.22160689655172414,0.18247000000000002,0.039136896551724115,3.749628126934017,0.0006007280046152106,0.5045977011494253,0.002014793212628687,True
aux_SDw2_inenv,warehouse_single_dock_w2,zone_50t,closest,36,critical_time,pibt,token_passing,29,30,0.22160689655172414,0.20906000000000002,0.012546896551724113,1.8682201414172692,0.06757308819747641,0.296551724137931,0.14010748977215373,False
aux_SDw2_inenv,warehouse_single_dock_w2,zone_50t,closest,36,critical_time,rhcr_pbs,token_passing,30,30,0.18247000000000002,0.20906000000000002,-0.026590000000000003,-2.3657252696641886,0.022245565994402434,-0.34444444444444444,0.052438629689643135,False
aux_SDw2_inenv,warehouse_single_dock_w2,zone_50t,closest,36,fault_tolerance,pibt,rhcr_pbs,30,30,0.9528566666666667,0.9695233333333332,-0.016666666666666496,-1.6610971295279313,0.10218542946178023,-0.2,0.19577452700140258,False
aux_SDw2_inenv,warehouse_single_dock_w2,zone_50t,closest,36,fault_tolerance,pibt,token_passing,30,30,0.9528566666666667,0.9698166666666668,-0.016960000000000086,-0.8135162031866294,0.42136076141551193,-0.25333333333333335,0.5746881394063489,False
aux_SDw2_inenv,warehouse_single_dock_w2,zone_50t,closest,36,fault_tolerance,rhcr_pbs,token_passing,30,30,0.9695233333333332,0.9698166666666668,-0.0002933333333335897,-0.013859161468848545,0.9890162465777287,-0.08222222222222222,1.0,False
aux_SDw2_inenv,warehouse_single_dock_w2,zone_50t,closest,36,itae,pibt,rhcr_pbs,29,30,21650.96551724138,19675.870556666665,1975.0949605747155,3.157102789960487,0.003140514861250909,0.39080459770114945,0.00878100392888373,True
aux_SDw2_inenv,warehouse_single_dock_w2,zone_50t,closest,36,itae,pibt,token_passing,29,30,21650.96551724138,19982.212216666667,1668.7533005747136,2.793027476965549,0.008099075386105327,0.4,0.021060579088730613,True
aux_SDw2_inenv,warehouse_single_dock_w2,zone_50t,closest,36,itae,rhcr_pbs,token_passing,30,30,19675.870556666665,19982.212216666667,-306.34166000000187,-0.38113454456062085,0.7044999362328557,-0.10888888888888888,0.8232005196235007,False
aux_SDw2_inenv,warehouse_single_dock_w2,zone_50t,closest,36,rapidity,pibt,rhcr_pbs,23,23,7.0,7.869565217391305,-0.8695652173913047,-0.14981607746523515,0.8816037845194663,-0.015122873345935728,0.9605827289801924,False
aux_SDw2_inenv,warehouse_single_dock_w2,zone_50t,closest,36,rapidity,pibt,token_passing,23,19,7.0,13.473684210526315,-6.473684210526315,-0.873311322134713,0.3893387161484645,-0.09153318077803203,0.5416219381296866,False
aux_SDw2_inenv,warehouse_single_dock_w2,zone_50t,closest,36,rapidity,rhcr_pbs,token_passing,23,19,7.869565217391305,13.473684210526315,-5.60411899313501,-0.7301675975651052,0.4704502404669184,-0.07780320366132723,0.6237330887692852,False
aux_SDw2_inenv,warehouse_single_dock_w2,burst_20pct,closest,72,attack_rate,pibt,rhcr_pbs,30,30,0.19439999999999996,0.19439999999999996,0.0,0.0,1.0,0.0,1.0,False
aux_SDw2_inenv,warehouse_single_dock_w2,burst_20pct,closest,72,attack_rate,pibt,token_passing,30,30,0.19439999999999996,0.19439999999999996,0.0,0.0,1.0,0.0,1.0,False
aux_SDw2_inenv,warehouse_single_dock_w2,burst_20pct,closest,72,attack_rate,rhcr_pbs,token_passing,30,30,0.19439999999999996,0.19439999999999996,0.0,0.0,1.0,0.0,1.0,False
aux_SDw2_inenv,warehouse_single_dock_w2,burst_20pct,closest,72,critical_time,pibt,rhcr_pbs,30,30,0.3212,0.19159999999999996,0.12960000000000002,8.803146542086042,4.7404232527137653e-11,0.8366666666666667,4.3464140472934006e-10,True
aux_SDw2_inenv,warehouse_single_dock_w2,burst_20pct,closest,72,critical_time,pibt,token_passing,30,30,0.3212,0.28537666666666667,0.03582333333333332,1.7219698977289128,0.09392824402686009,0.21555555555555556,0.18318602288111388,False
aux_SDw2_inenv,warehouse_single_dock_w2,burst_20pct,closest,72,critical_time,rhcr_pbs,token_passing,30,30,0.19159999999999996,0.28537666666666667,-0.0937766666666667,-3.931875967284475,0.0002565479684007328,-0.5288888888888889,0.000936035481606808,True
aux_SDw2_inenv,warehouse_single_dock_w2,burst_20pct,closest,72,fault_tolerance,pibt,rhcr_pbs,30,30,0.7228733333333331,0.6478233333333333,0.07504999999999984,1.4287512474973791,0.1618077829085725,0.2,0.2884754917511419,False
aux_SDw2_inenv,warehouse_single_dock_w2,burst_20pct,closest,72,fault_tolerance,pibt,token_passing,30,30,0.7228733333333331,0.61292,0.10995333333333313,1.7897830074847498,0.08248806995970642,0.44,0.165444822135093,False
aux_SDw2_inenv,warehouse_single_dock_w2,burst_20pct,closest,72,fault_tolerance,rhcr_pbs,token_passing,30,30,0.6478233333333333,0.61292,0.034903333333333286,0.45180389155968803,0.6531439390476113,0.1622222222222222,0.7862922821197049,False
aux_SDw2_inenv,warehouse_single_dock_w2,burst_20pct,closest,72,itae,pibt,rhcr_pbs,30,30,34358.305550000005,23474.03945,10884.266100000004,9.777894134688296,3.991643565252215e-12,0.9333333333333333,4.2377448978467126e-11,True
aux_SDw2_inenv,warehouse_single_dock_w2,burst_20pct,closest,72,itae,pibt,token_passing,30,30,34358.305550000005,23821.76555333333,10536.539996666674,4.732333992638033,4.489561970646674e-05,0.4866666666666667,0.00018535852346646502,True
aux_SDw2_inenv,warehouse_single_dock_w2,burst_20pct,closest,72,itae,rhcr_pbs,token_passing,30,30,23474.03945,23821.76555333333,-347.7261033333307,-0.14439997350579867,0.8858903714158732,-0.015555555555555555,0.9614736390770278,False
aux_SDw2_inenv,warehouse_single_dock_w2,burst_20pct,closest,72,rapidity,pibt,rhcr_pbs,20,13,10.1,9.384615384615385,0.7153846153846146,0.07814057226450208,0.9383232761216315,0.08076923076923077,0.9993495271007312,False
aux_SDw2_inenv,warehouse_single_dock_w2,burst_20pct,closest,72,rapidity,pibt,token_passing,20,15,10.1,12.466666666666667,-2.366666666666667,-0.2442639984087281,0.8088582731733714,0.04,0.8971782260179108,False
aux_SDw2_inenv,warehouse_single_dock_w2,burst_20pct,closest,72,rapidity,rhcr_pbs,token_passing,13,15,9.384615384615385,12.466666666666667,-3.0820512820512818,-0.2907644938053453,0.7735386128131735,-0.041025641025641026,0.8710020105998413,False
aux_SDw2_inenv,warehouse_single_dock_w2,burst_50pct,closest,72,critical_time,pibt,rhcr_pbs,30,30,0.4485533333333333,0.27814,0.1704133333333333,15.260041703211343,9.676455552345534e-22,1.0,3.10526255452543e-20,True
aux_SDw2_inenv,warehouse_single_dock_w2,burst_50pct,closest,72,critical_time,pibt,token_passing,30,30,0.4485533333333333,0.32344000000000006,0.12511333333333324,5.608992963973965,2.351526064822612e-06,0.6577777777777778,1.1067849345098428e-05,True
aux_SDw2_inenv,warehouse_single_dock_w2,burst_50pct,closest,72,critical_time,rhcr_pbs,token_passing,30,30,0.27814,0.32344000000000006,-0.04530000000000006,-1.993894956485469,0.05335458673672399,-0.24888888888888888,0.11414647950341555,False
aux_SDw2_inenv,warehouse_single_dock_w2,burst_50pct,closest,72,fault_tolerance,pibt,rhcr_pbs,30,30,0.34707000000000005,0.32506999999999997,0.022000000000000075,0.7838105720108517,0.4367132000824377,0.13111111111111112,0.5872752747775257,False
aux_SDw2_inenv,warehouse_single_dock_w2,burst_50pct,closest,72,fault_tolerance,pibt,token_passing,30,30,0.34707000000000005,0.34595000000000004,0.0011200000000000099,0.0367756268840983,0.9708147449858043,0.056666666666666664,1.0,False
aux_SDw2_inenv,warehouse_single_dock_w2,burst_50pct,closest,72,fault_tolerance,rhcr_pbs,token_passing,30,30,0.32506999999999997,0.34595000000000004,-0.020880000000000065,-0.603422046903433,0.5486125476289484,-0.07777777777777778,0.6935012688022159,False
aux_SDw2_inenv,warehouse_single_dock_w2,burst_50pct,closest,72,itae,pibt,rhcr_pbs,30,30,39895.05444666666,25256.996270000007,14638.058176666655,14.649967491833852,1.2699042344484997e-19,1.0,3.4482784212332336e-18,True
aux_SDw2_inenv,warehouse_single_dock_w2,burst_50pct,closest,72,itae,pibt,token_passing,30,30,39895.05444666666,25118.50611666666,14776.548330000001,6.5776428527811275,1.9012754861326432e-07,0.7533333333333333,1.0092484911350722e-06,True
aux_SDw2_inenv,warehouse_single_dock_w2,burst_50pct,closest,72,itae,rhcr_pbs,token_passing,30,30,25256.996270000007,25118.50611666666,138.49015333334683,0.05926104544191248,0.9530594423898187,-0.03333333333333333,1.0,False
aux_SDw2_inenv,warehouse_single_dock_w2,burst_50pct,closest,72,rapidity,pibt,rhcr_pbs,12,8,114.16666666666667,34.75,79.41666666666667,1.7087953948599603,0.10469853373288603,0.2708333333333333,0.1997761211227501,False
aux_SDw2_inenv,warehouse_single_dock_w2,burst_50pct,closest,72,rapidity,pibt,token_passing,12,10,114.16666666666667,29.8,84.36666666666667,1.7795676071354676,0.09053334360044588,0.36666666666666664,0.17878752610325815,False
aux_SDw2_inenv,warehouse_single_dock_w2,burst_50pct,closest,72,rapidity,rhcr_pbs,token_passing,8,10,34.75,29.8,4.949999999999999,0.12046471474817248,0.9056228749896964,0.125,0.9768827345190613,False
aux_SDw2_inenv,warehouse_single_dock_w2,intermittent_80s80m15r,closest,72,attack_rate,pibt,rhcr_pbs,30,30,0.9972200000000001,1.0,-0.0027799999999998937,-2.2622217085916048,0.03135169328065589,-0.16666666666666666,0.07094325466712519,False
aux_SDw2_inenv,warehouse_single_dock_w2,intermittent_80s80m15r,closest,72,attack_rate,pibt,token_passing,30,30,0.9972200000000001,0.9949033333333334,0.0023166666666667446,1.1662869032588132,0.2485330719083559,0.13444444444444445,0.4029032118652107,False
aux_SDw2_inenv,warehouse_single_dock_w2,intermittent_80s80m15r,closest,72,attack_rate,rhcr_pbs,token_passing,30,30,1.0,0.9949033333333334,0.005096666666666638,3.2658312104945924,0.0028031527280157737,0.3,0.008028502336629356,True
aux_SDw2_inenv,warehouse_single_dock_w2,intermittent_80s80m15r,closest,72,cascade_depth_avg,pibt,rhcr_pbs,30,30,0.20600000000000002,0.2933333333333333,-0.08733333333333326,-6.682665804462147,1.0139028462863787e-08,-0.8022222222222222,6.391209013198067e-08,True
aux_SDw2_inenv,warehouse_single_dock_w2,intermittent_80s80m15r,closest,72,cascade_depth_avg,pibt,token_passing,30,30,0.20600000000000002,0.04966666666666667,0.15633333333333335,15.596031124764211,2.8545471031508017e-19,1.0,7.071264052015671e-18,True
aux_SDw2_inenv,warehouse_single_dock_w2,intermittent_80s80m15r,closest,72,cascade_depth_avg,rhcr_pbs,token_passing,30,30,0.2933333333333333,0.04966666666666667,0.24366666666666661,23.12861484706102,2.7272854366842464e-25,1.0,1.1669475868479261e-23,True
aux_SDw2_inenv,warehouse_single_dock_w2,intermittent_80s80m15r,closest,72,critical_time,pibt,rhcr_pbs,30,30,0.31702,0.1762533333333334,0.14076666666666662,13.581425331659803,5.000109532814188e-16,0.9288888888888889,9.540749540991397e-15,True
aux_SDw2_inenv,warehouse_single_dock_w2,intermittent_80s80m15r,closest,72,critical_time,pibt,token_passing,30,30,0.31702,0.23680333333333334,0.08021666666666669,6.0710977728046,7.01235512714781e-07,0.6855555555555556,3.5236460638906432e-06,True
aux_SDw2_inenv,warehouse_single_dock_w2,intermittent_80s80m15r,closest,72,critical_time,rhcr_pbs,token_passing,30,30,0.1762533333333334,0.23680333333333334,-0.06054999999999994,-3.7961731603552566,0.0003726896498853261,-0.5311111111111111,0.0013133999281608746,True
aux_SDw2_inenv,warehouse_single_dock_w2,intermittent_80s80m15r,closest,72,fault_tolerance,pibt,rhcr_pbs,30,30,0.72629,0.6873466666666667,0.03894333333333333,0.880527442464098,0.3856696421495364,0.28,0.5389859308663154,False
aux_SDw2_inenv,warehouse_single_dock_w2,intermittent_80s80m15r,closest,72,fault_tolerance,pibt,token_passing,30,30,0.72629,0.8791466666666665,-0.15285666666666653,-3.3571018427043784,0.0021794918813616143,-0.4066666666666667,0.006384735552868464,True
aux_SDw2_inenv,warehouse_single_dock_w2,intermittent_80s80m15r,closest,72,fault_tolerance,rhcr_pbs,token_passing,30,30,0.6873466666666667,0.8791466666666665,-0.19179999999999986,-3.0364838271957946,0.0035834232778491127,-0.4711111111111111,0.009979869168289838,True
aux_SDw2_inenv,warehouse_single_dock_w2,intermittent_80s80m15r,closest,72,itae,pibt,rhcr_pbs,30,30,37324.500003333334,24776.54197333334,12547.958029999994,13.610722981257034,1.1153069539055128e-15,0.9911111111111112,2.0452122323566027e-14,True
aux_SDw2_inenv,warehouse_single_dock_w2,intermittent_80s80m15r,closest,72,itae,pibt,token_passing,30,30,37324.500003333334,23059.009440000005,14265.49056333333,7.668208373153028,1.3306898555774913e-08,0.9111111111111111,8.204952297272566e-08,True
aux_SDw2_inenv,warehouse_single_dock_w2,intermittent_80s80m15r,closest,72,itae,rhcr_pbs,token_passing,30,30,24776.54197333334,23059.009440000005,1717.5325333333349,0.8446541782550763,0.4031511277008561,0.07333333333333333,0.556451018879383,False
aux_SDw2_inenv,warehouse_single_dock_w2,wear_high,closest,72,attack_rate,pibt,rhcr_pbs,30,30,0.9425933333333333,0.8629600000000001,0.07963333333333322,2.4068556630214797,0.02207597626350527,0.41,0.05212588375262449,False
aux_SDw2_inenv,warehouse_single_dock_w2,wear_high,closest,72,attack_rate,pibt,token_passing,30,30,0.9425933333333333,0.8064733333333335,0.1361199999999998,6.722556827042623,6.682713559002425e-08,0.8666666666666667,3.774396618124569e-07,True
aux_SDw2_inenv,warehouse_single_dock_w2,wear_high,closest,72,attack_rate,rhcr_pbs,token_passing,30,30,0.8629600000000001,0.8064733333333335,0.056486666666666574,1.5075837327457238,0.13837459174849276,0.5877777777777777,0.2540766236006135,False
aux_SDw2_inenv,warehouse_single_dock_w2,wear_high,closest,72,critical_time,pibt,rhcr_pbs,30,30,0.51947,0.3265666666666667,0.19290333333333326,23.52775110094423,2.9285524659785247e-24,1.0,1.2162106123416696e-22,True
aux_SDw2_inenv,warehouse_single_dock_w2,wear_high,closest,72,critical_time,pibt,token_passing,30,30,0.51947,0.33812666666666674,0.18134333333333325,8.510556205874831,1.6068802075939101e-09,1.0,1.1344574265613007e-08,True
aux_SDw2_inenv,warehouse_single_dock_w2,wear_high,closest,72,critical_time,rhcr_pbs,token_passing,30,30,0.3265666666666667,0.33812666666666674,-0.011560000000000015,-0.5155466284002044,0.6092854041199373,-0.18444444444444444,0.7487475984485217,False
aux_SDw2_inenv,warehouse_single_dock_w2,wear_high,closest,72,fault_tolerance,pibt,rhcr_pbs,30,30,0.21133333333333332,0.23336333333333334,-0.022030000000000022,-2.184455400704308,0.03359798452221101,-0.3022222222222222,0.07578331333124912,False
aux_SDw2_inenv,warehouse_single_dock_w2,wear_high,closest,72,fault_tolerance,pibt,token_passing,30,30,0.21133333333333332,0.3711966666666667,-0.15986333333333336,-5.153095421641997,1.3914053341062974e-05,-0.8666666666666667,6.197679279993981e-05,True
aux_SDw2_inenv,warehouse_single_dock_w2,wear_high,closest,72,fault_tolerance,rhcr_pbs,token_passing,30,30,0.23336333333333334,0.3711966666666667,-0.13783333333333334,-4.3551257780193735,0.00011936751695587524,-0.7066666666666667,0.0004617724217580708,True
aux_SDw2_inenv,warehouse_single_dock_w2,wear_high,closest,72,itae,pibt,rhcr_pbs,30,30,62247.66389333333,40412.28230666667,21835.381586666663,13.848271903140686,6.051627814877636e-18,1.0,1.2946815870617002e-16,True
aux_SDw2_inenv,warehouse_single_dock_w2,wear_high,closest,72,itae,pibt,token_passing,30,30,62247.66389333333,36058.10278333333,26189.561110000002,8.522490807234737,7.78470915116066e-10,0.9066666666666666,5.9739181094776376e-09,True
aux_SDw2_inenv,warehouse_single_dock_w2,wear_high,closest,72,itae,rhcr_pbs,token_passing,30,30,40412.28230666667,36058.10278333333,4354.17952333334,1.3285770995512494,0.19136054092096802,0.16444444444444445,0.3291121605120668,False
aux_SDw2_inenv,warehouse_single_dock_w2,wear_high,closest,72,rapidity,pibt,rhcr_pbs,11,12,3.090909090909091,0.3333333333333333,2.7575757575757573,0.9158990692145321,0.38076669270283053,0.09848484848484848,0.5357035402346788,False
aux_SDw2_inenv,warehouse_single_dock_w2,wear_high,closest,72,rapidity,pibt,token_passing,11,13,3.090909090909091,0.23076923076923078,2.86013986013986,0.9530108154491528,0.36279454555609514,0.1048951048951049,0.5196180996155636,False
aux_SDw2_inenv,warehouse_single_dock_w2,wear_high,closest,72,rapidity,rhcr_pbs,token_passing,12,13,0.3333333333333333,0.23076923076923078,0.10256410256410253,0.2529822128134703,0.8028789617820759,0.01282051282051282,0.893353107987621,False
aux_SDw2_inenv,warehouse_single_dock_w2,wear_medium,closest,72,attack_rate,pibt,rhcr_pbs,30,30,0.5560166666666666,0.46296666666666664,0.09304999999999997,4.128032073354636,0.00018820425097948237,0.6433333333333333,0.000703027519531823,True
aux_SDw2_inenv,warehouse_single_dock_w2,wear_medium,closest,72,attack_rate,pibt,token_passing,30,30,0.5560166666666666,0.25972,0.2962966666666666,14.00988447789675,4.693636316040982e-17,0.9855555555555555,9.46773496892838e-16,True
aux_SDw2_inenv,warehouse_single_dock_w2,wear_medium,closest,72,attack_rate,rhcr_pbs,token_passing,30,30,0.46296666666666664,0.25972,0.20324666666666663,7.159176033268704,1.6290212823004755e-09,0.7922222222222223,1.1443671893573491e-08,True
aux_SDw2_inenv,warehouse_single_dock_w2,wear_medium,closest,72,critical_time,pibt,rhcr_pbs,30,30,0.3359966666666668,0.1653133333333333,0.17068333333333346,18.590978425912546,5.1870793917938656e-24,0.9933333333333333,2.0926160289179825e-22,True
aux_SDw2_inenv,warehouse_single_dock_w2,wear_medium,closest,72,critical_time,pibt,token_passing,30,30,0.3359966666666668,0.24995,0.08604666666666677,4.922244002333086,2.1523323387203982e-05,0.54,9.379917476151858e-05,True
aux_SDw2_inenv,warehouse_single_dock_w2,wear_medium,closest,72,critical_time,rhcr_pbs,token_passing,30,30,0.1653133333333333,0.24995,-0.0846366666666667,-4.588872482983252,4.206645720151042e-05,-0.5344444444444445,0.0001752148600841673,True
aux_SDw2_inenv,warehouse_single_dock_w2,wear_medium,closest,72,fault_tolerance,pibt,rhcr_pbs,30,30,0.6891866666666666,0.7399600000000002,-0.05077333333333356,-1.5504925946657733,0.12883021608364423,-0.20333333333333334,0.23809982344254665,False
aux_SDw2_inenv,warehouse_single_dock_w2,wear_medium,closest,72,fault_tolerance,pibt,token_passing,30,30,0.6891866666666666,0.8351899999999998,-0.14600333333333315,-2.628488494775257,0.012973709972536095,-0.2,0.032365509684135985,True
aux_SDw2_inenv,warehouse_single_dock_w2,wear_medium,closest,72,fault_tolerance,rhcr_pbs,token_passing,30,30,0.7399600000000002,0.8351899999999998,-0.09522999999999959,-1.5459859870085852,0.12907229124052808,-0.06444444444444444,0.23823539245964134,False
aux_SDw2_inenv,warehouse_single_dock_w2,wear_medium,closest,72,itae,pibt,rhcr_pbs,30,30,39463.09111,24342.586346666667,15120.504763333334,8.406126082763166,1.290318848005583e-11,0.9066666666666666,1.2565035954371609e-10,True
aux_SDw2_inenv,warehouse_single_dock_w2,wear_medium,closest,72,itae,pibt,token_passing,30,30,39463.09111,23256.188879999998,16206.902230000003,5.868955550499447,5.246838996270238e-07,0.6755555555555556,2.6745619721059845e-06,True
aux_SDw2_inenv,warehouse_single_dock_w2,wear_medium,closest,72,itae,rhcr_pbs,token_passing,30,30,24342.586346666667,23256.188879999998,1086.397466666669,0.3958519271065224,0.6941584547606219,0.19777777777777777,0.8161130209175671,False
aux_SDw2_inenv,warehouse_single_dock_w2,wear_medium,closest,72,rapidity,pibt,rhcr_pbs,11,17,0.0,0.11764705882352941,-0.11764705882352941,-0.9999999999999999,0.33219498465297953,-0.058823529411764705,0.49003774157567986,False
aux_SDw2_inenv,warehouse_single_dock_w2,wear_medium,closest,72,rapidity,pibt,token_passing,11,14,0.0,0.07142857142857142,-0.07142857142857142,-1.0,0.33556127786542245,-0.07142857142857142,0.4910850231895617,False
aux_SDw2_inenv,warehouse_single_dock_w2,wear_medium,closest,72,rapidity,rhcr_pbs,token_passing,17,14,0.11764705882352941,0.07142857142857142,0.046218487394957986,0.33580938097996493,0.739743297172601,-0.008403361344537815,0.8457631867268929,False
aux_SDw2_inenv,warehouse_single_dock_w2,zone_50t,closest,72,attack_rate,pibt,rhcr_pbs,30,30,0.2532433333333333,0.23795999999999998,0.015283333333333343,0.4387605905509854,0.6624690939743473,0.07666666666666666,0.7907069828332869,False
aux_SDw2_inenv,warehouse_single_dock_w2,zone_50t,closest,72,attack_rate,pibt,token_passing,30,30,0.2532433333333333,0.24074,0.01250333333333331,0.39305948686085196,0.6958123636630821,0.10666666666666667,0.8173177865389109,False
aux_SDw2_inenv,warehouse_single_dock_w2,zone_50t,closest,72,attack_rate,rhcr_pbs,token_passing,30,30,0.23795999999999998,0.24074,-0.0027800000000000324,-0.09009570739001445,0.9285354378805699,-0.03666666666666667,0.9940437908208586,False
aux_SDw2_inenv,warehouse_single_dock_w2,zone_50t,closest,72,cascade_depth_avg,pibt,rhcr_pbs,30,30,0.060666666666666674,0.04633333333333334,0.014333333333333337,0.6683925448738249,0.5069702855261139,0.24444444444444444,0.658548337776332,False
aux_SDw2_inenv,warehouse_single_dock_w2,zone_50t,closest,72,cascade_depth_avg,pibt,token_passing,30,30,0.060666666666666674,0.042,0.01866666666666667,1.2629129584624599,0.2119883298010933,0.1411111111111111,0.35634228771326637,False
aux_SDw2_inenv,warehouse_single_dock_w2,zone_50t,closest,72,cascade_depth_avg,rhcr_pbs,token_passing,30,30,0.04633333333333334,0.042,0.004333333333333335,0.21525583861792866,0.8305900840612253,-0.13333333333333333,0.9162446864800391,False
aux_SDw2_inenv,warehouse_single_dock_w2,zone_50t,closest,72,critical_time,pibt,rhcr_pbs,29,30,0.26382413793103443,0.11163666666666666,0.15218747126436777,21.596215732892333,3.8614610088219945e-28,1.0,2.2718262268569403e-26,True
aux_SDw2_inenv,warehouse_single_dock_w2,zone_50t,closest,72,critical_time,pibt,token_passing,29,30,0.26382413793103443,0.20997333333333332,0.05385080459770111,3.765982020580098,0.0006180910333743871,0.5367816091954023,0.002068115021622357,True
aux_SDw2_inenv,warehouse_single_dock_w2,zone_50t,closest,72,critical_time,rhcr_pbs,token_passing,30,30,0.11163666666666666,0.20997333333333332,-0.09833666666666666,-6.664957786847122,6.573424856149269e-08,-0.7977777777777778,3.727580681479023e-07,True
aux_SDw2_inenv,warehouse_single_dock_w2,zone_50t,closest,72,fault_tolerance,pibt,rhcr_pbs,30,30,0.9545833333333333,1.02776,-0.07317666666666667,-1.650093948283689,0.10939465952032557,-0.1988888888888889,0.20705798826099153,False
aux_SDw2_inenv,warehouse_single_dock_w2,zone_50t,closest,72,fault_tolerance,pibt,token_passing,30,30,0.9545833333333333,1.04108,-0.08649666666666667,-1.3685403513510301,0.18149833163395698,0.016666666666666666,0.31599956136516305,False
aux_SDw2_inenv,warehouse_single_dock_w2,zone_50t,closest,72,fault_tolerance,rhcr_pbs,token_passing,30,30,1.02776,1.04108,-0.013319999999999999,-0.1733843626318209,0.8630241164646418,0.09777777777777778,0.9451997509933833,False
aux_SDw2_inenv,warehouse_single_dock_w2,zone_50t,closest,72,itae,pibt,rhcr_pbs,29,30,33482.37413793104,22673.945713333334,10808.428424597703,12.377167285005187,1.5380255754751037e-16,0.9977011494252873,3.0162390452372867e-15,True
aux_SDw2_inenv,warehouse_single_dock_w2,zone_50t,closest,72,itae,pibt,token_passing,29,30,33482.37413793104,20012.552776666664,13469.821361264374,7.590769079077258,9.64021808994431e-09,0.8551724137931035,6.12473391551566e-08,True
aux_SDw2_inenv,warehouse_single_dock_w2,zone_50t,closest,72,itae,rhcr_pbs,token_passing,30,30,22673.945713333334,20012.552776666664,2661.3929366666707,1.423875604640265,0.16232492359098355,0.14888888888888888,0.28903252472946883,False
aux_SDw2_inenv,warehouse_single_dock_w2,zone_50t,closest,72,rapidity,pibt,rhcr_pbs,18,14,13.5,18.357142857142858,-4.857142857142858,-0.4799038500316527,0.6353384502381466,-0.11507936507936507,0.7720291667265603,False
aux_SDw2_inenv,warehouse_single_dock_w2,zone_50t,closest,72,rapidity,pibt,token_passing,18,14,13.5,15.785714285714286,-2.2857142857142865,-0.2470079141091881,0.8066959472301974,-0.011904761904761904,0.8961877871668283,False
aux_SDw2_inenv,warehouse_single_dock_w2,zone_50t,closest,72,rapidity,rhcr_pbs,token_passing,14,14,18.357142857142858,15.785714285714286,2.571428571428571,0.24200810424706293,0.8107144263868695,0.08163265306122448,0.898531216686232,False
aux_SDw2_outenv,warehouse_single_dock_w2,burst_20pct,closest,108,attack_rate,pibt,rhcr_pbs,30,30,0.2036999999999999,0.2036999999999999,0.0,0.0,1.0,0.0,1.0,False
aux_SDw2_outenv,warehouse_single_dock_w2,burst_20pct,closest,108,critical_time,pibt,rhcr_pbs,30,30,0.38386333333333333,0.23292000000000002,0.15094333333333332,5.58246009396448,2.489402339485946e-06,0.6355555555555555,1.1677860808485568e-05,True
aux_SDw2_outenv,warehouse_single_dock_w2,burst_20pct,closest,108,fault_tolerance,pibt,rhcr_pbs,30,29,0.59803,0.6010206896551724,-0.0029906896551724627,-0.020080454828071165,0.9841182073481033,0.4160919540229885,1.0,False
aux_SDw2_outenv,warehouse_single_dock_w2,burst_20pct,closest,108,itae,pibt,rhcr_pbs,30,30,41940.08,23130.359946666667,18809.720053333334,7.461851529624147,1.8633680731092527e-08,0.9977777777777778,1.1008685017699852e-07,True
aux_SDw2_outenv,warehouse_single_dock_w2,burst_20pct,closest,108,rapidity,pibt,rhcr_pbs,23,12,33.69565217391305,22.666666666666668,11.028985507246379,0.8879298953543758,0.3820491961871966,0.12318840579710146,0.5357035402346788,False
aux_SDw2_outenv,warehouse_single_dock_w2,burst_50pct,closest,108,critical_time,pibt,rhcr_pbs,30,30,0.5665033333333334,0.2758933333333333,0.29061000000000003,10.655518127757048,1.17652798273626e-12,1.0,1.4078453488335586e-11,True
aux_SDw2_outenv,warehouse_single_dock_w2,burst_50pct,closest,108,fault_tolerance,pibt,rhcr_pbs,30,29,0.25256,0.5905137931034482,-0.3379537931034482,-1.3826436931427948,0.17763822251478265,0.0367816091954023,0.31119748162639344,False
aux_SDw2_outenv,warehouse_single_dock_w2,burst_50pct,closest,108,itae,pibt,rhcr_pbs,30,30,50608.71222666666,23119.97881666666,27488.733410000004,10.731044972861458,2.2701845874363682e-12,1.0,2.606098079235896e-11,True
aux_SDw2_outenv,warehouse_single_dock_w2,burst_50pct,closest,108,rapidity,pibt,rhcr_pbs,6,10,0.0,99.0,-99.0,-3.274350325813325,0.009615650585656638,-0.8,0.024685997503540315,True
aux_SDw2_outenv,warehouse_single_dock_w2,intermittent_80s80m15r,closest,108,attack_rate,pibt,rhcr_pbs,30,30,0.99907,0.99969,-0.0006199999999999539,-1.0269106361048674,0.3096740058164366,-0.06666666666666667,0.47528227849218313,False
aux_SDw2_outenv,warehouse_single_dock_w2,intermittent_80s80m15r,closest,108,cascade_depth_avg,pibt,rhcr_pbs,30,30,0.35233333333333333,0.44500000000000006,-0.09266666666666673,-3.166927106112091,0.002749809283575251,-0.5022222222222222,0.007923940221241337,True
aux_SDw2_outenv,warehouse_single_dock_w2,intermittent_80s80m15r,closest,108,critical_time,pibt,rhcr_pbs,30,30,0.3456,0.2001766666666667,0.14542333333333332,7.5039131971029285,1.7069313369383163e-08,0.8266666666666667,1.0256115096837884e-07,True
aux_SDw2_outenv,warehouse_single_dock_w2,intermittent_80s80m15r,closest,108,fault_tolerance,pibt,rhcr_pbs,30,29,0.6662166666666669,1.1418689655172414,-0.4756522988505745,-0.7866554441480859,0.43809048890714053,0.4528735632183908,0.5881468438738819,False
aux_SDw2_outenv,warehouse_single_dock_w2,intermittent_80s80m15r,closest,108,itae,pibt,rhcr_pbs,30,30,44200.41943666666,23139.491716666667,21060.927719999996,8.964764331482657,4.74332962161783e-10,1.0,3.7208785698468753e-09,True
aux_SDw2_outenv,warehouse_single_dock_w2,wear_high,closest,108,attack_rate,pibt,rhcr_pbs,30,30,0.935793333333333,0.7197466666666666,0.2160466666666664,4.185804827287668,0.00023248254596573662,0.7655555555555555,0.0008504283805793268,True
aux_SDw2_outenv,warehouse_single_dock_w2,wear_high,closest,108,critical_time,pibt,rhcr_pbs,30,30,0.6230566666666667,0.2880266666666667,0.33503,13.901868397907496,7.589904009376919e-15,1.0,1.2178345978682057e-13,True
aux_SDw2_outenv,warehouse_single_dock_w2,wear_high,closest,108,fault_tolerance,pibt,rhcr_pbs,30,30,0.21148333333333333,0.4697500000000001,-0.25826666666666676,-2.0003214114992454,0.05486858118862126,-0.40444444444444444,0.11703087105488401,False
aux_SDw2_outenv,warehouse_single_dock_w2,wear_high,closest,108,itae,pibt,rhcr_pbs,30,30,76751.43286666667,33971.47782666667,42779.95504,12.958170701671076,1.9690952351112707e-14,1.0,2.9266973389232785e-13,True
aux_SDw2_outenv,warehouse_single_dock_w2,wear_high,closest,108,rapidity,pibt,rhcr_pbs,5,15,0.2,0.26666666666666666,-0.06666666666666665,-0.19999999999999993,0.8439667796875548,0.12,0.9273782824271031,False
aux_SDw2_outenv,warehouse_single_dock_w2,wear_medium,closest,108,attack_rate,pibt,rhcr_pbs,30,30,0.5481599999999999,0.24567666666666668,0.3024833333333332,8.894655217388339,3.1781379126278575e-10,0.95,2.5939484003644707e-09,True
aux_SDw2_outenv,warehouse_single_dock_w2,wear_medium,closest,108,critical_time,pibt,rhcr_pbs,30,30,0.34644,0.19126333333333337,0.15517666666666666,6.6351131474725,1.7837093315266866e-07,0.6844444444444444,9.504141796662949e-07,True
aux_SDw2_outenv,warehouse_single_dock_w2,wear_medium,closest,108,fault_tolerance,pibt,rhcr_pbs,30,29,0.6981566666666666,1.0761551724137932,-0.37799850574712657,-0.9111397077491554,0.3699933901457376,0.13333333333333333,0.526643817425183,False
aux_SDw2_outenv,warehouse_single_dock_w2,wear_medium,closest,108,itae,pibt,rhcr_pbs,30,30,48223.16666666667,23894.97703666667,24328.18963,8.825383876074337,2.7220016414580923e-11,0.9022222222222223,2.5343641729902543e-10,True
aux_SDw2_outenv,warehouse_single_dock_w2,wear_medium,closest,108,rapidity,pibt,rhcr_pbs,6,10,0.8333333333333334,0.0,0.8333333333333334,1.0,0.3632174676491227,0.16666666666666666,0.5196180996155636,False
aux_SDw2_outenv,warehouse_single_dock_w2,zone_50t,closest,108,attack_rate,pibt,rhcr_pbs,30,30,0.2546333333333333,0.24320666666666665,0.011426666666666668,0.29719890223811357,0.7674638962495149,0.08555555555555555,0.867621314254856,False
aux_SDw2_outenv,warehouse_single_dock_w2,zone_50t,closest,108,cascade_depth_avg,pibt,rhcr_pbs,30,30,0.14500000000000005,0.04966666666666667,0.09533333333333338,3.863040857408062,0.0002863776069583696,0.6211111111111111,0.0010394991800134136,True
aux_SDw2_outenv,warehouse_single_dock_w2,zone_50t,closest,108,critical_time,pibt,rhcr_pbs,30,30,0.2552066666666667,0.14264333333333334,0.11256333333333335,5.480042077939463,4.765360716893715e-06,0.6088888888888889,2.170544945888363e-05,True
aux_SDw2_outenv,warehouse_single_dock_w2,zone_50t,closest,108,fault_tolerance,pibt,rhcr_pbs,30,29,0.9494733333333334,0.9688379310344828,-0.0193645977011494,-0.1632989059688866,0.871450516827771,0.009195402298850575,0.9531279084127131,False
aux_SDw2_outenv,warehouse_single_dock_w2,zone_50t,closest,108,itae,pibt,rhcr_pbs,30,30,41893.66333,21551.397643333337,20342.265686666666,9.50825384333255,6.54400946490222e-11,0.9955555555555555,5.96138152544641e-10,True
aux_SDw2_outenv,warehouse_single_dock_w2,zone_50t,closest,108,rapidity,pibt,rhcr_pbs,17,7,14.235294117647058,37.142857142857146,-22.907563025210088,-1.565489035064287,0.15188082513352438,-0.453781512605042,0.27459119729646153,False
aux_SDw3_inenv,warehouse_single_dock_w3,burst_20pct,closest,50,attack_rate,pibt,rhcr_pbs,30,30,0.20000000000000007,0.20000000000000007,0.0,0.0,1.0,0.0,1.0,False
aux_SDw3_inenv,warehouse_single_dock_w3,burst_20pct,closest,50,attack_rate,pibt,token_passing,30,30,0.20000000000000007,0.20000000000000007,0.0,0.0,1.0,0.0,1.0,False
aux_SDw3_inenv,warehouse_single_dock_w3,burst_20pct,closest,50,attack_rate,rhcr_pbs,token_passing,30,30,0.20000000000000007,0.20000000000000007,0.0,0.0,1.0,0.0,1.0,False
aux_SDw3_inenv,warehouse_single_dock_w3,burst_20pct,closest,50,critical_time,pibt,rhcr_pbs,30,30,0.2828766666666666,0.17914,0.10373666666666662,11.897674946095561,2.7581866636460062e-14,0.9266666666666666,3.8945595690681607e-13,True
aux_SDw3_inenv,warehouse_single_dock_w3,burst_20pct,closest,50,critical_time,pibt,token_passing,30,30,0.2828766666666666,0.2959233333333333,-0.013046666666666706,-1.3150806569588518,0.19694665190591265,-0.3844444444444444,0.3366690950256037,False
aux_SDw3_inenv,warehouse_single_dock_w3,burst_20pct,closest,50,critical_time,rhcr_pbs,token_passing,30,30,0.17914,0.2959233333333333,-0.11678333333333332,-9.3874079505026,3.7382288142097447e-13,-0.88,4.712838469343e-12,True
aux_SDw3_inenv,warehouse_single_dock_w3,burst_20pct,closest,50,fault_tolerance,pibt,rhcr_pbs,30,30,0.7364999999999999,0.6831766666666667,0.05332333333333328,1.9051024696779635,0.06244045563198594,0.2911111111111111,0.13198491519814992,False
aux_SDw3_inenv,warehouse_single_dock_w3,burst_20pct,closest,50,fault_tolerance,pibt,token_passing,30,30,0.7364999999999999,0.6143366666666668,0.12216333333333318,3.427028958857228,0.0013766115358032098,0.4577777777777778,0.004198219197741106,True
aux_SDw3_inenv,warehouse_single_dock_w3,burst_20pct,closest,50,fault_tolerance,rhcr_pbs,token_passing,30,30,0.6831766666666667,0.6143366666666668,0.0688399999999999,1.739146918903954,0.08782724429803232,0.2866666666666667,0.17441922496318094,False
aux_SDw3_inenv,warehouse_single_dock_w3,burst_20pct,closest,50,itae,pibt,rhcr_pbs,30,30,27826.243886666674,20201.272699999998,7624.971186666677,11.65546956444574,7.055397726095056e-16,0.92,1.3108186301639761e-14,True
aux_SDw3_inenv,warehouse_single_dock_w3,burst_20pct,closest,50,itae,pibt,token_passing,30,30,27826.243886666674,27376.29944333334,449.94444333333377,0.4529375274662562,0.653201732950718,-0.09333333333333334,0.7862922821197049,False
aux_SDw3_inenv,warehouse_single_dock_w3,burst_20pct,closest,50,itae,rhcr_pbs,token_passing,30,30,20201.272699999998,27376.29944333334,-7175.026743333343,-6.670862364486171,2.5761930874304993e-08,-0.8577777777777778,1.5093712196895705e-07,True
aux_SDw3_inenv,warehouse_single_dock_w3,burst_20pct,closest,50,rapidity,pibt,rhcr_pbs,20,24,15.3,43.708333333333336,-28.408333333333335,-2.123240286967007,0.03986557133063142,-0.44166666666666665,0.08767941856518935,False
aux_SDw3_inenv,warehouse_single_dock_w3,burst_20pct,closest,50,rapidity,pibt,token_passing,20,22,15.3,14.5,0.8000000000000007,0.07564765635967594,0.9400932063695344,-0.05227272727272727,0.9995569332784507,False
aux_SDw3_inenv,warehouse_single_dock_w3,burst_20pct,closest,50,rapidity,rhcr_pbs,token_passing,24,22,43.708333333333336,14.5,29.208333333333336,2.301482167210511,0.026843449527086352,0.42424242424242425,0.06133163548907108,False
aux_SDw3_inenv,warehouse_single_dock_w3,burst_50pct,closest,50,critical_time,pibt,rhcr_pbs,30,30,0.35171,0.26799666666666666,0.08371333333333336,9.983069387673599,3.563268882169627e-13,0.9077777777777778,4.532734830291454e-12,True
aux_SDw3_inenv,warehouse_single_dock_w3,burst_50pct,closest,50,critical_time,pibt,token_passing,30,30,0.35171,0.35685000000000006,-0.005140000000000033,-0.46566093793255536,0.6440666656588476,-0.28444444444444444,0.7812904913318667,False
aux_SDw3_inenv,warehouse_single_dock_w3,burst_50pct,closest,50,critical_time,rhcr_pbs,token_passing,30,30,0.26799666666666666,0.35685000000000006,-0.0888533333333334,-7.107683575134345,3.232140199900718e-09,-0.8722222222222222,2.2262351035413723e-08,True
aux_SDw3_inenv,warehouse_single_dock_w3,burst_50pct,closest,50,fault_tolerance,pibt,rhcr_pbs,30,30,0.4120999999999999,0.33845666666666663,0.07364333333333328,3.215186618024773,0.0021560940770278666,0.4444444444444444,0.006329323984954984,True
aux_SDw3_inenv,warehouse_single_dock_w3,burst_50pct,closest,50,fault_tolerance,pibt,token_passing,30,30,0.4120999999999999,0.3112666666666667,0.10083333333333322,3.6549547269807547,0.0006238224715853881,0.5755555555555556,0.0020823577538500427,True
aux_SDw3_inenv,warehouse_single_dock_w3,burst_50pct,closest,50,fault_tolerance,rhcr_pbs,token_passing,30,30,0.33845666666666663,0.3112666666666667,0.027189999999999936,0.9354352366134435,0.3537450686840728,0.18222222222222223,0.5128213932052472,False
aux_SDw3_inenv,warehouse_single_dock_w3,burst_50pct,closest,50,itae,pibt,rhcr_pbs,30,30,30879.037220000002,24024.14801666667,6854.889203333332,10.225061807061465,3.060948919109275e-14,0.9377777777777778,4.2373136017473495e-13,True
aux_SDw3_inenv,warehouse_single_dock_w3,burst_50pct,closest,50,itae,pibt,token_passing,30,30,30879.037220000002,30495.12444666667,383.91277333333346,0.3539875700100197,0.7252970521461907,-0.11777777777777777,0.8324397444686906,False
aux_SDw3_inenv,warehouse_single_dock_w3,burst_50pct,closest,50,itae,rhcr_pbs,token_passing,30,30,24024.14801666667,30495.12444666667,-6470.976429999999,-5.680295874422058,9.832678407075116e-07,-0.8622222222222222,4.888641517883825e-06,True
aux_SDw3_inenv,warehouse_single_dock_w3,burst_50pct,closest,50,rapidity,pibt,rhcr_pbs,16,12,41.3125,147.5,-106.1875,-3.037546941923451,0.0054910705291934215,-0.6145833333333334,0.01479654883057464,True
aux_SDw3_inenv,warehouse_single_dock_w3,burst_50pct,closest,50,rapidity,pibt,token_passing,16,16,41.3125,49.375,-8.0625,-0.24718670982297264,0.8064713403014971,-0.09765625,0.8961877871668283,False
aux_SDw3_inenv,warehouse_single_dock_w3,burst_50pct,closest,50,rapidity,rhcr_pbs,token_passing,12,16,147.5,49.375,98.125,2.9647727171152845,0.006778360596427537,0.5625,0.017956932762018166,True
aux_SDw3_inenv,warehouse_single_dock_w3,intermittent_80s80m15r,closest,50,attack_rate,pibt,rhcr_pbs,30,30,0.9953333333333334,0.996,-0.0006666666666665932,-0.2612188624843771,0.7948505495280326,-0.03222222222222222,0.8851174889066105,False
aux_SDw3_inenv,warehouse_single_dock_w3,intermittent_80s80m15r,closest,50,attack_rate,pibt,token_passing,30,30,0.9953333333333334,0.996,-0.0006666666666665932,-0.28187240871448005,0.7790892105277634,-0.006666666666666667,0.8744626114985706,False
aux_SDw3_inenv,warehouse_single_dock_w3,intermittent_80s80m15r,closest,50,attack_rate,rhcr_pbs,token_passing,30,30,0.996,0.996,0.0,0.0,1.0,0.02666666666666667,1.0,False
aux_SDw3_inenv,warehouse_single_dock_w3,intermittent_80s80m15r,closest,50,cascade_depth_avg,pibt,rhcr_pbs,30,30,0.09966666666666665,0.14733333333333334,-0.04766666666666669,-6.578024951176451,1.6184530046855336e-08,-0.7677777777777778,9.766049754769116e-08,True
aux_SDw3_inenv,warehouse_single_dock_w3,intermittent_80s80m15r,closest,50,cascade_depth_avg,pibt,token_passing,30,30,0.09966666666666665,0.04200000000000001,0.057666666666666644,9.541799917334028,5.63249046199414e-12,0.9333333333333333,5.7216377930472846e-11,True
aux_SDw3_inenv,warehouse_single_dock_w3,intermittent_80s80m15r,closest,50,cascade_depth_avg,rhcr_pbs,token_passing,30,30,0.14733333333333334,0.04200000000000001,0.10533333333333333,19.54571125582393,1.791507658173457e-23,1.0,6.836780576597084e-22,True
aux_SDw3_inenv,warehouse_single_dock_w3,intermittent_80s80m15r,closest,50,critical_time,pibt,rhcr_pbs,30,30,0.27291333333333334,0.17937999999999998,0.09353333333333336,8.735873361814956,4.038611187420974e-10,0.7788888888888889,3.240067611726372e-09,True
aux_SDw3_inenv,warehouse_single_dock_w3,intermittent_80s80m15r,closest,50,critical_time,pibt,token_passing,30,30,0.27291333333333334,0.26472666666666667,0.008186666666666675,1.0617264827668238,0.29514100143446426,0.13777777777777778,0.46235498702314415,False
aux_SDw3_inenv,warehouse_single_dock_w3,intermittent_80s80m15r,closest,50,critical_time,rhcr_pbs,token_passing,30,30,0.17937999999999998,0.26472666666666667,-0.08534666666666668,-6.778843480962563,1.1410874057761756e-08,-0.72,7.097865272933744e-08,True
aux_SDw3_inenv,warehouse_single_dock_w3,intermittent_80s80m15r,closest,50,fault_tolerance,pibt,rhcr_pbs,30,30,0.7808299999999999,0.7596066666666665,0.021223333333333372,2.593231661837304,0.012092091110071037,0.33444444444444443,0.03027310753088706,True
aux_SDw3_inenv,warehouse_single_dock_w3,intermittent_80s80m15r,closest,50,fault_tolerance,pibt,token_passing,30,30,0.7808299999999999,0.80528,-0.024450000000000083,-0.9935885242404647,0.32792851104468745,-0.17444444444444446,0.48984647544979576,False
aux_SDw3_inenv,warehouse_single_dock_w3,intermittent_80s80m15r,closest,50,fault_tolerance,rhcr_pbs,token_passing,30,30,0.7596066666666665,0.80528,-0.045673333333333455,-1.838742441323849,0.0749894773297517,-0.40444444444444444,0.15279241268341903,False
aux_SDw3_inenv,warehouse_single_dock_w3,intermittent_80s80m15r,closest,50,itae,pibt,rhcr_pbs,30,30,29368.696663333336,22575.433573333332,6793.263090000004,9.207445451803922,5.614226738819824e-12,0.8333333333333334,5.7216377930472846e-11,True
aux_SDw3_inenv,warehouse_single_dock_w3,intermittent_80s80m15r,closest,50,itae,pibt,token_passing,30,30,29368.696663333336,27704.132776666673,1664.5638866666632,1.7961009593418902,0.08020916396587742,0.25555555555555554,0.1617933421711699,False
aux_SDw3_inenv,warehouse_single_dock_w3,intermittent_80s80m15r,closest,50,itae,rhcr_pbs,token_passing,30,30,22575.433573333332,27704.132776666673,-5128.699203333341,-4.800149419269676,1.2987511215518879e-05,-0.7111111111111111,5.8032803279470436e-05,True
aux_SDw3_inenv,warehouse_single_dock_w3,intermittent_80s80m15r,closest,50,rapidity,pibt,rhcr_pbs,21,27,2.142857142857143,5.518518518518518,-3.3756613756613754,-0.9102244422146337,0.36876154392683624,-0.026455026455026454,0.5260373738258924,False
aux_SDw3_inenv,warehouse_single_dock_w3,intermittent_80s80m15r,closest,50,rapidity,pibt,token_passing,21,16,2.142857142857143,0.8125,1.3303571428571428,0.7627024690588914,0.4516785257877885,0.03869047619047619,0.60394893789049,False
aux_SDw3_inenv,warehouse_single_dock_w3,intermittent_80s80m15r,closest,50,rapidity,rhcr_pbs,token_passing,27,16,5.518518518518518,0.8125,4.706018518518518,1.3567263744440983,0.18535867757169944,0.05555555555555555,0.32026694203925016,False
aux_SDw3_inenv,warehouse_single_dock_w3,wear_high,closest,50,attack_rate,pibt,rhcr_pbs,30,30,0.9566666666666668,0.9179999999999999,0.03866666666666685,3.3551941056710652,0.001439277493616391,0.45222222222222225,0.004351734092047846,True
aux_SDw3_inenv,warehouse_single_dock_w3,wear_high,closest,50,attack_rate,pibt,token_passing,30,30,0.9566666666666668,0.904,0.05266666666666675,3.609862012760326,0.0007558643570058468,0.4411111111111111,0.0024256374365733083,True
aux_SDw3_inenv,warehouse_single_dock_w3,wear_high,closest,50,attack_rate,rhcr_pbs,token_passing,30,30,0.9179999999999999,0.904,0.013999999999999901,0.8989725572940261,0.37278746864187434,0.10333333333333333,0.5295532250727631,False
aux_SDw3_inenv,warehouse_single_dock_w3,wear_high,closest,50,critical_time,pibt,rhcr_pbs,30,30,0.4075366666666666,0.29793333333333333,0.10960333333333327,23.632157244250894,6.78918261537985e-31,1.0,5.325736584953527e-29,True
aux_SDw3_inenv,warehouse_single_dock_w3,wear_high,closest,50,critical_time,pibt,token_passing,30,30,0.4075366666666666,0.37667000000000006,0.030866666666666542,3.172925118592088,0.0029977108005516282,0.5888888888888889,0.008482500301360519,True
aux_SDw3_inenv,warehouse_single_dock_w3,wear_high,closest,50,critical_time,rhcr_pbs,token_passing,30,30,0.29793333333333333,0.37667000000000006,-0.07873666666666673,-8.26040927251675,9.360601846365758e-10,-0.9266666666666666,6.956405161614974e-09,True
aux_SDw3_inenv,warehouse_single_dock_w3,wear_high,closest,50,fault_tolerance,pibt,rhcr_pbs,30,30,0.20016,0.20511333333333331,-0.00495333333333331,-0.42690574169254913,0.6710430190404146,-0.04888888888888889,0.7989146230059574,False
aux_SDw3_inenv,warehouse_single_dock_w3,wear_high,closest,50,fault_tolerance,pibt,token_passing,30,30,0.20016,0.23335333333333336,-0.03319333333333335,-2.185343041015825,0.03383720224347544,-0.3088888888888889,0.07607982415252758,False
aux_SDw3_inenv,warehouse_single_dock_w3,wear_high,closest,50,fault_tolerance,rhcr_pbs,token_passing,30,30,0.20511333333333331,0.23335333333333336,-0.028240000000000043,-1.809330335170584,0.0763902183693721,-0.24444444444444444,0.15519854437058045,False
aux_SDw3_inenv,warehouse_single_dock_w3,wear_high,closest,50,itae,pibt,rhcr_pbs,30,30,46779.02222666667,35379.511510000004,11399.510716666664,10.775045360332602,2.3914898086759065e-14,0.96,3.4456975610718167e-13,True
aux_SDw3_inenv,warehouse_single_dock_w3,wear_high,closest,50,itae,pibt,token_passing,30,30,46779.02222666667,42362.55278,4416.46944666667,2.6441833342226135,0.010931110931346707,0.3888888888888889,0.027810321864975767,True
aux_SDw3_inenv,warehouse_single_dock_w3,wear_high,closest,50,itae,rhcr_pbs,token_passing,30,30,35379.511510000004,42362.55278,-6983.041269999994,-4.642068185646375,4.125304752226227e-05,-0.82,0.00017284659674016118,True
aux_SDw3_inenv,warehouse_single_dock_w3,wear_high,closest,50,rapidity,pibt,rhcr_pbs,15,18,0.0,0.05555555555555555,-0.05555555555555555,-0.9999999999999999,0.3313327620386791,-0.05555555555555555,0.49003774157567986,False
aux_SDw3_inenv,warehouse_single_dock_w3,wear_high,closest,50,rapidity,pibt,token_passing,15,17,0.0,1.7058823529411764,-1.7058823529411764,-1.3181818181818183,0.20600348530988036,-0.11764705882352941,0.34710849792070536,False
aux_SDw3_inenv,warehouse_single_dock_w3,wear_high,closest,50,rapidity,rhcr_pbs,token_passing,18,17,0.05555555555555555,1.7058823529411764,-1.6503267973856208,-1.274079050108484,0.22076578036502867,-0.06862745098039216,0.36933801170073516,False
aux_SDw3_inenv,warehouse_single_dock_w3,wear_medium,closest,50,attack_rate,pibt,rhcr_pbs,30,30,0.5826666666666667,0.5246666666666667,0.05799999999999994,3.3274508834982512,0.0015277775585969013,0.45111111111111113,0.004599620283025213,True
aux_SDw3_inenv,warehouse_single_dock_w3,wear_medium,closest,50,attack_rate,pibt,token_passing,30,30,0.5826666666666667,0.4693333333333333,0.11333333333333334,5.431597636654509,1.4922709791119652e-06,0.6955555555555556,7.191421919816024e-06,True
aux_SDw3_inenv,warehouse_single_dock_w3,wear_medium,closest,50,attack_rate,rhcr_pbs,token_passing,30,30,0.5246666666666667,0.4693333333333333,0.0553333333333334,2.605666656649217,0.011852895539494644,0.3888888888888889,0.02988622946744007,True
aux_SDw3_inenv,warehouse_single_dock_w3,wear_medium,closest,50,critical_time,pibt,rhcr_pbs,30,30,0.28242,0.1810233333333334,0.10139666666666661,12.092457098640907,3.404886113718602e-15,0.9311111111111111,5.65611669714196e-14,True
aux_SDw3_inenv,warehouse_single_dock_w3,wear_medium,closest,50,critical_time,pibt,token_passing,30,30,0.28242,0.26925000000000004,0.01316999999999996,1.597284167123017,0.11769494274180142,0.14222222222222222,0.2195313859331884,False
aux_SDw3_inenv,warehouse_single_dock_w3,wear_medium,closest,50,critical_time,rhcr_pbs,token_passing,30,30,0.1810233333333334,0.26925000000000004,-0.08822666666666665,-8.328445796256133,1.733665463325251e-11,-0.8355555555555556,1.6652623362008533e-10,True
aux_SDw3_inenv,warehouse_single_dock_w3,wear_medium,closest,50,fault_tolerance,pibt,rhcr_pbs,30,30,0.7148300000000002,0.7057233333333335,0.009106666666666707,0.6170559217020889,0.5396129496106384,0.06888888888888889,0.6864265629281274,False
aux_SDw3_inenv,warehouse_single_dock_w3,wear_medium,closest,50,fault_tolerance,pibt,token_passing,30,30,0.7148300000000002,0.7226866666666666,-0.007856666666666401,-0.3070446131348455,0.7603925572186045,0.03222222222222222,0.860315938135152,False
aux_SDw3_inenv,warehouse_single_dock_w3,wear_medium,closest,50,fault_tolerance,rhcr_pbs,token_passing,30,30,0.7057233333333335,0.7226866666666666,-0.016963333333333108,-0.6639924890940198,0.5104998165141604,-0.043333333333333335,0.6594929011143591,False
aux_SDw3_inenv,warehouse_single_dock_w3,wear_medium,closest,50,itae,pibt,rhcr_pbs,30,30,28861.681113333332,21218.711659999997,7642.969453333335,3.942601720372953,0.0002211941477381142,0.5511111111111111,0.0008112367184577071,True
aux_SDw3_inenv,warehouse_single_dock_w3,wear_medium,closest,50,itae,pibt,token_passing,30,30,28861.681113333332,25971.947216666667,2889.733896666665,1.3487477102362326,0.182718690722003,0.18666666666666668,0.3175361657674518,False
aux_SDw3_inenv,warehouse_single_dock_w3,wear_medium,closest,50,itae,rhcr_pbs,token_passing,30,30,21218.711659999997,25971.947216666667,-4753.23555666667,-2.3079998586469888,0.024726988983373065,-0.36444444444444446,0.057143221676796675,False
aux_SDw3_inenv,warehouse_single_dock_w3,zone_50t,closest,50,attack_rate,pibt,rhcr_pbs,30,30,0.2573333333333333,0.24466666666666667,0.012666666666666632,0.3443571772870044,0.7318280060805457,0.057777777777777775,0.8387509290468592,False
aux_SDw3_inenv,warehouse_single_dock_w3,zone_50t,closest,50,attack_rate,pibt,token_passing,30,30,0.2573333333333333,0.23666666666666666,0.02066666666666664,0.596637189015722,0.5530790188609703,0.14333333333333334,0.6972746202068661,False
aux_SDw3_inenv,warehouse_single_dock_w3,zone_50t,closest,50,attack_rate,rhcr_pbs,token_passing,30,30,0.24466666666666667,0.23666666666666666,0.008000000000000007,0.22322492653306605,0.8241559208048782,0.051111111111111114,0.9105697653963131,False
aux_SDw3_inenv,warehouse_single_dock_w3,zone_50t,closest,50,cascade_depth_avg,pibt,rhcr_pbs,30,30,0.02733333333333333,0.04066666666666667,-0.01333333333333334,-0.6774864224831908,0.5021985350358792,0.051111111111111114,0.6535523792356327,False
aux_SDw3_inenv,warehouse_single_dock_w3,zone_50t,closest,50,cascade_depth_avg,pibt,token_passing,30,30,0.02733333333333333,0.027000000000000003,0.00033333333333332785,0.03192978762330173,0.9746377199414845,0.012222222222222223,1.0,False
aux_SDw3_inenv,warehouse_single_dock_w3,zone_50t,closest,50,cascade_depth_avg,rhcr_pbs,token_passing,30,30,0.04066666666666667,0.027000000000000003,0.013666666666666667,0.6923276928843705,0.4928966159929277,-0.04666666666666667,0.645013921948113,False
aux_SDw3_inenv,warehouse_single_dock_w3,zone_50t,closest,50,critical_time,pibt,rhcr_pbs,29,29,0.23940344827586202,0.1493689655172414,0.09003448275862061,7.924452404662435,1.4967872901442227e-09,0.8287752675386445,1.0674058856988093e-08,True
aux_SDw3_inenv,warehouse_single_dock_w3,zone_50t,closest,50,critical_time,pibt,token_passing,29,30,0.23940344827586202,0.22984666666666662,0.009556781609195403,1.1079069234913033,0.27350629736268434,0.15517241379310345,0.43588136780599357,False
aux_SDw3_inenv,warehouse_single_dock_w3,zone_50t,closest,50,critical_time,rhcr_pbs,token_passing,29,30,0.1493689655172414,0.22984666666666662,-0.08047770114942521,-6.281952681193624,7.53205408848011e-08,-0.7528735632183908,4.237155527065305e-07,True
aux_SDw3_inenv,warehouse_single_dock_w3,zone_50t,closest,50,fault_tolerance,pibt,rhcr_pbs,30,30,0.9683433333333334,0.9551333333333333,0.013210000000000166,1.4503725681710626,0.15235840438941764,0.15444444444444444,0.2748411308093863,False
aux_SDw3_inenv,warehouse_single_dock_w3,zone_50t,closest,50,fault_tolerance,pibt,token_passing,30,30,0.9683433333333334,0.9563566666666667,0.011986666666666701,0.7975155832125324,0.4297865121693618,0.05444444444444444,0.5829573056514302,False
aux_SDw3_inenv,warehouse_single_dock_w3,zone_50t,closest,50,fault_tolerance,rhcr_pbs,token_passing,30,30,0.9551333333333333,0.9563566666666667,-0.001223333333333465,-0.08056310170367532,0.9361730187624338,-0.09111111111111111,0.9991506443632324,False
aux_SDw3_inenv,warehouse_single_dock_w3,zone_50t,closest,50,itae,pibt,rhcr_pbs,29,29,26382.109196551723,20908.347286206896,5473.761910344827,8.321095938487927,1.1968940285532942e-10,0.807372175980975,1.037349595795452e-09,True
aux_SDw3_inenv,warehouse_single_dock_w3,zone_50t,closest,50,itae,pibt,token_passing,29,30,26382.109196551723,23699.427216666674,2682.6819798850483,3.22368036404148,0.0025428765820692534,0.5839080459770115,0.007357667487462675,True
aux_SDw3_inenv,warehouse_single_dock_w3,zone_50t,closest,50,itae,rhcr_pbs,token_passing,29,30,20908.347286206896,23699.427216666674,-2791.0799304597786,-2.929974423378618,0.004985685609950865,-0.6183908045977011,0.013538054002405042,True
aux_SDw3_inenv,warehouse_single_dock_w3,zone_50t,closest,50,rapidity,pibt,rhcr_pbs,22,16,8.136363636363637,14.5,-6.363636363636363,-0.8077162049749642,0.4260379330255092,-0.09659090909090909,0.5795429300886502,False
aux_SDw3_inenv,warehouse_single_dock_w3,zone_50t,closest,50,rapidity,pibt,token_passing,22,20,8.136363636363637,8.7,-0.5636363636363626,-0.08638902581551515,0.9315934656109229,-0.004545454545454545,0.9957683372010773,False
aux_SDw3_inenv,warehouse_single_dock_w3,zone_50t,closest,50,rapidity,rhcr_pbs,token_passing,16,20,14.5,8.7,5.800000000000001,0.7212747299609817,0.47654424650098615,0.1,0.6312199587799179,False
aux_SDw3_inenv,warehouse_single_dock_w3,burst_20pct,closest,100,attack_rate,pibt,rhcr_pbs,30,30,0.20000000000000007,0.20000000000000007,0.0,0.0,1.0,0.0,1.0,False
aux_SDw3_inenv,warehouse_single_dock_w3,burst_20pct,closest,100,attack_rate,pibt,token_passing,30,30,0.20000000000000007,0.20000000000000007,0.0,0.0,1.0,0.0,1.0,False
aux_SDw3_inenv,warehouse_single_dock_w3,burst_20pct,closest,100,attack_rate,rhcr_pbs,token_passing,30,30,0.20000000000000007,0.20000000000000007,0.0,0.0,1.0,0.0,1.0,False
aux_SDw3_inenv,warehouse_single_dock_w3,burst_20pct,closest,100,critical_time,pibt,rhcr_pbs,30,30,0.3586899999999999,0.20906000000000002,0.14962999999999987,8.049012729569672,1.3164727476136327e-10,0.8088888888888889,1.1265815270487571e-09,True
aux_SDw3_inenv,warehouse_single_dock_w3,burst_20pct,closest,100,critical_time,pibt,token_passing,30,30,0.3586899999999999,0.32403333333333334,0.03465666666666656,1.2516247179480045,0.21834535873746147,0.1288888888888889,0.3657220006373613,False
aux_SDw3_inenv,warehouse_single_dock_w3,burst_20pct,closest,100,critical_time,rhcr_pbs,token_passing,30,30,0.20906000000000002,0.32403333333333334,-0.11497333333333332,-3.83118902156311,0.00037299813823832203,-0.5055555555555555,0.0013133999281608746,True
aux_SDw3_inenv,warehouse_single_dock_w3,burst_20pct,closest,100,fault_tolerance,pibt,rhcr_pbs,30,30,0.6471099999999999,0.5927333333333333,0.05437666666666652,1.07211750392041,0.2897103591595352,0.14222222222222222,0.4555356649590909,False
aux_SDw3_inenv,warehouse_single_dock_w3,burst_20pct,closest,100,fault_tolerance,pibt,token_passing,30,30,0.6471099999999999,0.5792,0.0679099999999998,1.0024855498869787,0.32277096255982396,0.31666666666666665,0.48984647544979576,False
aux_SDw3_inenv,warehouse_single_dock_w3,burst_20pct,closest,100,fault_tolerance,rhcr_pbs,token_passing,30,30,0.5927333333333333,0.5792,0.013533333333333286,0.17272666206454737,0.8635323504118019,0.14444444444444443,0.9451997509933833,False
aux_SDw3_inenv,warehouse_single_dock_w3,burst_20pct,closest,100,itae,pibt,rhcr_pbs,30,30,40569.65333333333,25958.44693666667,14611.206396666657,11.773406994310765,6.956331758614843e-15,0.9911111111111112,1.1290046486395585e-13,True
aux_SDw3_inenv,warehouse_single_dock_w3,burst_20pct,closest,100,itae,pibt,token_passing,30,30,40569.65333333333,27111.421666666665,13458.231666666663,4.8050117287912775,3.68514744013791e-05,0.5288888888888889,0.0001567297646227328,True
aux_SDw3_inenv,warehouse_single_dock_w3,burst_20pct,closest,100,itae,rhcr_pbs,token_passing,30,30,25958.44693666667,27111.421666666665,-1152.9747299999945,-0.3887456753686932,0.699616178245889,-0.051111111111111114,0.8198058430091424,False
aux_SDw3_inenv,warehouse_single_dock_w3,burst_20pct,closest,100,rapidity,pibt,rhcr_pbs,14,15,11.071428571428571,23.133333333333333,-12.061904761904762,-0.8937421517866818,0.38032571751015115,-0.13333333333333333,0.5357035402346788,False
aux_SDw3_inenv,warehouse_single_dock_w3,burst_20pct,closest,100,rapidity,pibt,token_passing,14,15,11.071428571428571,33.2,-22.128571428571433,-1.0550510656164598,0.3054001398582533,-0.14285714285714285,0.47283442706124307,False
aux_SDw3_inenv,warehouse_single_dock_w3,burst_20pct,closest,100,rapidity,rhcr_pbs,token_passing,15,15,23.133333333333333,33.2,-10.06666666666667,-0.44545569343742053,0.6602820183495911,-0.008888888888888889,0.789603517247171,False
aux_SDw3_inenv,warehouse_single_dock_w3,burst_50pct,closest,100,critical_time,pibt,rhcr_pbs,30,30,0.51638,0.32286000000000004,0.19351999999999991,13.446674273628702,2.561251641676516e-19,1.0,6.458013067941502e-18,True
aux_SDw3_inenv,warehouse_single_dock_w3,burst_50pct,closest,100,critical_time,pibt,token_passing,30,30,0.51638,0.3861066666666667,0.13027333333333324,4.222202545918702,0.0001637446825985024,0.40444444444444444,0.0006215255156695843,True
aux_SDw3_inenv,warehouse_single_dock_w3,burst_50pct,closest,100,critical_time,rhcr_pbs,token_passing,30,30,0.32286000000000004,0.3861066666666667,-0.06324666666666667,-2.0200306983014054,0.050711230246233516,-0.20555555555555555,0.10921931113187726,False
aux_SDw3_inenv,warehouse_single_dock_w3,burst_50pct,closest,100,fault_tolerance,pibt,rhcr_pbs,30,30,0.3068800000000001,0.2723733333333333,0.034506666666666796,1.237779202379797,0.22133340849414573,0.26666666666666666,0.36984943525885655,False
aux_SDw3_inenv,warehouse_single_dock_w3,burst_50pct,closest,100,fault_tolerance,pibt,token_passing,30,30,0.3068800000000001,0.31921999999999995,-0.012339999999999851,-0.2740272026037529,0.7855744123040704,0.20444444444444446,0.8782510452678919,False
aux_SDw3_inenv,warehouse_single_dock_w3,burst_50pct,closest,100,fault_tolerance,rhcr_pbs,token_passing,30,30,0.2723733333333333,0.31921999999999995,-0.04684666666666665,-0.9797632580880927,0.3324832639088068,-0.0077777777777777776,0.49003774157567986,False
aux_SDw3_inenv,warehouse_single_dock_w3,burst_50pct,closest,100,itae,pibt,rhcr_pbs,30,30,46650.03223,29392.648676666664,17257.383553333333,14.80628554897146,2.6650933988448074e-20,1.0,7.839816414935142e-19,True
aux_SDw3_inenv,warehouse_single_dock_w3,burst_50pct,closest,100,itae,pibt,token_passing,30,30,46650.03223,29450.303336666664,17199.728893333333,5.582886687229049,3.68834896844937e-06,0.6,1.7131410340297734e-05,True
aux_SDw3_inenv,warehouse_single_dock_w3,burst_50pct,closest,100,itae,rhcr_pbs,token_passing,30,30,29392.648676666664,29450.303336666664,-57.65466000000015,-0.0182773293255041,0.9855220898814316,-0.024444444444444446,1.0,False
aux_SDw3_inenv,warehouse_single_dock_w3,burst_50pct,closest,100,rapidity,pibt,rhcr_pbs,6,6,0.0,25.0,-25.0,-1.0,0.3632174676491227,-0.16666666666666666,0.5196180996155636,False
aux_SDw3_inenv,warehouse_single_dock_w3,burst_50pct,closest,100,rapidity,pibt,token_passing,6,9,0.0,107.44444444444444,-107.44444444444444,-3.0460319132873277,0.01591670499566418,-0.6666666666666666,0.03888302327660523,True
aux_SDw3_inenv,warehouse_single_dock_w3,burst_50pct,closest,100,rapidity,rhcr_pbs,token_passing,6,9,25.0,107.44444444444444,-82.44444444444444,-1.9069116391669825,0.0791140426150516,-0.5,0.1600415876396173,False
aux_SDw3_inenv,warehouse_single_dock_w3,intermittent_80s80m15r,closest,100,attack_rate,pibt,rhcr_pbs,30,30,0.9973333333333334,0.9993333333333332,-0.0019999999999997797,-1.8908576006015447,0.06555002479554513,-0.1688888888888889,0.1371209407574959,False
aux_SDw3_inenv,warehouse_single_dock_w3,intermittent_80s80m15r,closest,100,attack_rate,pibt,token_passing,30,30,0.9973333333333334,0.9956666666666667,0.0016666666666667052,1.0198883107613268,0.312456061672605,0.08777777777777777,0.4779934551264553,False
aux_SDw3_inenv,warehouse_single_dock_w3,intermittent_80s80m15r,closest,100,attack_rate,rhcr_pbs,token_passing,30,30,0.9993333333333332,0.9956666666666667,0.003666666666666485,2.6052320515747738,0.013271780662395859,0.24222222222222223,0.03299252516778688,True
aux_SDw3_inenv,warehouse_single_dock_w3,intermittent_80s80m15r,closest,100,cascade_depth_avg,pibt,rhcr_pbs,30,30,0.213,0.296,-0.08299999999999999,-8.735034487534014,3.797146799659497e-12,-0.8733333333333333,4.124285600860931e-11,True
aux_SDw3_inenv,warehouse_single_dock_w3,intermittent_80s80m15r,closest,100,cascade_depth_avg,pibt,token_passing,30,30,0.213,0.05033333333333335,0.16266666666666665,19.632429872849567,1.33344008725041e-26,1.0,7.061728844161781e-25,True
aux_SDw3_inenv,warehouse_single_dock_w3,intermittent_80s80m15r,closest,100,cascade_depth_avg,rhcr_pbs,token_passing,30,30,0.296,0.05033333333333335,0.24566666666666664,28.330983691758302,6.4703321347468644e-34,1.0,6.525792124473265e-32,True
aux_SDw3_inenv,warehouse_single_dock_w3,intermittent_80s80m15r,closest,100,critical_time,pibt,rhcr_pbs,30,30,0.3238633333333334,0.15485000000000002,0.16901333333333338,27.683484137340326,3.8129506931464465e-32,0.9977777777777778,3.16699198748399e-30,True
aux_SDw3_inenv,warehouse_single_dock_w3,intermittent_80s80m15r,closest,100,critical_time,pibt,token_passing,30,30,0.3238633333333334,0.2574466666666667,0.06641666666666668,3.6849554390070764,0.0008663192518893288,0.48333333333333334,0.0027426968243671125,True
aux_SDw3_inenv,warehouse_single_dock_w3,intermittent_80s80m15r,closest,100,critical_time,rhcr_pbs,token_passing,30,30,0.15485000000000002,0.2574466666666667,-0.1025966666666667,-5.569512741468753,3.1958040439819093e-06,-0.71,1.4892657789117017e-05,True
aux_SDw3_inenv,warehouse_single_dock_w3,intermittent_80s80m15r,closest,100,fault_tolerance,pibt,rhcr_pbs,30,30,0.72347,0.7257800000000001,-0.0023100000000001453,-0.10458609953060363,0.9173822078775996,0.10555555555555556,0.9858018854818651,False
aux_SDw3_inenv,warehouse_single_dock_w3,intermittent_80s80m15r,closest,100,fault_tolerance,pibt,token_passing,30,30,0.72347,0.8813099999999999,-0.15783999999999998,-2.3543752339310755,0.02549037460139852,-0.3433333333333333,0.05871518586814797,False
aux_SDw3_inenv,warehouse_single_dock_w3,intermittent_80s80m15r,closest,100,fault_tolerance,rhcr_pbs,token_passing,30,30,0.7257800000000001,0.8813099999999999,-0.15552999999999984,-2.2099715988069804,0.033729459314637986,-0.32222222222222224,0.07595852719660101,False
aux_SDw3_inenv,warehouse_single_dock_w3,intermittent_80s80m15r,closest,100,itae,pibt,rhcr_pbs,30,30,42711.13445,25702.01466,17009.119789999997,20.891709925552433,1.7784301793338644e-26,1.0,8.968369332926487e-25,True
aux_SDw3_inenv,warehouse_single_dock_w3,intermittent_80s80m15r,closest,100,itae,pibt,token_passing,30,30,42711.13445,26628.32055999999,16082.813890000009,6.303943751240898,5.283890330967278e-07,0.7711111111111111,2.683760124937337e-06,True
aux_SDw3_inenv,warehouse_single_dock_w3,intermittent_80s80m15r,closest,100,itae,rhcr_pbs,token_passing,30,30,25702.01466,26628.32055999999,-926.3058999999885,-0.35610867730172585,0.7240115801254537,-0.02,0.8318180237080071,False
aux_SDw3_inenv,warehouse_single_dock_w3,intermittent_80s80m15r,closest,100,rapidity,pibt,rhcr_pbs,17,27,1.8235294117647058,0.0,1.8235294117647058,1.0000000000000002,0.3321949846529791,0.058823529411764705,0.49003774157567986,False
aux_SDw3_inenv,warehouse_single_dock_w3,intermittent_80s80m15r,closest,100,rapidity,pibt,token_passing,17,11,1.8235294117647058,0.0,1.8235294117647058,1.0000000000000002,0.3321949846529791,0.058823529411764705,0.49003774157567986,False
aux_SDw3_inenv,warehouse_single_dock_w3,wear_high,closest,100,attack_rate,pibt,rhcr_pbs,30,30,0.9316666666666668,0.8386666666666668,0.09299999999999997,3.2904979841837934,0.0023564921081365704,0.62,0.006860550219976984,True
aux_SDw3_inenv,warehouse_single_dock_w3,wear_high,closest,100,attack_rate,pibt,token_passing,30,30,0.9316666666666668,0.7546666666666667,0.17700000000000005,7.876277109792601,2.1951061762564165e-09,0.8611111111111112,1.526842325553724e-08,True
aux_SDw3_inenv,warehouse_single_dock_w3,wear_high,closest,100,attack_rate,rhcr_pbs,token_passing,30,30,0.8386666666666668,0.7546666666666667,0.08400000000000007,2.4385819284380084,0.01802329441298184,0.45555555555555555,0.04335415964417437,True
aux_SDw3_inenv,warehouse_single_dock_w3,wear_high,closest,100,critical_time,pibt,rhcr_pbs,30,30,0.5953766666666668,0.3598066666666668,0.23557,34.23035750883692,3.254944762133438e-32,1.0,2.872488752582759e-30,True
aux_SDw3_inenv,warehouse_single_dock_w3,wear_high,closest,100,critical_time,pibt,token_passing,30,30,0.5953766666666668,0.3874466666666666,0.20793000000000017,7.705271156532326,1.4390614404130446e-08,0.9988888888888889,8.75842566320353e-08,True
aux_SDw3_inenv,warehouse_single_dock_w3,wear_high,closest,100,critical_time,rhcr_pbs,token_passing,30,30,0.3598066666666668,0.3874466666666666,-0.02763999999999983,-1.0041457697779002,0.322820814274675,-0.03888888888888889,0.48984647544979576,False
aux_SDw3_inenv,warehouse_single_dock_w3,wear_high,closest,100,fault_tolerance,pibt,rhcr_pbs,30,30,0.21853333333333336,0.23201666666666665,-0.013483333333333292,-1.472891546043163,0.1463714027413331,-0.2311111111111111,0.266679252478403,False
aux_SDw3_inenv,warehouse_single_dock_w3,wear_high,closest,100,fault_tolerance,pibt,token_passing,30,30,0.21853333333333336,0.3873533333333334,-0.16882000000000003,-3.9434432111189777,0.0004440075714739385,-0.6433333333333333,0.0015403899039832952,True
aux_SDw3_inenv,warehouse_single_dock_w3,wear_high,closest,100,fault_tolerance,rhcr_pbs,token_passing,30,30,0.23201666666666665,0.3873533333333334,-0.15533666666666673,-3.6132201990944552,0.0010701671166149507,-0.5133333333333333,0.0033283611644500228,True
aux_SDw3_inenv,warehouse_single_dock_w3,wear_high,closest,100,itae,pibt,rhcr_pbs,30,30,73548.79603333333,45643.880350000014,27904.915683333318,20.192217340257933,9.92051318805554e-26,1.0,4.5186337488820715e-24,True
aux_SDw3_inenv,warehouse_single_dock_w3,wear_high,closest,100,itae,pibt,token_passing,30,30,73548.79603333333,41329.60055333333,32219.195480000002,8.639913566862365,8.134274907484945e-10,0.9955555555555555,6.1750517039616895e-09,True
aux_SDw3_inenv,warehouse_single_dock_w3,wear_high,closest,100,itae,rhcr_pbs,token_passing,30,30,45643.880350000014,41329.60055333333,4314.279796666684,1.1266647867325488,0.2676058908578462,-0.015555555555555555,0.4298115608910076,False
aux_SDw3_inenv,warehouse_single_dock_w3,wear_high,closest,100,rapidity,pibt,rhcr_pbs,6,21,0.0,0.14285714285714285,-0.14285714285714285,-0.9999999999999998,0.32925657717170925,-0.047619047619047616,0.4898949283102776,False
aux_SDw3_inenv,warehouse_single_dock_w3,wear_high,closest,100,rapidity,pibt,token_passing,6,8,0.0,0.75,-0.75,-1.0,0.3506166628202074,-0.125,0.5098565683853068,False
aux_SDw3_inenv,warehouse_single_dock_w3,wear_high,closest,100,rapidity,rhcr_pbs,token_passing,21,8,0.14285714285714285,0.75,-0.6071428571428572,-0.7952264585324796,0.45086871234792586,-0.08333333333333333,0.6034375562419633,False
aux_SDw3_inenv,warehouse_single_dock_w3,wear_medium,closest,100,attack_rate,pibt,rhcr_pbs,30,30,0.5566666666666668,0.48266666666666663,0.07400000000000012,4.534945468442792,4.284053407461814e-05,0.62,0.00017752553686411712,True
aux_SDw3_inenv,warehouse_single_dock_w3,wear_medium,closest,100,attack_rate,pibt,token_passing,30,30,0.5566666666666668,0.2323333333333334,0.32433333333333336,16.557923709783594,2.2147183294043504e-19,1.0,5.685785965670805e-18,True
aux_SDw3_inenv,warehouse_single_dock_w3,wear_medium,closest,100,attack_rate,rhcr_pbs,token_passing,30,30,0.48266666666666663,0.2323333333333334,0.25033333333333324,10.890054045593459,2.2582501182488017e-15,0.9411111111111111,3.936603909836183e-14,True
aux_SDw3_inenv,warehouse_single_dock_w3,wear_medium,closest,100,critical_time,pibt,rhcr_pbs,30,30,0.33136666666666675,0.16202000000000003,0.16934666666666673,20.386352939261965,6.136709020339309e-26,1.0,2.9879424609376224e-24,True
aux_SDw3_inenv,warehouse_single_dock_w3,wear_medium,closest,100,critical_time,pibt,token_passing,30,30,0.33136666666666675,0.26931666666666665,0.062050000000000105,2.974024843234981,0.0055578942896877,0.14222222222222222,0.01494808902293149,True
aux_SDw3_inenv,warehouse_single_dock_w3,wear_medium,closest,100,critical_time,rhcr_pbs,token_passing,30,30,0.16202000000000003,0.26931666666666665,-0.10729666666666662,-4.989200541760296,1.5889592279311146e-05,-0.5188888888888888,7.011282593246043e-05,True
aux_SDw3_inenv,warehouse_single_dock_w3,wear_medium,closest,100,fault_tolerance,pibt,rhcr_pbs,30,30,0.7176899999999998,0.7343366666666665,-0.0166466666666667,-0.6025489233399833,0.5505522993837343,-0.08444444444444445,0.695330811028473,False
aux_SDw3_inenv,warehouse_single_dock_w3,wear_medium,closest,100,fault_tolerance,pibt,token_passing,30,30,0.7176899999999998,0.82426,-0.10657000000000016,-1.652354125507041,0.10881117190010577,0.07555555555555556,0.20650722408998567,False
aux_SDw3_inenv,warehouse_single_dock_w3,wear_medium,closest,100,fault_tolerance,rhcr_pbs,token_passing,30,30,0.7343366666666665,0.82426,-0.08992333333333347,-1.3048361710641965,0.1997195944933628,0.06,0.3397639366561786,False
aux_SDw3_inenv,warehouse_single_dock_w3,wear_medium,closest,100,itae,pibt,rhcr_pbs,30,30,45205.33229333333,27703.63123666666,17501.701056666672,9.44876107972202,2.8401154944163603e-13,0.9311111111111111,3.64567552555991e-12,True
aux_SDw3_inenv,warehouse_single_dock_w3,wear_medium,closest,100,itae,pibt,token_passing,30,30,45205.33229333333,27580.94889,17624.383403333333,5.897518285077644,4.814265439875712e-07,0.6711111111111111,2.471906473128911e-06,True
aux_SDw3_inenv,warehouse_single_dock_w3,wear_medium,closest,100,itae,rhcr_pbs,token_passing,30,30,27703.63123666666,27580.94889,122.68234666666103,0.04209008330863219,0.9666318362803252,-0.04666666666666667,1.0,False
aux_SDw3_inenv,warehouse_single_dock_w3,wear_medium,closest,100,rapidity,pibt,rhcr_pbs,6,16,0.0,0.0625,-0.0625,-1.0,0.3331701359154764,-0.0625,0.49003774157567986,False
aux_SDw3_inenv,warehouse_single_dock_w3,wear_medium,closest,100,rapidity,rhcr_pbs,token_passing,16,7,0.0625,0.0,0.0625,1.0,0.3331701359154764,0.0625,0.49003774157567986,False
aux_SDw3_inenv,warehouse_single_dock_w3,zone_50t,closest,100,attack_rate,pibt,rhcr_pbs,30,30,0.24666666666666662,0.24866666666666665,-0.0020000000000000295,-0.05872745346402798,0.9533728926150582,0.008888888888888889,1.0,False
aux_SDw3_inenv,warehouse_single_dock_w3,zone_50t,closest,100,attack_rate,pibt,token_passing,30,30,0.24666666666666662,0.23099999999999998,0.015666666666666634,0.5027771788219005,0.617037168003731,0.11444444444444445,0.757614331496755,False
aux_SDw3_inenv,warehouse_single_dock_w3,zone_50t,closest,100,attack_rate,rhcr_pbs,token_passing,30,30,0.24866666666666665,0.23099999999999998,0.017666666666666664,0.5372318350643751,0.593225134113488,0.07777777777777778,0.7321974557414729,False
aux_SDw3_inenv,warehouse_single_dock_w3,zone_50t,closest,100,cascade_depth_avg,pibt,rhcr_pbs,30,30,0.06833333333333334,0.032,0.03633333333333334,2.92873438968873,0.004894939328044075,0.4166666666666667,0.013317253046624728,True
aux_SDw3_inenv,warehouse_single_dock_w3,zone_50t,closest,100,cascade_depth_avg,pibt,token_passing,30,30,0.06833333333333334,0.037666666666666675,0.03066666666666667,2.4144311926694617,0.018968178762752464,0.36666666666666664,0.04531822066498558,True
aux_SDw3_inenv,warehouse_single_dock_w3,zone_50t,closest,100,cascade_depth_avg,rhcr_pbs,token_passing,30,30,0.032,0.037666666666666675,-0.005666666666666674,-0.4828682790719716,0.6310121861085245,-0.07222222222222222,0.7680941437803763,False
aux_SDw3_inenv,warehouse_single_dock_w3,zone_50t,closest,100,critical_time,pibt,rhcr_pbs,30,30,0.25303,0.11704333333333333,0.13598666666666664,11.433408791288112,5.4286948115425076e-14,0.9333333333333333,7.300301975140972e-13,True
aux_SDw3_inenv,warehouse_single_dock_w3,zone_50t,closest,100,critical_time,pibt,token_passing,30,30,0.25303,0.2103933333333333,0.042636666666666684,3.2013131505991903,0.002825960774899879,0.43222222222222223,0.00807744253878265,True
aux_SDw3_inenv,warehouse_single_dock_w3,zone_50t,closest,100,critical_time,rhcr_pbs,token_passing,30,30,0.11704333333333333,0.2103933333333333,-0.09334999999999996,-5.60984531566518,6.194284609106807e-07,-0.7866666666666666,3.1348852573687495e-06,True
aux_SDw3_inenv,warehouse_single_dock_w3,zone_50t,closest,100,fault_tolerance,pibt,rhcr_pbs,30,30,0.9553533333333333,0.9604066666666667,-0.005053333333333465,-0.12585555272737353,0.900677915187714,-0.06555555555555556,0.9722914497286331,False
aux_SDw3_inenv,warehouse_single_dock_w3,zone_50t,closest,100,fault_tolerance,pibt,token_passing,30,30,0.9553533333333333,1.0680533333333335,-0.11270000000000024,-1.3702978889660458,0.18100154240392238,-0.09444444444444444,0.3155236763880721,False
aux_SDw3_inenv,warehouse_single_dock_w3,zone_50t,closest,100,fault_tolerance,rhcr_pbs,token_passing,30,30,0.9604066666666667,1.0680533333333335,-0.10764666666666678,-1.1811370357734252,0.24421171487205726,-0.044444444444444446,0.398643862889416,False
aux_SDw3_inenv,warehouse_single_dock_w3,zone_50t,closest,100,itae,pibt,rhcr_pbs,30,30,39249.18333333333,26856.851430000006,12392.331903333321,14.192025820821817,7.243023345292709e-19,0.9844444444444445,1.7334150785683566e-17,True
aux_SDw3_inenv,warehouse_single_dock_w3,zone_50t,closest,100,itae,pibt,token_passing,30,30,39249.18333333333,22712.816113333338,16536.36721999999,7.809875858081779,6.7840806710790185e-09,0.9466666666666667,4.476225190450268e-08,True
aux_SDw3_inenv,warehouse_single_dock_w3,zone_50t,closest,100,itae,rhcr_pbs,token_passing,30,30,26856.851430000006,22712.816113333338,4144.035316666668,1.8868498975719865,0.06718432515812892,0.08666666666666667,0.13965867867225254,False
aux_SDw3_inenv,warehouse_single_dock_w3,zone_50t,closest,100,rapidity,pibt,rhcr_pbs,14,9,17.428571428571427,26.444444444444443,-9.015873015873016,-0.6950841894350472,0.49697252632520333,-0.1111111111111111,0.6485445537626499,False
aux_SDw3_inenv,warehouse_single_dock_w3,zone_50t,closest,100,rapidity,pibt,token_passing,14,15,17.428571428571427,15.866666666666667,1.56190476190476,0.15029130709811434,0.8816680005370604,0.047619047619047616,0.9605827289801924,False
aux_SDw3_inenv,warehouse_single_dock_w3,zone_50t,closest,100,rapidity,rhcr_pbs,token_passing,9,15,26.444444444444443,15.866666666666667,10.577777777777776,0.83817125579243,0.4150131765134394,0.17037037037037037,0.5699836289627561,False
aux_SDw3_outenv,warehouse_single_dock_w3,burst_20pct,closest,151,attack_rate,pibt,rhcr_pbs,30,30,0.19869999999999993,0.19869999999999993,0.0,0.0,1.0,0.0,1.0,False
aux_SDw3_outenv,warehouse_single_dock_w3,burst_20pct,closest,151,critical_time,pibt,rhcr_pbs,30,30,0.4059966666666667,0.22834999999999997,0.1776466666666667,4.9959019964178335,1.2286001083088757e-05,0.5188888888888888,5.524787748191504e-05,True
aux_SDw3_outenv,warehouse_single_dock_w3,burst_20pct,closest,151,fault_tolerance,pibt,rhcr_pbs,30,28,0.57862,1.0179357142857144,-0.43931571428571436,-1.2969270401693451,0.20553879100110742,0.4,0.34673927466375587,False
aux_SDw3_outenv,warehouse_single_dock_w3,burst_20pct,closest,151,itae,pibt,rhcr_pbs,30,30,48635.64214999999,20837.20738333333,27798.43476666666,8.626887914356745,8.202695920581031e-10,1.0,6.1936933902996875e-09,True
aux_SDw3_outenv,warehouse_single_dock_w3,burst_20pct,closest,151,rapidity,pibt,rhcr_pbs,18,13,43.611111111111114,44.92307692307692,-1.3119658119658055,-0.048843361975403066,0.9616102012132247,0.09401709401709402,1.0,False
aux_SDw3_outenv,warehouse_single_dock_w3,burst_50pct,closest,151,attack_rate,pibt,rhcr_pbs,30,30,0.5032999999999999,0.5032999999999999,0.0,0.0,1.0,0.0,1.0,False
aux_SDw3_outenv,warehouse_single_dock_w3,burst_50pct,closest,151,critical_time,pibt,rhcr_pbs,30,30,0.61347,0.24339333333333332,0.3700766666666666,10.320634593563017,5.241034850110624e-12,1.0,5.401708911208906e-11,True
aux_SDw3_outenv,warehouse_single_dock_w3,burst_50pct,closest,151,fault_tolerance,pibt,rhcr_pbs,30,28,0.2582666666666666,1.5481678571428572,-1.2899011904761906,-1.7391392636960659,0.0933956009767154,0.18571428571428572,0.18239915432796974,False
aux_SDw3_outenv,warehouse_single_dock_w3,burst_50pct,closest,151,itae,pibt,rhcr_pbs,30,30,56465.608046666675,20367.7528,36097.85524666667,11.364123780997664,9.525260825565725e-13,1.0,1.1594541625602416e-11,True
aux_SDw3_outenv,warehouse_single_dock_w3,intermittent_80s80m15r,closest,151,attack_rate,pibt,rhcr_pbs,30,30,0.9993399999999999,0.99912,0.00021999999999988695,0.39592519085882033,0.6936353438673036,0.03333333333333333,0.8161130209175671,False
aux_SDw3_outenv,warehouse_single_dock_w3,intermittent_80s80m15r,closest,151,cascade_depth_avg,pibt,rhcr_pbs,30,30,0.3403333333333333,0.452,-0.11166666666666669,-4.473968106672461,7.031678839963794e-05,-0.6744444444444444,0.00028126715359855177,True
aux_SDw3_outenv,warehouse_single_dock_w3,intermittent_80s80m15r,closest,151,critical_time,pibt,rhcr_pbs,30,30,0.3433366666666667,0.17179999999999998,0.1715366666666667,6.401843275899429,4.7023987386833505e-07,0.6822222222222222,2.4232799339492305e-06,True
aux_SDw3_outenv,warehouse_single_dock_w3,intermittent_80s80m15r,closest,151,fault_tolerance,pibt,rhcr_pbs,30,28,0.66578,1.0534785714285715,-0.38769857142857145,-0.821338950808785,0.4186458253066646,0.21904761904761905,0.572243858018403,False
aux_SDw3_outenv,warehouse_single_dock_w3,intermittent_80s80m15r,closest,151,itae,pibt,rhcr_pbs,30,30,49144.48468666668,19275.719946666664,29868.764740000013,10.17714536718239,2.7282107244654292e-11,1.0,2.5343641729902543e-10,True
aux_SDw3_outenv,warehouse_single_dock_w3,wear_high,closest,151,attack_rate,pibt,rhcr_pbs,30,30,0.9247133333333333,0.6132466666666667,0.31146666666666656,5.097325657124461,1.8337806533201534e-05,0.7633333333333333,8.041299013938063e-05,True
aux_SDw3_outenv,warehouse_single_dock_w3,wear_high,closest,151,critical_time,pibt,rhcr_pbs,30,30,0.6937866666666667,0.24066333333333337,0.4531233333333333,13.612824588770263,2.1762142705510417e-14,1.0,3.167850051565021e-13,True
aux_SDw3_outenv,warehouse_single_dock_w3,wear_high,closest,151,fault_tolerance,pibt,rhcr_pbs,30,30,0.22022999999999998,0.9536966666666665,-0.7334666666666665,-3.1579814360895355,0.003690832615619877,-0.49777777777777776,0.010258770970974933,True
aux_SDw3_outenv,warehouse_single_dock_w3,wear_high,closest,151,itae,pibt,rhcr_pbs,30,30,88444.06527999998,29350.44171333333,59093.62356666665,13.730392020255222,1.1689778563126075e-14,1.0,1.813842563860881e-13,True
aux_SDw3_outenv,warehouse_single_dock_w3,wear_medium,closest,151,attack_rate,pibt,rhcr_pbs,30,30,0.5501066666666666,0.16600333333333334,0.3841033333333333,12.15608681135397,8.102569098206774e-14,0.9777777777777777,1.0692362211839218e-12,True
aux_SDw3_outenv,warehouse_single_dock_w3,wear_medium,closest,151,critical_time,pibt,rhcr_pbs,30,25,0.33757333333333334,0.189632,0.14794133333333334,5.1894614899536124,2.308903001791249e-05,0.676,9.909334463614722e-05,True
aux_SDw3_outenv,warehouse_single_dock_w3,wear_medium,closest,151,fault_tolerance,pibt,rhcr_pbs,30,29,0.7094133333333332,0.8790000000000001,-0.16958666666666689,-1.2101249176212892,0.23630898605887668,-0.022988505747126436,0.38798638176178357,False
aux_SDw3_outenv,warehouse_single_dock_w3,wear_medium,closest,151,itae,pibt,rhcr_pbs,30,25,55201.75825333332,26665.019439999996,28536.738813333322,7.626681215359866,1.1945416106511151e-08,0.912,7.397775237891994e-08,True
aux_SDw3_outenv,warehouse_single_dock_w3,zone_50t,closest,151,attack_rate,pibt,rhcr_pbs,30,30,0.25077,0.23223333333333335,0.018536666666666646,0.40523442766797607,0.6872066113277221,0.2311111111111111,0.8113175043434311,False
aux_SDw3_outenv,warehouse_single_dock_w3,zone_50t,closest,151,cascade_depth_avg,pibt,rhcr_pbs,30,30,0.11733333333333335,0.016,0.10133333333333334,6.247161517603577,1.1773549671097361e-07,0.7,6.519314562976264e-07,True
aux_SDw3_outenv,warehouse_single_dock_w3,zone_50t,closest,151,critical_time,pibt,rhcr_pbs,30,30,0.23957333333333333,0.10623666666666667,0.13333666666666666,6.262213950525396,4.4051761077911873e-07,0.7088888888888889,2.2868046559563077e-06,True
aux_SDw3_outenv,warehouse_single_dock_w3,zone_50t,closest,151,fault_tolerance,pibt,rhcr_pbs,30,28,0.9475,1.522592857142857,-0.5750928571428571,-1.3874894867915903,0.1766356061479257,0.009523809523809525,0.310446487962653,False
aux_SDw3_outenv,warehouse_single_dock_w3,zone_50t,closest,151,itae,pibt,rhcr_pbs,30,30,49105.688050000004,17094.431586666666,32011.25646333334,11.912188769623798,1.9701774256993607e-13,1.0,2.5521931422821077e-12,True
aux_SDw3_outenv,warehouse_single_dock_w3,zone_50t,closest,151,rapidity,pibt,rhcr_pbs,12,8,20.5,43.0,-22.5,-1.3582423754397916,0.19881384717487963,-0.25,0.33945000267343417,False
